round,workload,chunk,batch,stage,method,m,n,k,wmma_per_matrix,padding_fraction,median_us,min_us,max_us,ns_per_token
0,tokens_8192,32,256,gram,wmma_w1,32,32,128,32,0,15.468480587005615,15.466560125350952,15.492479801177979,1.888242259155959
0,tokens_786432,32,24576,state_update,wmma_w1,128,128,32,128,0,958.9615631103516,958.9068603515625,959.0045166015625,1.219382684212178
0,tokens_8192,64,128,local_mix,wmma_w1,64,128,64,128,0,30.591681003570557,30.57663917541504,30.59231996536255,3.7343360600061715
0,tokens_8192,64,128,gram,wmma_w8,64,64,128,128,0,9.063680171966553,9.053120017051697,9.071360230445862,1.1064062709920108
0,tokens_8192,64,128,projection,wmma_w8,64,128,128,256,0,15.515199899673462,15.502079725265503,15.520000457763672,1.8939453002531081
0,tokens_8192,64,128,state_update,wmma_w1,128,128,64,256,0,48.733439445495605,48.725762367248535,48.73663902282715,5.948906182311475
0,tokens_786432,16,49152,gram,wmma_w4,16,16,128,8,0,331.8832015991211,331.8483352661133,332.00000762939453,0.422011313882346
0,tokens_8192,32,256,state_update,wmma_w1,128,128,32,128,0,26.93376064300537,26.92608118057251,26.93887948989868,3.2878125784918666
0,tokens_8192,64,128,local_mix,wmma_w4,64,128,64,128,0,11.067839860916138,11.06495976448059,11.089279651641846,1.3510546705219895
0,tokens_8192,16,512,state_update,wmma_w8,128,128,16,64,0,14.240319728851318,14.229439496994019,14.243520498275757,1.7383202794007957
0,tokens_786432,64,12288,state_update,wmma_w4,128,128,64,256,0,937.8153228759766,937.7382659912109,938.1033325195312,1.192493849278738
0,tokens_8192,32,256,projection,wmma_w1,32,128,128,128,0,43.68800163269043,43.61567974090576,43.7007999420166,5.333008011803031
0,single,32,1,state_update,wmma_w1,128,128,32,128,0,23.925440311431885,23.90496015548706,23.93280029296875,747.6700097322464
0,single,16,1,projection,wmma_w4,16,128,128,64,0,12.22048044204712,12.214080095291138,12.247040271759033,763.780027627945
0,single,64,1,local_mix,wmma_w4,64,128,64,128,0,10.900800228118896,10.886399745941162,10.909440517425537,170.32500356435776
0,tokens_8192,16,512,state_update,wmma_w4,128,128,16,64,0,16.914559602737427,16.906559467315674,16.92639946937561,2.0647655765060335
0,single,32,1,local_mix,wmma_w4,32,128,32,32,0,5.277119874954224,5.261440277099609,5.278720259666443,164.9099960923195
0,tokens_786432,32,24576,local_mix,wmma_w8,32,128,32,32,0,344.2057418823242,344.14302825927734,344.27295684814453,0.43768023412364226
0,tokens_8192,32,256,state_update,wmma_w4,128,128,32,128,0,13.531520366668701,13.526079654693604,13.544000387191772,1.651796919759363
0,tokens_786432,32,24576,state_update,wmma_w8,128,128,32,128,0,905.025634765625,904.9561309814453,905.2275085449219,1.1507996047536533
0,single,32,1,projection,wmma_w4,32,128,128,128,0,13.20255994796753,13.193919658660889,13.215680122375488,412.5799983739853
0,tokens_8192,32,256,projection,wmma_w8,32,128,128,128,0,16.681920289993286,16.67520046234131,16.68768048286438,2.036367222899571
0,tokens_8192,16,512,local_mix,wmma_w8,16,128,16,8,0,3.9423999190330505,3.9372798800468445,3.9481601119041443,0.4812499901163392
0,single,32,1,gram,wmma_w4,32,32,128,32,0,4.946559965610504,4.9270400404930115,4.951040148735046,154.57999892532825
0,tokens_786432,16,49152,state_update,wmma_w8,128,128,16,64,0,1020.9388732910156,1020.8310699462891,1020.968017578125,1.2981909094378352
0,tokens_786432,64,12288,gram,wmma_w4,64,64,128,128,0,525.7129669189453,525.623664855957,525.8003234863281,0.6684786058031023
0,tokens_786432,16,49152,state_update,wmma_w4,128,128,16,64,0,995.6153869628906,995.5216217041016,995.7619476318359,1.265990431420505
0,tokens_786432,32,24576,projection,wmma_w1,32,128,128,128,0,3106.9650268554688,3106.1569213867188,3107.7590942382812,3.9507103307793536
0,single,32,1,local_mix,wmma_w8,32,128,32,32,0,5.797439813613892,5.7865601778030396,5.804799795150757,181.1699941754341
0,tokens_8192,16,512,projection,wmma_w1,16,128,128,64,0,38.87775897979736,38.78943920135498,38.90336036682129,4.745820187963545
0,single,16,1,gram,wmma_w4,16,16,128,8,0,6.828479766845703,6.822720170021057,6.836479902267456,426.77998542785645
0,single,16,1,gram,wmma_w8,16,16,128,8,0,4.171839952468872,4.169279932975769,4.173440039157867,260.7399970293045
0,tokens_786432,32,24576,local_mix,wmma_w1,32,128,32,32,0,313.5945510864258,313.4832000732422,313.66559982299805,0.39875609218142927
0,tokens_786432,32,24576,state_update,wmma_w4,128,128,32,128,0,852.1027374267578,852.0841979980469,852.1676635742188,1.0835046608311434
0,single,16,1,local_mix,wmma_w8,16,128,16,8,0,2.8112000226974487,2.799679934978485,2.8297600150108337,175.70000141859055
0,tokens_8192,16,512,local_mix,wmma_w4,16,128,16,8,0,5.563840270042419,5.554879903793335,5.565440058708191,0.6791797204641625
0,tokens_786432,64,12288,gram,wmma_w1,64,64,128,128,0,1183.6729431152344,1183.421401977539,1183.8925170898438,1.5051179798319936
0,tokens_8192,32,256,state_update,wmma_w8,128,128,32,128,0,15.861760377883911,15.85536003112793,15.868480205535889,1.9362500461284071
0,tokens_786432,64,12288,projection,wmma_w8,64,128,128,256,0,916.3897705078125,916.3468933105469,916.4406585693359,1.1652498506009579
0,tokens_786432,16,49152,local_mix,wmma_w4,16,128,16,8,0,246.37535095214844,246.34111404418945,246.4396858215332,0.3132824591981868
0,tokens_8192,16,512,state_update,wmma_w1,128,128,16,64,0,18.833279609680176,18.824959993362427,18.85215997695923,2.298984327353537
0,tokens_8192,16,512,gram,wmma_w8,16,16,128,8,0,4.7385600209236145,4.735679924488068,4.7465598583221436,0.5784375025541522
0,tokens_786432,64,12288,projection,wmma_w4,64,128,128,256,0,1016.9920349121094,1016.8208312988281,1017.0636749267578,1.293172244913876
0,tokens_786432,16,49152,projection,wmma_w1,16,128,128,64,0,4104.030456542969,4103.931884765625,4104.0997314453125,5.218544586872061
0,tokens_786432,32,24576,projection,wmma_w4,32,128,128,128,0,1160.0064086914062,1159.8236846923828,1160.5980682373047,1.4750244251141946
0,tokens_786432,16,49152,projection,wmma_w4,16,128,128,64,0,1684.5053100585938,1684.4583129882812,1684.552001953125,2.1419592667371035
0,tokens_786432,32,24576,gram,wmma_w8,32,32,128,32,0,412.92640686035156,412.8518295288086,412.98622131347656,0.5250630783848464
0,single,16,1,local_mix,wmma_w4,16,128,16,8,0,4.478720128536224,4.476479887962341,4.496639966964722,279.920008033514
0,tokens_786432,32,24576,projection,wmma_w8,32,128,128,128,0,1046.9852447509766,1046.8470764160156,1047.2560119628906,1.3313105834337573
0,tokens_8192,16,512,projection,wmma_w4,16,128,128,64,0,19.358400106430054,19.355839490890503,19.381760358810425,2.36308595049195
0,tokens_786432,16,49152,gram,wmma_w1,16,16,128,8,0,234.37376022338867,234.35487747192383,234.3881607055664,0.29802164741947007
0,single,32,1,projection,wmma_w8,32,128,128,128,0,11.617599725723267,11.613759994506836,11.619199514389038,363.0499914288521
0,tokens_786432,16,49152,gram,wmma_w8,16,16,128,8,0,347.1887969970703,347.1459197998047,347.2431945800781,0.44147338485345244
0,single,64,1,state_update,wmma_w4,128,128,64,256,0,17.619839906692505,17.59999990463257,17.625279426574707,275.3099985420704
0,tokens_8192,32,256,local_mix,wmma_w4,32,128,32,32,0,6.4665597677230835,6.456639766693115,6.469759941101074,0.7893749716458842
0,tokens_8192,32,256,gram,wmma_w8,32,32,128,32,0,8.574079871177673,8.559039831161499,8.578879833221436,1.0466406092746183
0,tokens_8192,64,128,gram,wmma_w4,64,64,128,128,0,11.975680589675903,11.963200569152832,11.976319551467896,1.4618750719819218
0,tokens_8192,32,256,projection,wmma_w4,32,128,128,128,0,18.176000118255615,18.17312002182007,18.17855954170227,2.2187500144355
0,single,64,1,projection,wmma_w8,64,128,128,256,0,15.395200252532959,15.386879444122314,15.41375994682312,240.55000394582748
0,tokens_8192,16,512,gram,wmma_w1,16,16,128,8,0,7.715200185775757,7.712960243225098,7.720320224761963,0.9417968976777047
0,single,16,1,local_mix,wmma_w1,16,128,16,8,0,6.035199761390686,6.0335999727249146,6.04960024356842,377.1999850869179
0,single,16,1,projection,wmma_w8,16,128,128,64,0,7.995200157165527,7.985919713973999,7.99776017665863,499.70000982284546
0,tokens_8192,32,256,local_mix,wmma_w1,32,128,32,32,0,11.98848009109497,11.975359916687012,11.994240283966064,1.4634375111199915
0,tokens_786432,16,49152,state_update,wmma_w1,128,128,16,64,0,977.0905303955078,976.9942474365234,977.2166442871094,1.2424348581892748
0,single,64,1,projection,wmma_w1,64,128,128,256,0,56.46207809448242,56.45631790161133,56.47295951843262,882.2199702262878
0,single,32,1,gram,wmma_w1,32,32,128,32,0,14.75167989730835,14.738880395889282,14.752960205078125,460.9899967908859
0,tokens_786432,16,49152,projection,wmma_w8,16,128,128,64,0,1398.5769653320312,1398.5356140136719,1398.5945129394531,1.7783825751394033
0,tokens_8192,32,256,local_mix,wmma_w8,32,128,32,32,0,6.909120082855225,6.907520294189453,6.918720006942749,0.8433984476141632
0,tokens_786432,64,12288,local_mix,wmma_w8,64,128,64,128,0,490.39745330810547,490.38047790527344,490.5299377441406,0.6235726080679646
0,single,16,1,state_update,wmma_w4,128,128,16,64,0,9.303039908409119,9.286720156669617,9.308159947395325,581.4399942755699
0,single,16,1,state_update,wmma_w1,128,128,16,64,0,13.17471981048584,13.171839714050293,13.181760311126709,823.419988155365
0,tokens_786432,32,24576,gram,wmma_w4,32,32,128,32,0,249.6976089477539,249.6553611755371,249.80255126953125,0.3175069286953658
0,single,64,1,projection,wmma_w4,64,128,128,256,0,19.856640100479126,19.85152006149292,19.868160486221313,310.26000156998634
0,single,64,1,gram,wmma_w8,64,64,128,128,0,8.984959721565247,8.983039855957031,8.986240029335022,140.38999564945698
0,tokens_786432,64,12288,projection,wmma_w1,64,128,128,256,0,2609.1238403320312,2609.0301513671875,2609.4332885742188,3.3176725264638662
0,tokens_8192,64,128,local_mix,wmma_w8,64,128,64,128,0,10.73632001876831,10.720959901809692,10.745919942855835,1.3105859397910535
0,single,64,1,state_update,wmma_w1,128,128,64,256,0,48.517441749572754,48.5100793838501,48.53343963623047,758.0850273370743
0,tokens_8192,64,128,state_update,wmma_w4,128,128,64,256,0,17.840960025787354,17.82431960105896,17.849600315093994,2.1778515656478703
0,single,16,1,state_update,wmma_w8,128,128,16,64,0,6.382079720497131,6.377599835395813,6.383360028266907,398.8799825310707
0,single,32,1,projection,wmma_w1,32,128,128,128,0,39.61600065231323,39.60896015167236,39.62239980697632,1238.0000203847885
0,tokens_786432,64,12288,state_update,wmma_w1,128,128,64,256,0,1632.7938842773438,1632.7510070800781,1632.9763793945312,2.0762047885606685
0,tokens_8192,16,512,local_mix,wmma_w1,16,128,16,8,0,6.92799985408783,6.914240121841431,6.930239796638489,0.8457031071884558
0,single,32,1,state_update,wmma_w8,128,128,32,128,0,11.334079504013062,11.325440406799316,11.33631944656372,354.1899845004082
0,tokens_8192,32,256,gram,wmma_w4,32,32,128,32,0,5.99295973777771,5.99232017993927,5.996159911155701,0.7315624679904431
0,tokens_786432,32,24576,local_mix,wmma_w4,32,128,32,32,0,255.19935607910156,255.19615173339844,255.30303955078125,0.32450276194140315
0,tokens_786432,64,12288,state_update,wmma_w8,128,128,64,256,0,927.6092529296875,927.5766754150391,927.6582336425781,1.179516160239776
0,single,32,1,state_update,wmma_w4,128,128,32,128,0,9.187520146369934,9.183359742164612,9.202880263328552,287.11000457406044
0,tokens_8192,64,128,projection,wmma_w1,64,128,128,256,0,56.815361976623535,56.808319091796875,56.83487892150879,6.935468991287053
0,single,16,1,projection,wmma_w1,16,128,128,64,0,32.797439098358154,32.79360055923462,32.800960540771484,2049.8399436473846
0,single,64,1,state_update,wmma_w8,128,128,64,256,0,14.65824007987976,14.656959772109985,14.67136025428772,229.03500124812126
0,single,16,1,gram,wmma_w1,16,16,128,8,0,7.112640142440796,7.101119756698608,7.1139198541641235,444.54000890254974
0,tokens_8192,64,128,projection,wmma_w4,64,128,128,256,0,19.989759922027588,19.982399940490723,19.997119903564453,2.4401562404818833
0,tokens_786432,32,24576,gram,wmma_w1,32,32,128,32,0,482.9811096191406,482.80384063720703,483.08704376220703,0.6141422394042214
0,tokens_786432,16,49152,local_mix,wmma_w8,16,128,16,8,0,262.2262382507324,262.19648361206055,262.29408264160156,0.3334379046767329
0,tokens_786432,64,12288,gram,wmma_w8,64,64,128,128,0,482.1859359741211,482.16896057128906,482.2623825073242,0.6131311238277704
0,single,32,1,local_mix,wmma_w1,32,128,32,32,0,11.495039463043213,11.48959994316101,11.504960060119629,359.2199832201004
0,tokens_786432,64,12288,local_mix,wmma_w4,64,128,64,128,0,492.3654556274414,492.3027038574219,492.51487731933594,0.6260750524234027
0,tokens_786432,16,49152,local_mix,wmma_w1,16,128,16,8,0,188.7980842590332,188.66559982299805,188.88479232788086,0.24006917859272411
0,tokens_8192,64,128,state_update,wmma_w8,128,128,64,256,0,14.751360416412354,14.740159511566162,14.761919975280762,1.8007031758315861
0,tokens_8192,64,128,gram,wmma_w1,64,64,128,128,0,35.32448053359985,35.31968116760254,35.335679054260254,4.312070377636701
0,tokens_8192,16,512,gram,wmma_w4,16,16,128,8,0,7.462400197982788,7.445440292358398,7.465280294418335,0.9109375241678208
0,single,32,1,gram,wmma_w8,32,32,128,32,0,7.453439831733704,7.445120215415955,7.464640140533447,232.91999474167824
0,single,64,1,gram,wmma_w1,64,64,128,128,0,34.85599994659424,34.846720695495605,34.86112117767334,544.624999165535
0,single,64,1,local_mix,wmma_w1,64,128,64,128,0,30.19200086593628,30.18847942352295,30.19551992416382,471.75001353025436
0,single,64,1,gram,wmma_w4,64,64,128,128,0,11.850559711456299,11.845760345458984,11.851520538330078,185.16499549150467
0,tokens_8192,16,512,projection,wmma_w8,16,128,128,64,0,15.416959524154663,15.415359735488892,15.429120063781738,1.881953066913411
0,single,64,1,local_mix,wmma_w8,64,128,64,128,0,10.640640258789062,10.6387197971344,10.664960145950317,166.2600040435791
0,tokens_786432,64,12288,local_mix,wmma_w1,64,128,64,128,0,789.9724578857422,789.9040222167969,790.0355529785156,1.0045019250052671
1,tokens_786432,64,12288,state_update,wmma_w8,128,128,64,256,0,927.6214599609375,927.5593566894531,927.6345825195312,1.1795316822826862
1,tokens_8192,16,512,projection,wmma_w8,16,128,128,64,0,15.426559448242188,15.412160158157349,15.43071985244751,1.8831249326467514
1,tokens_786432,32,24576,local_mix,wmma_w1,32,128,32,32,0,313.66783142089844,313.6460876464844,313.7228775024414,0.3988492729452749
1,tokens_786432,64,12288,gram,wmma_w1,64,64,128,128,0,1183.7260437011719,1183.392333984375,1183.8256072998047,1.5051855007186532
1,tokens_786432,16,49152,projection,wmma_w1,16,128,128,64,0,4104.3572998046875,4104.3365478515625,4104.6063232421875,5.218960189570983
1,single,16,1,local_mix,wmma_w4,16,128,16,8,0,4.4784000515937805,4.469760060310364,4.52127993106842,279.9000032246113
1,tokens_786432,32,24576,gram,wmma_w1,32,32,128,32,0,483.23680877685547,483.02528381347656,483.2716751098633,0.6144673776968071
1,tokens_8192,64,128,state_update,wmma_w4,128,128,64,256,0,17.843199968338013,17.83552050590515,17.852799892425537,2.1781249961350113
1,tokens_786432,32,24576,state_update,wmma_w4,128,128,32,128,0,852.14111328125,852.1087646484375,852.2547149658203,1.0835534582535427
1,tokens_8192,64,128,projection,wmma_w1,64,128,128,256,0,56.81824207305908,56.80768013000488,56.83584213256836,6.93582056555897
1,tokens_8192,32,256,local_mix,wmma_w1,32,128,32,32,0,11.983040571212769,11.981760263442993,11.98591947555542,1.4627735072281212
1,tokens_8192,32,256,projection,wmma_w1,32,128,128,128,0,43.669118881225586,43.654398918151855,43.6732816696167,5.330702988430858
1,tokens_786432,16,49152,local_mix,wmma_w4,16,128,16,8,0,246.4246368408203,246.36287689208984,246.43360137939453,0.31334512944643694
1,tokens_786432,64,12288,state_update,wmma_w4,128,128,64,256,0,937.7369689941406,937.7315521240234,937.7625274658203,1.192394217165808
1,tokens_786432,64,12288,projection,wmma_w8,64,128,128,256,0,916.3510131835938,916.2003326416016,916.3859558105469,1.1652005681147177
1,tokens_8192,64,128,gram,wmma_w4,64,64,128,128,0,11.97119951248169,11.962560415267944,11.976319551467896,1.4613280654884875
1,tokens_786432,16,49152,state_update,wmma_w8,128,128,16,64,0,1020.9855651855469,1020.9219360351562,1021.1154937744141,1.298250281251967
1,single,16,1,local_mix,wmma_w8,16,128,16,8,0,2.8012800216674805,2.7977600693702698,2.8070399165153503,175.08000135421753
1,tokens_8192,16,512,projection,wmma_w1,16,128,128,64,0,38.88128042221069,38.82143974304199,38.882880210876465,4.746250051539391
1,tokens_786432,16,49152,gram,wmma_w8,16,16,128,8,0,347.18910217285156,347.1510314941406,347.23487854003906,0.4414737729045252
1,single,32,1,state_update,wmma_w4,128,128,32,128,0,9.182720184326172,9.166399836540222,9.197440147399902,286.96000576019287
1,tokens_8192,32,256,local_mix,wmma_w4,32,128,32,32,0,6.466879844665527,6.458879709243774,6.475520133972168,0.7894140435382724
1,tokens_8192,16,512,gram,wmma_w8,16,16,128,8,0,4.74592000246048,4.744960069656372,4.747520089149475,0.5793359378003515
1,tokens_8192,64,128,state_update,wmma_w8,128,128,64,256,0,14.759680032730103,14.741439819335938,14.764159917831421,1.8017187539953738
1,tokens_8192,16,512,local_mix,wmma_w8,16,128,16,8,0,3.9395201206207275,3.9270401000976562,3.940480053424835,0.4808984522242099
1,single,64,1,projection,wmma_w4,64,128,128,256,0,19.86464023590088,19.858880043029785,19.87071990966797,310.38500368595123
1,single,32,1,projection,wmma_w1,32,128,128,128,0,39.61888074874878,39.60864067077637,39.63551998138428,1238.0900233983994
1,tokens_786432,32,24576,local_mix,wmma_w4,32,128,32,32,0,255.2409553527832,255.11871337890625,255.31488418579102,0.32455565815325826
1,single,32,1,state_update,wmma_w8,128,128,32,128,0,11.329280138015747,11.31775975227356,11.358720064163208,354.0400043129921
1,tokens_8192,16,512,state_update,wmma_w4,128,128,16,64,0,16.932799816131592,16.92479968070984,16.94815993309021,2.066992165055126
1,tokens_786432,32,24576,state_update,wmma_w1,128,128,32,128,0,958.9075469970703,958.8803100585938,959.0700531005859,1.2193139991723
1,tokens_786432,64,12288,gram,wmma_w4,64,64,128,128,0,525.7500839233398,525.6537628173828,525.8528137207031,0.6685258025148263
1,tokens_8192,16,512,projection,wmma_w4,16,128,128,64,0,19.36959981918335,19.359359741210938,19.370559453964233,2.364453102927655
1,tokens_8192,64,128,local_mix,wmma_w1,64,128,64,128,0,30.583360195159912,30.568320751190186,30.590078830718994,3.7333203363232315
1,tokens_786432,32,24576,local_mix,wmma_w8,32,128,32,32,0,344.20894622802734,344.1241455078125,344.2540740966797,0.4376843086599062
1,tokens_786432,32,24576,state_update,wmma_w8,128,128,32,128,0,905.0080108642578,904.9385833740234,905.1398468017578,1.1507771948042016
1,tokens_8192,32,256,projection,wmma_w4,32,128,128,128,0,18.17471981048584,18.159680366516113,18.179839849472046,2.2185937268659472
1,tokens_8192,16,512,state_update,wmma_w1,128,128,16,64,0,18.83679986000061,18.829439878463745,18.851200342178345,2.2994140454102308
1,single,32,1,projection,wmma_w4,32,128,128,128,0,13.202879428863525,13.202240467071533,13.207999467849731,412.58998215198517
1,tokens_8192,32,256,gram,wmma_w8,32,32,128,32,0,8.570560216903687,8.55455994606018,8.572480082511902,1.0462109639775008
1,single,32,1,gram,wmma_w1,32,32,128,32,0,14.740480184555054,14.736640453338623,14.744960069656372,460.64000576734543
1,single,64,1,gram,wmma_w4,64,64,128,128,0,11.85088038444519,11.839040517807007,11.8668794631958,185.1700060069561
1,tokens_786432,16,49152,local_mix,wmma_w1,16,128,16,8,0,188.7596893310547,188.7004852294922,188.8684844970703,0.24002035691713294
1,single,64,1,local_mix,wmma_w4,64,128,64,128,0,10.908479690551758,10.907200574874878,10.925439596176147,170.44499516487122
1,tokens_786432,32,24576,projection,wmma_w1,32,128,128,128,0,3107.0986938476562,3106.5609741210938,3108.32275390625,3.950880297149221
1,single,32,1,local_mix,wmma_w1,32,128,32,32,0,11.492480039596558,11.483520269393921,11.496959924697876,359.1400012373924
1,tokens_8192,64,128,local_mix,wmma_w8,64,128,64,128,0,10.724159479141235,10.721919536590576,10.734720230102539,1.3091014989186078
1,tokens_786432,16,49152,gram,wmma_w1,16,16,128,8,0,234.33536529541016,234.30784225463867,234.38016891479492,0.2979728257438789
1,tokens_8192,32,256,state_update,wmma_w1,128,128,32,128,0,26.92415952682495,26.917760372161865,26.93567991256714,3.286640567239374
1,single,16,1,state_update,wmma_w4,128,128,16,64,0,9.306560158729553,9.290559887886047,9.311040043830872,581.6600099205971
1,single,64,1,projection,wmma_w1,64,128,128,256,0,56.46399974822998,56.45535945892334,56.46687984466553,882.2499960660934
1,tokens_786432,64,12288,projection,wmma_w4,64,128,128,256,0,1017.088623046875,1016.9420623779297,1017.1711730957031,1.2932950630784035
1,tokens_786432,64,12288,local_mix,wmma_w1,64,128,64,128,0,790.1229095458984,789.8252868652344,790.1776123046875,1.004693234184136
1,tokens_8192,16,512,local_mix,wmma_w4,16,128,16,8,0,5.5615997314453125,5.556480288505554,5.565760135650635,0.6789062172174454
1,tokens_786432,16,49152,projection,wmma_w8,16,128,128,64,0,1398.5539245605469,1398.5061645507812,1398.577880859375,1.7783532772834103
1,single,64,1,local_mix,wmma_w8,64,128,64,128,0,10.651839971542358,10.638079643249512,10.65824031829834,166.43499955534935
1,tokens_786432,32,24576,projection,wmma_w4,32,128,128,128,0,1160.1334381103516,1159.9465942382812,1160.202865600586,1.4751859513732295
1,tokens_8192,32,256,local_mix,wmma_w8,32,128,32,32,0,6.916159987449646,6.906560063362122,6.918720006942749,0.8442578109679744
1,tokens_8192,16,512,local_mix,wmma_w1,16,128,16,8,0,6.91648006439209,6.914880275726318,6.918399930000305,0.8442968828603625
1,single,16,1,projection,wmma_w8,16,128,128,64,0,7.9817599058151245,7.981439828872681,7.999680042266846,498.8599941134453
1,single,16,1,gram,wmma_w1,16,16,128,8,0,7.100160121917725,7.094720005989075,7.102400064468384,443.7600076198578
1,tokens_8192,64,128,projection,wmma_w8,64,128,128,256,0,15.517439842224121,15.507199764251709,15.520639419555664,1.8942187307402492
1,tokens_8192,16,512,state_update,wmma_w8,128,128,16,64,0,14.246400594711304,14.228479862213135,14.251519441604614,1.7390625725965947
1,tokens_8192,64,128,local_mix,wmma_w4,64,128,64,128,0,11.073919534683228,11.068480014801025,11.07424020767212,1.3517968181986362
1,single,16,1,projection,wmma_w4,16,128,128,64,0,12.223039865493774,12.220799922943115,12.223999500274658,763.9399915933609
1,single,16,1,state_update,wmma_w1,128,128,16,64,0,13.184959888458252,13.178240060806274,13.190399408340454,824.0599930286407
1,tokens_786432,16,49152,local_mix,wmma_w8,16,128,16,8,0,262.24767684936523,262.2390365600586,262.3023986816406,0.3334651652645941
1,single,16,1,gram,wmma_w8,16,16,128,8,0,4.182400107383728,4.168640077114105,4.200960099697113,261.400006711483
1,single,64,1,gram,wmma_w1,64,64,128,128,0,34.857280254364014,34.84895944595337,34.8633599281311,544.6450039744377
1,tokens_8192,32,256,state_update,wmma_w4,128,128,32,128,0,13.52992057800293,13.52288007736206,13.537919521331787,1.6516016330569983
1,tokens_8192,16,512,gram,wmma_w1,16,16,128,8,0,7.712640166282654,7.7084797620773315,7.718719840049744,0.9414843952981755
1,single,64,1,state_update,wmma_w8,128,128,64,256,0,14.657599925994873,14.649920463562012,14.676799774169922,229.0249988436699
1,tokens_8192,64,128,state_update,wmma_w1,128,128,64,256,0,48.734397888183594,48.72288227081299,48.7388801574707,5.949023179709911
1,tokens_8192,16,512,gram,wmma_w4,16,16,128,8,0,7.447999715805054,7.446079850196838,7.465919852256775,0.9091796528082341
1,tokens_786432,16,49152,state_update,wmma_w1,128,128,16,64,0,977.0841979980469,976.9929504394531,977.2470092773438,1.2424268061295152
1,tokens_786432,64,12288,projection,wmma_w1,64,128,128,256,0,2609.256591796875,2609.0478515625,2609.5431518554688,3.3178413286805153
1,tokens_786432,64,12288,gram,wmma_w8,64,64,128,128,0,482.3072052001953,482.25440979003906,482.3244857788086,0.6132853256228069
1,tokens_786432,16,49152,state_update,wmma_w4,128,128,16,64,0,995.7366180419922,995.5091094970703,995.9458923339844,1.2661445847091575
1,single,64,1,state_update,wmma_w4,128,128,64,256,0,17.61504054069519,17.58911967277527,17.6364803314209,275.23500844836235
1,tokens_786432,32,24576,gram,wmma_w8,32,32,128,32,0,412.91614532470703,412.83103942871094,412.95265197753906,0.525050030167525
1,tokens_8192,64,128,gram,wmma_w8,64,64,128,128,0,9.057599902153015,9.056320190429688,9.064000248908997,1.105664050555788
1,tokens_8192,32,256,projection,wmma_w8,32,128,128,128,0,16.67840003967285,16.67423963546753,16.68544054031372,2.0359375048428774
1,tokens_786432,16,49152,projection,wmma_w4,16,128,128,64,0,1684.3142700195312,1684.2828369140625,1684.4668579101562,2.1417163467655578
1,tokens_786432,16,49152,gram,wmma_w4,16,16,128,8,0,331.8739318847656,331.82369232177734,331.91871643066406,0.421999526831011
1,tokens_8192,32,256,gram,wmma_w1,32,32,128,32,0,15.466560125350952,15.4476797580719,15.474560260772705,1.88800782780163
1,tokens_8192,64,128,projection,wmma_w4,64,128,128,256,0,19.994879961013794,19.983680248260498,19.998719692230225,2.4407812452409416
1,tokens_786432,64,12288,local_mix,wmma_w4,64,128,64,128,0,492.3507308959961,492.3004913330078,492.40673065185547,0.6260563289591422
1,single,64,1,projection,wmma_w8,64,128,128,256,0,15.397759675979614,15.394879579544067,15.403519868850708,240.58999493718147
1,single,16,1,local_mix,wmma_w1,16,128,16,8,0,6.056320071220398,6.045759916305542,6.0604798793792725,378.5200044512749
1,single,16,1,projection,wmma_w1,16,128,128,64,0,32.784318923950195,32.781760692596436,32.79263973236084,2049.019932746887
1,single,32,1,local_mix,wmma_w4,32,128,32,32,0,5.267840027809143,5.260480046272278,5.278400182723999,164.62000086903572
1,single,32,1,state_update,wmma_w1,128,128,32,128,0,23.90752077102661,23.90079975128174,23.91808032989502,747.1100240945816
1,single,32,1,local_mix,wmma_w8,32,128,32,32,0,5.794240236282349,5.785920023918152,5.804799795150757,181.0700073838234
1,tokens_786432,64,12288,local_mix,wmma_w8,64,128,64,128,0,490.4764938354492,490.32222747802734,490.49121856689453,0.6236731132958084
1,single,64,1,gram,wmma_w8,64,64,128,128,0,8.984320163726807,8.977919816970825,8.997439742088318,140.38000255823135
1,single,64,1,state_update,wmma_w1,128,128,64,256,0,48.51679801940918,48.51263999938965,48.51967811584473,758.0749690532684
1,tokens_786432,64,12288,state_update,wmma_w1,128,128,64,256,0,1632.8396606445312,1632.6130676269531,1633.08837890625,2.076262996221582
1,single,32,1,projection,wmma_w8,32,128,128,128,0,11.61728024482727,11.607680320739746,11.624959707260132,363.0400076508522
1,single,32,1,gram,wmma_w4,32,32,128,32,0,4.949440062046051,4.931840002536774,4.952639937400818,154.6700019389391
1,tokens_8192,64,128,gram,wmma_w1,64,64,128,128,0,35.33184051513672,35.32063961029053,35.33760070800781,4.3129688128829
1,tokens_8192,32,256,gram,wmma_w4,32,32,128,32,0,5.9964799880981445,5.9913599491119385,5.999040007591248,0.7319921860471368
1,single,32,1,gram,wmma_w8,32,32,128,32,0,7.447360157966614,7.4457597732543945,7.449600100517273,232.73000493645668
1,tokens_8192,32,256,state_update,wmma_w8,128,128,32,128,0,15.86624026298523,15.860799551010132,15.868799686431885,1.9367969071026891
1,tokens_786432,32,24576,gram,wmma_w4,32,32,128,32,0,249.70815658569336,249.6601676940918,249.7385597229004,0.31752034071056795
1,single,16,1,state_update,wmma_w8,128,128,16,64,0,6.382399797439575,6.370239853858948,6.384959816932678,398.89998733997345
1,single,64,1,local_mix,wmma_w1,64,128,64,128,0,30.209600925445557,30.193281173706055,30.21631956100464,472.0250144600868
1,single,16,1,gram,wmma_w4,16,16,128,8,0,6.835520267486572,6.81439995765686,6.836479902267456,427.22001671791077
1,tokens_786432,32,24576,projection,wmma_w8,32,128,128,128,0,1046.8943786621094,1046.739501953125,1046.9468688964844,1.331195041226844
2,tokens_786432,64,12288,local_mix,wmma_w8,64,128,64,128,0,490.4467010498047,490.41473388671875,490.5478286743164,0.6236352298098305
2,tokens_8192,64,128,projection,wmma_w8,64,128,128,256,0,15.518079996109009,15.514559745788574,15.538239479064941,1.8942968745250255
2,tokens_8192,16,512,local_mix,wmma_w8,16,128,16,8,0,3.9468801021575928,3.9417600631713867,3.949120044708252,0.4817968874704093
2,tokens_8192,64,128,gram,wmma_w8,64,64,128,128,0,9.067519903182983,9.062399864196777,9.071679711341858,1.1068749881815165
2,tokens_786432,16,49152,gram,wmma_w4,16,16,128,8,0,331.86878204345703,331.798095703125,331.9116973876953,0.42199297846915823
2,single,32,1,local_mix,wmma_w1,32,128,32,32,0,11.498559713363647,11.490240097045898,11.504640579223633,359.329991042614
2,single,32,1,projection,wmma_w8,32,128,128,128,0,11.605759859085083,11.603519916534424,11.621119976043701,362.67999559640884
2,tokens_786432,16,49152,local_mix,wmma_w8,16,128,16,8,0,262.24191665649414,262.2380828857422,262.3142433166504,0.33345784080059576
2,single,16,1,gram,wmma_w4,16,16,128,8,0,6.8323200941085815,6.823359727859497,6.836479902267456,427.02000588178635
2,single,16,1,projection,wmma_w1,16,128,128,64,0,32.79263973236084,32.79103994369507,32.80128002166748,2049.5399832725525
2,single,64,1,projection,wmma_w4,64,128,128,256,0,19.86016035079956,19.85376000404358,19.877760410308838,310.31500548124313
2,tokens_8192,16,512,projection,wmma_w1,16,128,128,64,0,38.85695934295654,38.823039531707764,38.922879695892334,4.7432811697945
2,tokens_8192,16,512,gram,wmma_w4,16,16,128,8,0,7.450559735298157,7.445440292358398,7.457919716835022,0.9094921551877633
2,tokens_786432,32,24576,gram,wmma_w4,32,32,128,32,0,249.69568252563477,249.62207794189453,249.71359252929688,0.31750447912296903
2,tokens_786432,64,12288,local_mix,wmma_w4,64,128,64,128,0,492.3660659790039,492.32959747314453,492.4371337890625,0.6260758285255482
2,tokens_8192,16,512,local_mix,wmma_w1,16,128,16,8,0,6.935039758682251,6.913920044898987,6.937919855117798,0.846562470542267
2,tokens_8192,32,256,local_mix,wmma_w8,32,128,32,32,0,6.911360025405884,6.908479928970337,6.918399930000305,0.8436718781013042
2,single,32,1,state_update,wmma_w8,128,128,32,128,0,11.324160099029541,11.315200328826904,11.333760023117065,353.88000309467316
2,single,16,1,projection,wmma_w8,16,128,128,64,0,7.992960214614868,7.989760041236877,7.996799945831299,499.56001341342926
2,tokens_786432,32,24576,state_update,wmma_w8,128,128,32,128,0,905.0412750244141,904.9555206298828,905.1360321044922,1.150819492371132
2,tokens_786432,64,12288,projection,wmma_w8,64,128,128,256,0,916.3190460205078,916.2226867675781,916.5404510498047,1.1651599197648466
2,tokens_786432,16,49152,local_mix,wmma_w1,16,128,16,8,0,188.70912551879883,188.70336532592773,188.8096046447754,0.2399560617050156
2,tokens_8192,16,512,projection,wmma_w4,16,128,128,64,0,19.365439414978027,19.362879991531372,19.371520280838013,2.363945241086185
2,single,64,1,projection,wmma_w8,64,128,128,256,0,15.386879444122314,15.386559963226318,15.40287971496582,240.41999131441116
2,tokens_786432,32,24576,local_mix,wmma_w4,32,128,32,32,0,255.2355194091797,255.21343231201172,255.32384872436523,0.3245487459935248
2,single,64,1,gram,wmma_w8,64,64,128,128,0,8.982719779014587,8.970239758491516,8.987200260162354,140.35499654710293
2,tokens_8192,64,128,state_update,wmma_w1,128,128,64,256,0,48.73856067657471,48.7337589263916,48.73983860015869,5.949531332589686
2,tokens_786432,16,49152,projection,wmma_w8,16,128,128,64,0,1398.5916137695312,1398.5591125488281,1398.5968017578125,1.7784012015908957
2,tokens_786432,64,12288,state_update,wmma_w8,128,128,64,256,0,927.6140594482422,927.6016235351562,927.6636505126953,1.1795222720441718
2,tokens_8192,64,128,gram,wmma_w1,64,64,128,128,0,35.331199169158936,35.322558879852295,35.338239669799805,4.312890523578972
2,tokens_786432,32,24576,projection,wmma_w1,32,128,128,128,0,3107.5003051757812,3106.4739990234375,3107.74169921875,3.9513909723609686
2,single,32,1,state_update,wmma_w1,128,128,32,128,0,23.904640674591064,23.901760578155518,23.922560214996338,747.0200210809708
2,tokens_786432,64,12288,gram,wmma_w4,64,64,128,128,0,525.8099365234375,525.6470489501953,525.8329772949219,0.6686019090314707
2,tokens_8192,32,256,projection,wmma_w4,32,128,128,128,0,18.179199695587158,18.171199560165405,18.18336009979248,2.2191405878402293
2,tokens_786432,64,12288,local_mix,wmma_w1,64,128,64,128,0,790.0236511230469,789.6982574462891,790.2883148193359,1.004567020572722
2,single,64,1,gram,wmma_w4,64,64,128,128,0,11.853439807891846,11.843199729919434,11.864960193634033,185.2099969983101
2,tokens_786432,64,12288,gram,wmma_w1,64,64,128,128,0,1183.7238311767578,1183.6029052734375,1184.4086456298828,1.5051826873483758
2,tokens_8192,64,128,gram,wmma_w4,64,64,128,128,0,11.9760000705719,11.965440511703491,11.977599859237671,1.4619140711147338
2,tokens_8192,32,256,state_update,wmma_w8,128,128,32,128,0,15.862079858779907,15.856640338897705,15.898239612579346,1.9362890452612191
2,tokens_8192,16,512,projection,wmma_w8,16,128,128,64,0,15.428160429000854,15.412800312042236,15.43455958366394,1.8833203648682684
2,single,64,1,projection,wmma_w1,64,128,128,256,0,56.461758613586426,56.45440101623535,56.46912097930908,882.2149783372879
2,tokens_8192,32,256,gram,wmma_w8,32,32,128,32,0,8.568959832191467,8.563839793205261,8.578879833221436,1.04601560451556
2,single,64,1,local_mix,wmma_w4,64,128,64,128,0,10.903680324554443,10.883519649505615,10.906879901885986,170.37000507116318
2,single,32,1,gram,wmma_w1,32,32,128,32,0,14.73855972290039,14.73695993423462,14.760639667510986,460.5799913406372
2,tokens_786432,16,49152,gram,wmma_w1,16,16,128,8,0,234.35712814331055,234.32031631469727,234.37728881835938,0.2980004986360048
2,tokens_8192,32,256,projection,wmma_w8,32,128,128,128,0,16.683839559555054,16.674879789352417,16.68992042541504,2.0366015087347478
2,tokens_8192,64,128,state_update,wmma_w4,128,128,64,256,0,17.846399545669556,17.83136010169983,17.8547203540802,2.1785155695397407
2,tokens_786432,64,12288,gram,wmma_w8,64,64,128,128,0,482.2876739501953,482.22145080566406,482.32479095458984,0.6132604903541505
2,tokens_8192,32,256,local_mix,wmma_w1,32,128,32,32,0,11.98848009109497,11.98464035987854,11.997760534286499,1.4634375111199915
2,tokens_8192,32,256,gram,wmma_w4,32,32,128,32,0,5.987840294837952,5.982400178909302,5.997440218925476,0.7309375359909609
2,tokens_8192,16,512,gram,wmma_w1,16,16,128,8,0,7.724800109863281,7.714880108833313,7.731519937515259,0.9429687634110451
2,tokens_786432,64,12288,projection,wmma_w1,64,128,128,256,0,2609.0765380859375,2608.80126953125,2609.7213745117188,3.317612378547589
2,single,32,1,gram,wmma_w4,32,32,128,32,0,4.945279955863953,4.927360117435455,4.946559965610504,154.53999862074852
2,single,64,1,local_mix,wmma_w1,64,128,64,128,0,30.19615888595581,30.191679000854492,30.209600925445557,471.81498259305954
2,tokens_8192,16,512,state_update,wmma_w8,128,128,16,64,0,14.236799478530884,14.22592043876648,14.240000247955322,1.737890561344102
2,tokens_8192,64,128,projection,wmma_w4,64,128,128,256,0,19.983680248260498,19.98047947883606,20.00159978866577,2.4394140928052366
2,tokens_786432,16,49152,projection,wmma_w4,16,128,128,64,0,1684.5021057128906,1684.4064331054688,1684.6092224121094,2.1419551922008395
2,tokens_8192,16,512,state_update,wmma_w1,128,128,16,64,0,18.840320110321045,18.830080032348633,18.853759765625,2.2998437634669244
2,tokens_786432,32,24576,state_update,wmma_w1,128,128,32,128,0,958.9238739013672,958.8130950927734,959.0252685546875,1.2193347599046926
2,single,64,1,gram,wmma_w1,64,64,128,128,0,34.84287977218628,34.83743906021118,34.852800369262695,544.4199964404106
2,tokens_786432,32,24576,state_update,wmma_w4,128,128,32,128,0,852.1202850341797,852.0531463623047,852.1369934082031,1.083526973767827
2,single,64,1,state_update,wmma_w8,128,128,64,256,0,14.656000137329102,14.646719694137573,14.65791940689087,229.0000021457672
2,tokens_786432,64,12288,state_update,wmma_w4,128,128,64,256,0,937.7426910400391,937.7142333984375,937.7808380126953,1.1924014931234221
2,single,16,1,local_mix,wmma_w8,16,128,16,8,0,2.802880108356476,2.800000011920929,2.810879945755005,175.18000677227974
2,tokens_786432,32,24576,projection,wmma_w8,32,128,128,128,0,1046.770248413086,1046.6944122314453,1046.9459533691406,1.3310372014530003
2,single,32,1,state_update,wmma_w4,128,128,32,128,0,9.186239838600159,9.175999760627747,9.19264018535614,287.06999495625496
2,single,64,1,local_mix,wmma_w8,64,128,64,128,0,10.64128041267395,10.636800527572632,10.654079914093018,166.27000644803047
2,single,64,1,state_update,wmma_w1,128,128,64,256,0,48.51391792297363,48.509440422058105,48.518080711364746,758.029967546463
2,tokens_8192,64,128,state_update,wmma_w8,128,128,64,256,0,14.750399589538574,14.741760492324829,14.760639667510986,1.8005858873948455
2,tokens_786432,64,12288,projection,wmma_w4,64,128,128,256,0,1016.9020843505859,1016.7763519287109,1017.2220611572266,1.293057866860181
2,tokens_786432,32,24576,local_mix,wmma_w1,32,128,32,32,0,313.6207962036133,313.5635185241699,313.68608474731445,0.3987894645736863
2,single,16,1,projection,wmma_w4,16,128,128,64,0,12.220799922943115,12.216960191726685,12.237759828567505,763.7999951839447
2,single,32,1,gram,wmma_w8,32,32,128,32,0,7.449920177459717,7.446399927139282,7.4614399671554565,232.81000554561615
2,tokens_786432,32,24576,gram,wmma_w1,32,32,128,32,0,482.9167938232422,482.85953521728516,483.0275344848633,0.614060457640638
2,tokens_8192,32,256,local_mix,wmma_w4,32,128,32,32,0,6.462079882621765,6.459519863128662,6.4665597677230835,0.7888281106716022
2,single,16,1,state_update,wmma_w1,128,128,16,64,0,13.176640272140503,13.173120021820068,13.227200508117676,823.5400170087814
2,tokens_8192,64,128,local_mix,wmma_w8,64,128,64,128,0,10.724159479141235,10.717120170593262,10.740480422973633,1.3091014989186078
2,tokens_8192,32,256,projection,wmma_w1,32,128,128,128,0,43.679680824279785,43.66079807281494,43.68512153625488,5.331992288120091
2,tokens_8192,64,128,projection,wmma_w1,64,128,128,256,0,56.811838150024414,56.80511951446533,56.84768199920654,6.935038836672902
2,single,32,1,local_mix,wmma_w4,32,128,32,32,0,5.2748799324035645,5.256959795951843,5.279039740562439,164.8399978876114
2,tokens_8192,32,256,state_update,wmma_w1,128,128,32,128,0,26.918399333953857,26.915199756622314,26.92863941192627,3.2859374186955392
2,single,16,1,local_mix,wmma_w1,16,128,16,8,0,6.036480069160461,6.036159992218018,6.05184018611908,377.28000432252884
2,single,16,1,gram,wmma_w1,16,16,128,8,0,7.1113598346710205,7.1004801988601685,7.11679995059967,444.4599896669388
2,tokens_786432,64,12288,state_update,wmma_w1,128,128,64,256,0,1632.890625,1632.7964782714844,1633.0291748046875,2.0763278007507324
2,tokens_786432,16,49152,state_update,wmma_w4,128,128,16,64,0,995.6003570556641,995.5654144287109,995.8483123779297,1.2659713199051719
2,tokens_8192,32,256,state_update,wmma_w4,128,128,32,128,0,13.531520366668701,13.516160249710083,13.544319868087769,1.651796919759363
2,tokens_8192,16,512,state_update,wmma_w4,128,128,16,64,0,16.921919584274292,16.909760236740112,16.93824052810669,2.065664011752233
2,single,16,1,state_update,wmma_w4,128,128,16,64,0,9.304640293121338,9.301440119743347,9.32640016078949,581.5400183200836
2,tokens_8192,16,512,gram,wmma_w8,16,16,128,8,0,4.744639992713928,4.737280011177063,4.747839868068695,0.5791796866105869
2,single,16,1,state_update,wmma_w8,128,128,16,64,0,6.3785600662231445,6.376640200614929,6.384320259094238,398.66000413894653
2,tokens_8192,32,256,gram,wmma_w1,32,32,128,32,0,15.468480587005615,15.451840162277222,15.47104001045227,1.888242259155959
2,tokens_786432,16,49152,gram,wmma_w8,16,16,128,8,0,347.19776153564453,347.18334197998047,347.22911834716797,0.44148478385371465
2,tokens_786432,16,49152,local_mix,wmma_w4,16,128,16,8,0,246.3987159729004,246.33184432983398,246.49311065673828,0.3133121693584447
2,tokens_8192,64,128,local_mix,wmma_w1,64,128,64,128,0,30.58176040649414,30.58016061782837,30.589759349822998,3.7331250496208668
2,tokens_786432,32,24576,gram,wmma_w8,32,32,128,32,0,412.86720275878906,412.85438537597656,412.9305648803711,0.5249877964767317
2,single,16,1,local_mix,wmma_w4,16,128,16,8,0,4.46943998336792,4.464319944381714,4.473919868469238,279.339998960495
2,tokens_8192,16,512,local_mix,wmma_w4,16,128,16,8,0,5.559359788894653,5.555520057678223,5.5615997314453125,0.6786327867303044
2,tokens_786432,16,49152,state_update,wmma_w8,128,128,16,64,0,1020.8573150634766,1020.8319854736328,1020.9529876708984,1.298087202788641
2,single,32,1,local_mix,wmma_w8,32,128,32,32,0,5.79584002494812,5.7871997356414795,5.80128014087677,181.12000077962875
2,single,64,1,state_update,wmma_w4,128,128,64,256,0,17.60800004005432,17.60543942451477,17.622079849243164,275.12500062584877
2,single,32,1,projection,wmma_w4,32,128,128,128,0,13.193600177764893,13.192000389099121,13.203840255737305,412.3000055551529
2,tokens_786432,32,24576,projection,wmma_w4,32,128,128,128,0,1160.32958984375,1159.9539184570312,1160.393295288086,1.4754353712002437
2,tokens_786432,16,49152,state_update,wmma_w1,128,128,16,64,0,977.1459197998047,976.9219207763672,977.2783660888672,1.24250528945898
2,single,32,1,projection,wmma_w1,32,128,128,128,0,39.60864067077637,39.60000038146973,39.6233606338501,1237.7700209617615
2,tokens_786432,16,49152,projection,wmma_w1,16,128,128,64,0,4104.195556640625,4103.89404296875,4104.458923339844,5.218754522502422
2,tokens_786432,32,24576,local_mix,wmma_w8,32,128,32,32,0,344.2601776123047,344.1600036621094,344.30591583251953,0.43774945273374516
2,single,16,1,gram,wmma_w8,16,16,128,8,0,4.1811200976371765,4.17279988527298,4.1836801171302795,261.32000610232353
2,tokens_8192,64,128,local_mix,wmma_w4,64,128,64,128,0,11.075520515441895,11.071360111236572,11.076159477233887,1.3519922504201531
3,tokens_8192,32,256,projection,wmma_w4,32,128,128,128,0,18.175359964370728,18.174079656600952,18.179839849472046,2.2186718706507236
3,tokens_8192,32,256,state_update,wmma_w1,128,128,32,128,0,26.926400661468506,26.911680698394775,26.93376064300537,3.286914143245667
3,tokens_786432,64,12288,gram,wmma_w4,64,64,128,128,0,525.8399963378906,525.7356643676758,525.8537673950195,0.6686401320621371
3,single,64,1,gram,wmma_w4,64,64,128,128,0,11.83840036392212,11.828479766845703,11.84831976890564,184.9750056862831
3,tokens_786432,32,24576,local_mix,wmma_w1,32,128,32,32,0,313.5615921020508,313.5424041748047,313.6102485656738,0.39871418266557157
3,single,16,1,projection,wmma_w4,16,128,128,64,0,12.221440076828003,12.219840288162231,12.238719463348389,763.8400048017502
3,single,32,1,local_mix,wmma_w4,32,128,32,32,0,5.2668797969818115,5.256959795951843,5.2774399518966675,164.5899936556816
3,tokens_786432,16,49152,local_mix,wmma_w4,16,128,16,8,0,246.37664794921875,246.33440017700195,246.39936447143555,0.313284108415246
3,single,32,1,local_mix,wmma_w8,32,128,32,32,0,5.791680216789246,5.78112006187439,5.800639986991882,180.99000677466393
3,single,64,1,gram,wmma_w1,64,64,128,128,0,34.861440658569336,34.86047983169556,34.8636794090271,544.7100102901459
3,tokens_786432,32,24576,local_mix,wmma_w4,32,128,32,32,0,255.21600723266602,255.1683235168457,255.24896621704102,0.3245239349780604
3,single,64,1,projection,wmma_w8,64,128,128,256,0,15.39423942565918,15.39072036743164,15.409599542617798,240.53499102592468
3,tokens_8192,16,512,state_update,wmma_w4,128,128,16,64,0,16.904640197753906,16.902719736099243,16.909760236740112,2.063554711639881
3,tokens_786432,64,12288,gram,wmma_w1,64,64,128,128,0,1183.7769317626953,1183.5948944091797,1183.8441467285156,1.5052502082350354
3,tokens_8192,32,256,state_update,wmma_w8,128,128,32,128,0,15.857919454574585,15.856319665908813,15.868159532546997,1.9357811834197491
3,single,16,1,local_mix,wmma_w4,16,128,16,8,0,4.476160109043121,4.472639858722687,4.4784000515937805,279.7600068151951
3,tokens_786432,32,24576,gram,wmma_w1,32,32,128,32,0,483.0140686035156,482.97985076904297,483.03680419921875,0.6141841489200791
3,single,64,1,gram,wmma_w8,64,64,128,128,0,8.976960182189941,8.964160084724426,8.984320163726807,140.26500284671783
3,tokens_8192,64,128,state_update,wmma_w8,128,128,64,256,0,14.757440090179443,14.753919839859009,14.758720397949219,1.8014453235082328
3,tokens_786432,16,49152,state_update,wmma_w4,128,128,16,64,0,995.6515502929688,995.5446624755859,995.8204650878906,1.2660364154726267
3,tokens_8192,64,128,local_mix,wmma_w8,64,128,64,128,0,10.729919672012329,10.725120306015015,10.744320154190063,1.3098046474624425
3,single,32,1,projection,wmma_w8,32,128,128,128,0,11.613119840621948,11.606080532073975,11.621439456939697,362.9099950194359
3,tokens_786432,64,12288,local_mix,wmma_w4,64,128,64,128,0,492.3263931274414,492.24830627441406,492.38880157470703,0.6260253818860898
3,tokens_786432,32,24576,projection,wmma_w8,32,128,128,128,0,1046.8812561035156,1046.7362976074219,1047.0521545410156,1.3311783550307155
3,tokens_8192,16,512,projection,wmma_w8,16,128,128,64,0,15.415359735488892,15.412800312042236,15.44543981552124,1.8817577802110463
3,tokens_8192,64,128,projection,wmma_w1,64,128,128,256,0,56.80863857269287,56.805758476257324,56.81344032287598,6.934648263268173
3,tokens_786432,32,24576,state_update,wmma_w1,128,128,32,128,0,958.8751983642578,958.7602996826172,958.9820861816406,1.2192728657585878
3,single,32,1,state_update,wmma_w8,128,128,32,128,0,11.333119869232178,11.327359676361084,11.33952021598816,354.15999591350555
3,tokens_786432,16,49152,projection,wmma_w1,16,128,128,64,0,4104.067687988281,4103.837585449219,4104.215393066406,5.218591929102938
3,single,16,1,gram,wmma_w1,16,16,128,8,0,7.099840044975281,7.093759775161743,7.117440104484558,443.74000281095505
3,single,64,1,state_update,wmma_w8,128,128,64,256,0,14.656000137329102,14.652479887008667,14.657599925994873,229.0000021457672
3,tokens_8192,16,512,local_mix,wmma_w4,16,128,16,8,0,5.554239749908447,5.552639961242676,5.587199926376343,0.678007781971246
3,tokens_8192,16,512,gram,wmma_w8,16,16,128,8,0,4.741759896278381,4.735360145568848,4.746240079402924,0.5788281123386696
3,tokens_8192,16,512,projection,wmma_w4,16,128,128,64,0,19.362879991531372,19.35711979866028,19.37119960784912,2.363632811466232
3,tokens_8192,32,256,gram,wmma_w8,32,32,128,32,0,8.575040102005005,8.555520176887512,8.575680255889893,1.0467578249517828
3,tokens_786432,16,49152,gram,wmma_w4,16,16,128,8,0,331.8467330932617,331.8252944946289,331.8617630004883,0.42196494177915156
3,single,32,1,gram,wmma_w1,32,32,128,32,0,14.737279415130615,14.735360145568848,14.747200012207031,460.5399817228317
3,tokens_786432,64,12288,projection,wmma_w8,64,128,128,256,0,916.336669921875,916.2895965576172,916.4371490478516,1.1651823297142982
3,tokens_786432,16,49152,local_mix,wmma_w8,16,128,16,8,0,262.2764778137207,262.1980857849121,262.2928047180176,0.33350178758458543
3,single,64,1,local_mix,wmma_w8,64,128,64,128,0,10.643839836120605,10.640959739685059,10.663039684295654,166.30999743938446
3,single,16,1,local_mix,wmma_w1,16,128,16,8,0,6.038399934768677,6.0335999727249146,6.055359840393066,377.3999959230423
3,tokens_786432,64,12288,state_update,wmma_w4,128,128,64,256,0,937.7446746826172,937.6947021484375,937.7721405029297,1.192404015455395
3,single,64,1,local_mix,wmma_w1,64,128,64,128,0,30.194880962371826,30.18847942352295,30.233280658721924,471.7950150370598
3,tokens_786432,64,12288,state_update,wmma_w8,128,128,64,256,0,927.6348876953125,927.5827026367188,927.6470184326172,1.1795487565298874
3,tokens_8192,64,128,gram,wmma_w4,64,64,128,128,0,11.984319686889648,11.982719898223877,11.986240148544312,1.4629296492785215
3,single,64,1,projection,wmma_w1,64,128,128,256,0,56.4572811126709,56.45376205444336,56.46431922912598,882.1450173854828
3,tokens_786432,64,12288,local_mix,wmma_w8,64,128,64,128,0,490.45726776123047,490.32833099365234,490.5567932128906,0.6236486660782248
3,single,16,1,state_update,wmma_w8,128,128,16,64,0,6.376640200614929,6.372159719467163,6.380800008773804,398.5400125384331
3,single,16,1,local_mix,wmma_w8,16,128,16,8,0,2.8009599447250366,2.796800136566162,2.8150400519371033,175.0599965453148
3,single,32,1,projection,wmma_w4,32,128,128,128,0,13.198080062866211,13.19424033164978,13.205440044403076,412.4400019645691
3,tokens_786432,32,24576,gram,wmma_w4,32,32,128,32,0,249.6953582763672,249.62623596191406,249.7577667236328,0.3175040668187042
3,single,16,1,projection,wmma_w8,16,128,128,64,0,7.991679906845093,7.983360290527344,7.993599772453308,499.4799941778183
3,single,32,1,state_update,wmma_w4,128,128,32,128,0,9.183040261268616,9.163519740104675,9.188799858093262,286.97000816464424
3,tokens_786432,64,12288,gram,wmma_w8,64,64,128,128,0,482.3068618774414,482.26016998291016,482.38719940185547,0.6132848890653501
3,tokens_8192,64,128,projection,wmma_w4,64,128,128,256,0,19.99071955680847,19.97920036315918,20.001919269561768,2.4402733833994716
3,tokens_786432,16,49152,state_update,wmma_w8,128,128,16,64,0,1020.987548828125,1020.9273529052734,1021.072998046875,1.2982528035839398
3,single,64,1,local_mix,wmma_w4,64,128,64,128,0,10.901119709014893,10.877759456634521,10.9225594997406,170.3299954533577
3,tokens_786432,16,49152,state_update,wmma_w1,128,128,16,64,0,977.0735931396484,976.9942474365234,977.2230529785156,1.2424133213547368
3,single,16,1,state_update,wmma_w4,128,128,16,64,0,9.305599927902222,9.291840195655823,9.31327998638153,581.5999954938889
3,tokens_786432,64,12288,state_update,wmma_w1,128,128,64,256,0,1632.774658203125,1632.4528503417969,1633.0213928222656,2.076180341343085
3,tokens_8192,32,256,state_update,wmma_w4,128,128,32,128,0,13.532799482345581,13.523199558258057,13.540159463882446,1.6519530618097633
3,tokens_786432,64,12288,local_mix,wmma_w1,64,128,64,128,0,790.0284576416016,789.6227264404297,790.3215789794922,1.0045731323771179
3,single,64,1,projection,wmma_w4,64,128,128,256,0,19.86016035079956,19.858239889144897,19.86240029335022,310.31500548124313
3,single,32,1,projection,wmma_w1,32,128,128,128,0,39.619200229644775,39.60927963256836,39.63680028915405,1238.1000071763992
3,single,32,1,local_mix,wmma_w1,32,128,32,32,0,11.490880250930786,11.483839750289917,11.504319906234741,359.09000784158707
3,tokens_786432,32,24576,local_mix,wmma_w8,32,128,32,32,0,344.25697326660156,344.22367095947266,344.2643356323242,0.4377453781974812
3,tokens_8192,16,512,local_mix,wmma_w8,16,128,16,8,0,3.9417600631713867,3.9369601011276245,3.946239948272705,0.4811718827113509
3,single,32,1,gram,wmma_w8,32,32,128,32,0,7.449280023574829,7.446079850196838,7.451199889183044,232.7900007367134
3,single,64,1,state_update,wmma_w4,128,128,64,256,0,17.58847951889038,17.586560249328613,17.6256000995636,274.8199924826622
3,tokens_8192,16,512,state_update,wmma_w8,128,128,16,64,0,14.246079921722412,14.240000247955322,14.250240325927734,1.7390234279446304
3,tokens_8192,16,512,local_mix,wmma_w1,16,128,16,8,0,6.926400065422058,6.9120001792907715,6.93664014339447,0.8455078204860911
3,tokens_786432,32,24576,gram,wmma_w8,32,32,128,32,0,412.83233642578125,412.7753448486328,412.918701171875,0.5249434616416693
3,single,16,1,state_update,wmma_w1,128,128,16,64,0,13.181120157241821,13.173120021820068,13.184640407562256,823.8200098276138
3,single,16,1,gram,wmma_w8,16,16,128,8,0,4.1651201248168945,4.160960018634796,4.180800020694733,260.3200078010559
3,tokens_786432,16,49152,gram,wmma_w1,16,16,128,8,0,234.3414306640625,234.32159423828125,234.37984466552734,0.29798053825894993
3,tokens_786432,16,49152,projection,wmma_w8,16,128,128,64,0,1398.5865783691406,1398.5267639160156,1398.6306762695312,1.7783947987481952
3,tokens_8192,64,128,projection,wmma_w8,64,128,128,256,0,15.514880418777466,15.508160591125488,15.527039766311646,1.8939063011202961
3,tokens_786432,32,24576,state_update,wmma_w4,128,128,32,128,0,852.1071624755859,852.0508575439453,852.1539306640625,1.0835102875716984
3,tokens_8192,16,512,gram,wmma_w1,16,16,128,8,0,7.711039781570435,7.70687997341156,7.727680206298828,0.9412890358362347
3,tokens_8192,16,512,projection,wmma_w1,16,128,128,64,0,38.83584022521973,38.79199981689453,38.88736009597778,4.740703152492642
3,tokens_786432,16,49152,projection,wmma_w4,16,128,128,64,0,1684.3919372558594,1684.3196105957031,1699.9273681640625,2.1418151057635746
3,single,16,1,projection,wmma_w1,16,128,128,64,0,32.77856111526489,32.77087926864624,32.79808044433594,2048.660069704056
3,single,64,1,state_update,wmma_w1,128,128,64,256,0,48.511037826538086,48.50751876831055,48.5203218460083,757.9849660396576
3,tokens_786432,64,12288,projection,wmma_w4,64,128,128,256,0,1017.1254730224609,1017.0185852050781,1017.2409820556641,1.2933419202454388
3,tokens_786432,64,12288,projection,wmma_w1,64,128,128,256,0,2609.0985107421875,2608.8937377929688,2610.01953125,3.3176403182248273
3,tokens_8192,64,128,state_update,wmma_w4,128,128,64,256,0,17.850559949874878,17.844159603118896,17.870399951934814,2.1790234313812107
3,tokens_786432,32,24576,state_update,wmma_w8,128,128,32,128,0,905.0927734375,905.0109100341797,905.2480316162109,1.1508849759896596
3,tokens_8192,32,256,gram,wmma_w4,32,32,128,32,0,6.004160046577454,5.985599756240845,6.007360219955444,0.7329296931857243
3,single,32,1,state_update,wmma_w1,128,128,32,128,0,23.921279907226562,23.903679847717285,23.9247989654541,747.5399971008301
3,tokens_8192,32,256,gram,wmma_w1,32,32,128,32,0,15.456000566482544,15.45408010482788,15.472639799118042,1.8867188191507012
3,tokens_8192,64,128,gram,wmma_w8,64,64,128,128,0,9.066879749298096,9.063040018081665,9.069439768791199,1.1067968443967402
3,tokens_8192,64,128,gram,wmma_w1,64,64,128,128,0,35.353920459747314,35.33663988113403,35.36448001861572,4.315664118621498
3,tokens_8192,16,512,state_update,wmma_w1,128,128,16,64,0,18.836480379104614,18.831679821014404,18.851840496063232,2.2993750462774187
3,tokens_8192,64,128,state_update,wmma_w1,128,128,64,256,0,48.743038177490234,48.742079734802246,48.76768112182617,5.950077902525663
3,tokens_8192,32,256,local_mix,wmma_w8,32,128,32,32,0,6.908479928970337,6.901760101318359,6.912959814071655,0.8433203038293868
3,tokens_786432,32,24576,projection,wmma_w1,32,128,128,128,0,3107.00439453125,3106.658935546875,3107.3770141601562,3.950760389367739
3,single,32,1,gram,wmma_w4,32,32,128,32,0,4.942399859428406,4.927360117435455,4.94623988866806,154.44999560713768
3,tokens_8192,32,256,projection,wmma_w1,32,128,128,128,0,43.69311809539795,43.673601150512695,43.70944023132324,5.3336325800046325
3,tokens_786432,32,24576,projection,wmma_w4,32,128,128,128,0,1159.9823760986328,1159.9193572998047,1160.1023864746094,1.474993866092215
3,tokens_8192,32,256,local_mix,wmma_w1,32,128,32,32,0,11.98848009109497,11.980479955673218,11.994240283966064,1.4634375111199915
3,tokens_786432,16,49152,local_mix,wmma_w1,16,128,16,8,0,188.7926483154297,188.67647171020508,188.8604736328125,0.24006226643299064
3,tokens_8192,64,128,local_mix,wmma_w4,64,128,64,128,0,11.072959899902344,11.07200026512146,11.09279990196228,1.3516796752810478
3,tokens_8192,64,128,local_mix,wmma_w1,64,128,64,128,0,30.582079887390137,30.581440925598145,30.58432102203369,3.733164048753679
3,tokens_8192,32,256,local_mix,wmma_w4,32,128,32,32,0,6.462079882621765,6.4608001708984375,6.463040113449097,0.7888281106716022
3,tokens_8192,32,256,projection,wmma_w8,32,128,128,128,0,16.700479984283447,16.684160232543945,16.70207977294922,2.0386328105814755
3,tokens_786432,16,49152,gram,wmma_w8,16,16,128,8,0,347.1798324584961,347.15648651123047,347.21214294433594,0.44146198585319024
3,tokens_8192,16,512,gram,wmma_w4,16,16,128,8,0,7.4617600440979,7.448959946632385,7.465280294418335,0.9108593803830445
3,single,16,1,gram,wmma_w4,16,16,128,8,0,6.828479766845703,6.825600266456604,6.838080286979675,426.77998542785645
4,tokens_786432,32,24576,gram,wmma_w4,32,32,128,32,0,249.70848083496094,249.69791412353516,249.71839904785156,0.31752075301483274
4,tokens_8192,64,128,gram,wmma_w8,64,64,128,128,0,9.0665602684021,9.057279825210571,9.075520038604736,1.1067578452639282
4,single,32,1,local_mix,wmma_w1,32,128,32,32,0,11.495039463043213,11.493120193481445,11.497600078582764,359.2199832201004
4,single,32,1,local_mix,wmma_w8,32,128,32,32,0,5.783039927482605,5.778239965438843,5.7871997356414795,180.7199977338314
4,tokens_8192,32,256,state_update,wmma_w4,128,128,32,128,0,13.525439500808716,13.521920442581177,13.534079790115356,1.651054626563564
4,tokens_786432,16,49152,gram,wmma_w8,16,16,128,8,0,347.16766357421875,347.14847564697266,347.1775817871094,0.44144651231666404
4,tokens_786432,64,12288,state_update,wmma_w8,128,128,64,256,0,927.6367950439453,927.6038360595703,927.6525115966797,1.1795511818490922
4,tokens_786432,64,12288,gram,wmma_w4,64,64,128,128,0,525.7468795776367,525.643196105957,525.7743835449219,0.6685217279785624
4,tokens_8192,32,256,projection,wmma_w8,32,128,128,128,0,16.682560443878174,16.67423963546753,16.689599752426147,2.0364453666843474
4,tokens_8192,64,128,state_update,wmma_w4,128,128,64,256,0,17.844799757003784,17.82431960105896,17.855360507965088,2.178320282837376
4,single,32,1,state_update,wmma_w8,128,128,32,128,0,11.32256031036377,11.319999694824219,11.336640119552612,353.8300096988678
4,single,32,1,state_update,wmma_w4,128,128,32,128,0,9.187520146369934,9.17087972164154,9.19327974319458,287.11000457406044
4,tokens_786432,32,24576,gram,wmma_w8,32,32,128,32,0,412.89249420166016,412.82047271728516,412.97054290771484,0.5250199562093864
4,tokens_786432,64,12288,local_mix,wmma_w8,64,128,64,128,0,490.4054260253906,490.39520263671875,490.4528045654297,0.6235827459022403
4,tokens_8192,32,256,gram,wmma_w8,32,32,128,32,0,8.576639890670776,8.562560081481934,8.586879968643188,1.0469531116541475
4,single,16,1,projection,wmma_w4,16,128,128,64,0,12.221440076828003,12.216320037841797,12.22432017326355,763.8400048017502
4,single,64,1,state_update,wmma_w4,128,128,64,256,0,17.609920501708984,17.590399980545044,17.630399465560913,275.1550078392029
4,tokens_786432,64,12288,projection,wmma_w8,64,128,128,256,0,916.3270568847656,916.270751953125,916.4991760253906,1.1651701061055064
4,single,64,1,local_mix,wmma_w8,64,128,64,128,0,10.652799606323242,10.643199682235718,10.665600299835205,166.44999384880066
4,single,64,1,projection,wmma_w4,64,128,128,256,0,19.857280254364014,19.847359657287598,19.863359928131104,310.2700039744377
4,tokens_786432,16,49152,gram,wmma_w4,16,16,128,8,0,331.8912124633789,331.8636703491211,331.976318359375,0.42202150022300583
4,tokens_8192,16,512,gram,wmma_w4,16,16,128,8,0,7.465919852256775,7.448639869689941,7.466239929199219,0.9113671694649383
4,tokens_786432,32,24576,projection,wmma_w1,32,128,128,128,0,3107.0654296875,3106.6143798828125,3107.83447265625,3.9508379995822906
4,single,32,1,projection,wmma_w4,32,128,128,128,0,13.196159601211548,13.185919523239136,13.241920471191406,412.37998753786087
4,tokens_8192,32,256,local_mix,wmma_w8,32,128,32,32,0,6.909760236740112,6.908479928970337,6.918079853057861,0.8434765913989395
4,single,32,1,projection,wmma_w8,32,128,128,128,0,11.607999801635742,11.605440378189087,11.616640090942383,362.74999380111694
4,single,16,1,local_mix,wmma_w8,16,128,16,8,0,2.815679907798767,2.8035199642181396,2.8166401386260986,175.97999423742294
4,tokens_8192,32,256,gram,wmma_w1,32,32,128,32,0,15.470080375671387,15.45375943183899,15.471359491348267,1.8884375458583236
4,tokens_8192,16,512,projection,wmma_w1,16,128,128,64,0,38.87743949890137,38.83584022521973,38.94304037094116,4.745781188830733
4,single,64,1,state_update,wmma_w8,128,128,64,256,0,14.655040502548218,14.647680521011353,14.674559831619263,228.9850078523159
4,single,16,1,gram,wmma_w1,16,16,128,8,0,7.099519968032837,7.096959948539734,7.107840180397034,443.7199980020523
4,single,16,1,state_update,wmma_w4,128,128,16,64,0,9.290879964828491,9.290559887886047,9.291200041770935,580.6799978017807
4,tokens_8192,64,128,projection,wmma_w8,64,128,128,256,0,15.518079996109009,15.512319803237915,15.520000457763672,1.8942968745250255
4,single,16,1,gram,wmma_w8,16,16,128,8,0,4.1811200976371765,4.164159893989563,4.184640049934387,261.32000610232353
4,single,16,1,gram,wmma_w4,16,16,128,8,0,6.829439997673035,6.826239824295044,6.832960247993469,426.83999985456467
4,tokens_8192,64,128,state_update,wmma_w8,128,128,64,256,0,14.756159782409668,14.738880395889282,14.759039878845215,1.8012890359386802
4,single,16,1,state_update,wmma_w1,128,128,16,64,0,13.183039426803589,13.175040483474731,13.195199966430664,823.9399641752243
4,single,64,1,gram,wmma_w8,64,64,128,128,0,8.97599995136261,8.962240219116211,8.979520201683044,140.24999924004078
4,single,64,1,local_mix,wmma_w1,64,128,64,128,0,30.203518867492676,30.193920135498047,30.21087884902954,471.92998230457306
4,single,64,1,gram,wmma_w4,64,64,128,128,0,11.84607982635498,11.824320554733276,11.860159635543823,185.09499728679657
4,tokens_786432,16,49152,local_mix,wmma_w8,16,128,16,8,0,262.2470474243164,262.2230339050293,262.28416442871094,0.3334643649092565
4,tokens_8192,16,512,local_mix,wmma_w8,16,128,16,8,0,3.946560025215149,3.9369601011276245,3.9481601119041443,0.4817578155780211
4,tokens_786432,16,49152,local_mix,wmma_w1,16,128,16,8,0,188.84096145629883,188.7446403503418,188.85791778564453,0.24012369976844639
4,tokens_8192,32,256,local_mix,wmma_w4,32,128,32,32,0,6.465280055999756,6.4608001708984375,6.476799845695496,0.7892187568359077
4,tokens_786432,16,49152,projection,wmma_w8,16,128,128,64,0,1398.6111450195312,1398.5443115234375,1398.7501525878906,1.7784260368595521
4,tokens_786432,32,24576,projection,wmma_w4,32,128,128,128,0,1160.1165008544922,1159.898910522461,1160.1385498046875,1.4751644145386915
4,tokens_8192,16,512,projection,wmma_w8,16,128,128,64,0,15.421760082244873,15.412800312042236,15.431679487228394,1.8825390725396574
4,single,16,1,local_mix,wmma_w4,16,128,16,8,0,4.477120041847229,4.469119906425476,4.481599926948547,279.8200026154518
4,tokens_8192,32,256,projection,wmma_w1,32,128,128,128,0,43.657917976379395,43.64480018615723,43.67775917053223,5.329335690476
4,tokens_786432,16,49152,state_update,wmma_w8,128,128,16,64,0,1020.9967803955078,1020.771484375,1021.1939239501953,1.2982645421288908
4,single,32,1,local_mix,wmma_w4,32,128,32,32,0,5.271999835968018,5.265600085258484,5.286719799041748,164.74999487400055
4,tokens_786432,16,49152,state_update,wmma_w4,128,128,16,64,0,995.67138671875,995.5808258056641,1028.8502502441406,1.2660616387923558
4,tokens_786432,32,24576,projection,wmma_w8,32,128,128,128,0,1046.876449584961,1046.7107391357422,1046.9487762451172,1.3311722432263196
4,tokens_8192,16,512,state_update,wmma_w1,128,128,16,64,0,18.84768009185791,18.827519416809082,18.85535955429077,2.300742198713124
4,tokens_786432,64,12288,local_mix,wmma_w1,64,128,64,128,0,790.1651000976562,789.8544311523438,790.3177642822266,1.0047468822449446
4,tokens_8192,16,512,gram,wmma_w8,16,16,128,8,0,4.743039906024933,4.736959934234619,4.749760031700134,0.5789843635284342
4,tokens_786432,32,24576,state_update,wmma_w1,128,128,32,128,0,958.861083984375,958.5987091064453,958.9888000488281,1.219254918396473
4,single,64,1,projection,wmma_w1,64,128,128,256,0,56.456642150878906,56.448001861572266,56.46815776824951,882.1350336074829
4,tokens_8192,16,512,local_mix,wmma_w4,16,128,16,8,0,5.5641597509384155,5.560320019721985,5.564799904823303,0.6792187195969746
4,tokens_786432,64,12288,gram,wmma_w1,64,64,128,128,0,1183.802261352539,1183.4905242919922,1183.8925170898438,1.5052824164740741
4,tokens_786432,16,49152,gram,wmma_w1,16,16,128,8,0,234.35775756835938,234.3187141418457,234.3836784362793,0.29800129899134237
4,single,32,1,gram,wmma_w4,32,32,128,32,0,4.936000108718872,4.930559992790222,4.944640100002289,154.25000339746475
4,tokens_8192,64,128,gram,wmma_w1,64,64,128,128,0,35.33279895782471,35.3273606300354,35.33504009246826,4.313085810281336
4,tokens_786432,64,12288,local_mix,wmma_w4,64,128,64,128,0,492.3324966430664,492.26879119873047,492.3654556274414,0.626033142907545
4,tokens_8192,32,256,local_mix,wmma_w1,32,128,32,32,0,11.99552059173584,11.981760263442993,12.029119729995728,1.4642969472333789
4,tokens_8192,64,128,local_mix,wmma_w4,64,128,64,128,0,11.06719970703125,11.062400341033936,11.087679862976074,1.3509765267372131
4,tokens_786432,64,12288,state_update,wmma_w4,128,128,64,256,0,937.7693176269531,937.7593231201172,937.7801513671875,1.19243535057952
4,tokens_786432,32,24576,local_mix,wmma_w8,32,128,32,32,0,344.2230224609375,344.17022705078125,344.3094253540039,0.4377022075156371
4,single,16,1,projection,wmma_w8,16,128,128,64,0,7.995200157165527,7.984640002250671,7.99776017665863,499.70000982284546
4,single,16,1,projection,wmma_w1,16,128,128,64,0,32.784318923950195,32.77440071105957,32.797439098358154,2049.019932746887
4,tokens_786432,16,49152,local_mix,wmma_w4,16,128,16,8,0,246.37855529785156,246.35103225708008,246.44319534301758,0.31328653373445076
4,tokens_786432,16,49152,projection,wmma_w4,16,128,128,64,0,1684.3962097167969,1684.2057800292969,1684.619140625,2.141820538478593
4,tokens_786432,64,12288,projection,wmma_w4,64,128,128,256,0,1016.9734191894531,1016.7052459716797,1017.0169830322266,1.2931485737984378
4,tokens_786432,32,24576,local_mix,wmma_w4,32,128,32,32,0,255.2351951599121,255.18560409545898,255.27423858642578,0.32454833368926
4,tokens_8192,16,512,local_mix,wmma_w1,16,128,16,8,0,6.924160122871399,6.912320256233215,6.932160258293152,0.8452343899989501
4,single,64,1,state_update,wmma_w1,128,128,64,256,0,48.50304126739502,48.49567890167236,48.511362075805664,757.8600198030472
4,tokens_8192,16,512,projection,wmma_w4,16,128,128,64,0,19.367680549621582,19.349119663238525,19.37183976173401,2.3642188170924783
4,tokens_8192,64,128,projection,wmma_w4,64,128,128,256,0,19.99168038368225,19.98528003692627,20.003840923309326,2.4403906718362123
4,tokens_8192,16,512,gram,wmma_w1,16,16,128,8,0,7.713599801063538,7.709439992904663,7.727360129356384,0.9416015382157639
4,single,64,1,projection,wmma_w8,64,128,128,256,0,15.397759675979614,15.393279790878296,15.408639907836914,240.58999493718147
4,tokens_8192,64,128,projection,wmma_w1,64,128,128,256,0,56.857919692993164,56.84544086456299,56.864638328552246,6.94066402502358
4,tokens_786432,64,12288,projection,wmma_w1,64,128,128,256,0,2609.4573974609375,2608.73046875,2609.8565673828125,3.318096666286389
4,single,32,1,projection,wmma_w1,32,128,128,128,0,39.629759788513184,39.59775924682617,39.664320945739746,1238.429993391037
4,single,32,1,state_update,wmma_w1,128,128,32,128,0,23.903040885925293,23.90144109725952,23.914880752563477,746.9700276851654
4,tokens_8192,16,512,state_update,wmma_w8,128,128,16,64,0,14.23807978630066,14.229120016098022,14.281280040740967,1.7380468489136547
4,single,32,1,gram,wmma_w1,32,32,128,32,0,14.736319780349731,14.733439683914185,14.756799936294556,460.5099931359291
4,tokens_8192,32,256,state_update,wmma_w8,128,128,32,128,0,15.86143970489502,15.85536003112793,15.880000591278076,1.9362109014764428
4,tokens_786432,16,49152,projection,wmma_w1,16,128,128,64,0,4104.5599365234375,4104.251403808594,4104.653625488281,5.2192178554832935
4,tokens_8192,32,256,projection,wmma_w4,32,128,128,128,0,18.171199560165405,18.16704034805298,18.179839849472046,2.2181640088092536
4,tokens_8192,32,256,gram,wmma_w4,32,32,128,32,0,5.9887999296188354,5.984960198402405,5.994880199432373,0.7310546789085492
4,tokens_786432,64,12288,gram,wmma_w8,64,64,128,128,0,482.2835159301758,482.20062255859375,482.3206329345703,0.6132552031582842
4,tokens_786432,32,24576,state_update,wmma_w8,128,128,32,128,0,904.9913787841797,904.9260711669922,905.1084899902344,1.1507560460207362
4,tokens_786432,64,12288,state_update,wmma_w1,128,128,64,256,0,1632.8189086914062,1632.5343322753906,1633.10302734375,2.076236608748635
4,single,32,1,gram,wmma_w8,32,32,128,32,0,7.4537599086761475,7.446079850196838,7.464640140533447,232.9299971461296
4,single,64,1,local_mix,wmma_w4,64,128,64,128,0,10.902080535888672,10.8896005153656,10.91264009475708,170.3450083732605
4,tokens_8192,64,128,gram,wmma_w4,64,64,128,128,0,11.96992039680481,11.969280242919922,11.984319686889648,1.461171923438087
4,tokens_786432,32,24576,gram,wmma_w1,32,32,128,32,0,482.9225540161133,482.8726577758789,482.92736053466797,0.6140677821046362
4,tokens_786432,32,24576,local_mix,wmma_w1,32,128,32,32,0,313.60511779785156,313.51999282836914,313.69760513305664,0.39876952844982344
4,tokens_8192,32,256,state_update,wmma_w1,128,128,32,128,0,26.92512035369873,26.916799545288086,26.934399604797363,3.2867578556761146
4,tokens_786432,16,49152,state_update,wmma_w1,128,128,16,64,0,977.0921325683594,976.9449615478516,977.2364807128906,1.2424368954574068
4,tokens_8192,16,512,state_update,wmma_w4,128,128,16,64,0,16.927039623260498,16.916799545288086,16.93503975868225,2.0662890165112913
4,single,64,1,gram,wmma_w1,64,64,128,128,0,34.84031915664673,34.838080406188965,34.865920543670654,544.3799868226051
4,tokens_8192,64,128,local_mix,wmma_w1,64,128,64,128,0,30.602879524230957,30.600640773773193,30.60512065887451,3.7357030669227242
4,single,16,1,state_update,wmma_w8,128,128,16,64,0,6.382079720497131,6.363840103149414,6.384959816932678,398.8799825310707
4,tokens_8192,64,128,local_mix,wmma_w8,64,128,64,128,0,10.741440057754517,10.726720094680786,10.744960308074951,1.311210944550112
4,tokens_8192,64,128,state_update,wmma_w1,128,128,64,256,0,48.7443208694458,48.73472213745117,48.75328063964844,5.950234481133521
4,tokens_786432,32,24576,state_update,wmma_w4,128,128,32,128,0,852.1238708496094,852.0953369140625,852.1292877197266,1.0835315333679318
4,single,16,1,local_mix,wmma_w1,16,128,16,8,0,6.037759780883789,6.027839779853821,6.05184018611908,377.3599863052368
