timestamp, uuid, clocks.current.sm [MHz], power.draw [W], temperature.gpu
2026/09/10 11:43:06.272, GPU-dadf9f3b-df58-d3fa-07b0-5fe223423db1, 2032 MHz, 439.37 W, 39
2026/09/10 11:43:06.477, GPU-dadf9f3b-df58-d3fa-07b0-5fe223423db1, 2032 MHz, 456.09 W, 41
2026/09/10 11:43:06.677, GPU-dadf9f3b-df58-d3fa-07b0-5fe223423db1, 2032 MHz, 486.06 W, 41
2026/09/10 11:43:06.877, GPU-dadf9f3b-df58-d3fa-07b0-5fe223423db1, 2032 MHz, 551.66 W, 42
2026/09/10 11:43:07.077, GPU-dadf9f3b-df58-d3fa-07b0-5fe223423db1, 2032 MHz, 576.87 W, 41
2026/09/10 11:43:07.278, GPU-dadf9f3b-df58-d3fa-07b0-5fe223423db1, 2032 MHz, 573.57 W, 41
2026/09/10 11:43:07.478, GPU-dadf9f3b-df58-d3fa-07b0-5fe223423db1, 2032 MHz, 575.55 W, 41
2026/09/10 11:43:07.678, GPU-dadf9f3b-df58-d3fa-07b0-5fe223423db1, 2032 MHz, 559.42 W, 41
2026/09/10 11:43:07.878, GPU-dadf9f3b-df58-d3fa-07b0-5fe223423db1, 2032 MHz, 524.73 W, 40
2026/09/10 11:43:08.078, GPU-dadf9f3b-df58-d3fa-07b0-5fe223423db1, 2032 MHz, 547.34 W, 42
2026/09/10 11:43:08.278, GPU-dadf9f3b-df58-d3fa-07b0-5fe223423db1, 2032 MHz, 576.34 W, 43
2026/09/10 11:43:08.478, GPU-dadf9f3b-df58-d3fa-07b0-5fe223423db1, 2032 MHz, 600.42 W, 43
2026/09/10 11:43:08.678, GPU-dadf9f3b-df58-d3fa-07b0-5fe223423db1, 2032 MHz, 622.03 W, 43
2026/09/10 11:43:08.878, GPU-dadf9f3b-df58-d3fa-07b0-5fe223423db1, 2032 MHz, 690.64 W, 44
2026/09/10 11:43:09.078, GPU-dadf9f3b-df58-d3fa-07b0-5fe223423db1, 2032 MHz, 727.59 W, 45
2026/09/10 11:43:09.278, GPU-dadf9f3b-df58-d3fa-07b0-5fe223423db1, 2032 MHz, 756.47 W, 45
2026/09/10 11:43:09.478, GPU-dadf9f3b-df58-d3fa-07b0-5fe223423db1, 2032 MHz, 727.91 W, 43
2026/09/10 11:43:09.678, GPU-dadf9f3b-df58-d3fa-07b0-5fe223423db1, 2032 MHz, 733.94 W, 44
2026/09/10 11:43:09.878, GPU-dadf9f3b-df58-d3fa-07b0-5fe223423db1, 2032 MHz, 739.42 W, 45
2026/09/10 11:43:10.079, GPU-dadf9f3b-df58-d3fa-07b0-5fe223423db1, 2032 MHz, 743.13 W, 46
2026/09/10 11:43:10.279, GPU-dadf9f3b-df58-d3fa-07b0-5fe223423db1, 2032 MHz, 701.47 W, 43
2026/09/10 11:43:10.479, GPU-dadf9f3b-df58-d3fa-07b0-5fe223423db1, 2032 MHz, 666.60 W, 41
2026/09/10 11:43:10.679, GPU-dadf9f3b-df58-d3fa-07b0-5fe223423db1, 2032 MHz, 606.92 W, 40
2026/09/10 11:43:10.879, GPU-dadf9f3b-df58-d3fa-07b0-5fe223423db1, 2032 MHz, 520.61 W, 40
2026/09/10 11:43:11.079, GPU-dadf9f3b-df58-d3fa-07b0-5fe223423db1, 2032 MHz, 420.66 W, 39
2026/09/10 11:43:11.279, GPU-dadf9f3b-df58-d3fa-07b0-5fe223423db1, 2032 MHz, 375.06 W, 39
2026/09/10 11:43:11.479, GPU-dadf9f3b-df58-d3fa-07b0-5fe223423db1, 2032 MHz, 374.57 W, 39
2026/09/10 11:43:11.679, GPU-dadf9f3b-df58-d3fa-07b0-5fe223423db1, 2032 MHz, 374.30 W, 39
2026/09/10 11:43:11.879, GPU-dadf9f3b-df58-d3fa-07b0-5fe223423db1, 2032 MHz, 374.28 W, 39
2026/09/10 11:43:12.079, GPU-dadf9f3b-df58-d3fa-07b0-5fe223423db1, 2032 MHz, 374.03 W, 39
2026/09/10 11:43:12.279, GPU-dadf9f3b-df58-d3fa-07b0-5fe223423db1, 2032 MHz, 427.32 W, 41
2026/09/10 11:43:12.479, GPU-dadf9f3b-df58-d3fa-07b0-5fe223423db1, 2032 MHz, 491.85 W, 43
2026/09/10 11:43:12.680, GPU-dadf9f3b-df58-d3fa-07b0-5fe223423db1, 2032 MHz, 552.79 W, 43
2026/09/10 11:43:12.880, GPU-dadf9f3b-df58-d3fa-07b0-5fe223423db1, 2032 MHz, 588.37 W, 41
2026/09/10 11:43:13.080, GPU-dadf9f3b-df58-d3fa-07b0-5fe223423db1, 2032 MHz, 592.11 W, 40
2026/09/10 11:43:13.280, GPU-dadf9f3b-df58-d3fa-07b0-5fe223423db1, 2032 MHz, 545.47 W, 40
2026/09/10 11:43:13.480, GPU-dadf9f3b-df58-d3fa-07b0-5fe223423db1, 2032 MHz, 481.03 W, 40
2026/09/10 11:43:13.680, GPU-dadf9f3b-df58-d3fa-07b0-5fe223423db1, 2032 MHz, 450.49 W, 41
2026/09/10 11:43:13.880, GPU-dadf9f3b-df58-d3fa-07b0-5fe223423db1, 2032 MHz, 444.45 W, 41
2026/09/10 11:43:14.080, GPU-dadf9f3b-df58-d3fa-07b0-5fe223423db1, 2032 MHz, 477.15 W, 42
2026/09/10 11:43:14.280, GPU-dadf9f3b-df58-d3fa-07b0-5fe223423db1, 2032 MHz, 523.52 W, 42
2026/09/10 11:43:14.480, GPU-dadf9f3b-df58-d3fa-07b0-5fe223423db1, 2032 MHz, 544.03 W, 42
2026/09/10 11:43:14.680, GPU-dadf9f3b-df58-d3fa-07b0-5fe223423db1, 2032 MHz, 544.93 W, 42
2026/09/10 11:43:14.880, GPU-dadf9f3b-df58-d3fa-07b0-5fe223423db1, 2032 MHz, 532.92 W, 41
2026/09/10 11:43:15.080, GPU-dadf9f3b-df58-d3fa-07b0-5fe223423db1, 2032 MHz, 498.42 W, 40
2026/09/10 11:43:15.281, GPU-dadf9f3b-df58-d3fa-07b0-5fe223423db1, 2032 MHz, 452.37 W, 40
2026/09/10 11:43:15.481, GPU-dadf9f3b-df58-d3fa-07b0-5fe223423db1, 2032 MHz, 429.18 W, 39
2026/09/10 11:43:15.681, GPU-dadf9f3b-df58-d3fa-07b0-5fe223423db1, 2032 MHz, 404.90 W, 39
2026/09/10 11:43:15.881, GPU-dadf9f3b-df58-d3fa-07b0-5fe223423db1, 2032 MHz, 384.71 W, 39
2026/09/10 11:43:16.081, GPU-dadf9f3b-df58-d3fa-07b0-5fe223423db1, 2032 MHz, 384.39 W, 39
2026/09/10 11:43:16.281, GPU-dadf9f3b-df58-d3fa-07b0-5fe223423db1, 2032 MHz, 384.18 W, 39
2026/09/10 11:43:16.481, GPU-dadf9f3b-df58-d3fa-07b0-5fe223423db1, 2032 MHz, 384.08 W, 39
2026/09/10 11:43:16.681, GPU-dadf9f3b-df58-d3fa-07b0-5fe223423db1, 2032 MHz, 384.07 W, 39
2026/09/10 11:43:16.881, GPU-dadf9f3b-df58-d3fa-07b0-5fe223423db1, 2032 MHz, 384.04 W, 39
2026/09/10 11:43:17.081, GPU-dadf9f3b-df58-d3fa-07b0-5fe223423db1, 2032 MHz, 384.04 W, 39
2026/09/10 11:43:17.281, GPU-dadf9f3b-df58-d3fa-07b0-5fe223423db1, 2032 MHz, 384.04 W, 39
2026/09/10 11:43:17.481, GPU-dadf9f3b-df58-d3fa-07b0-5fe223423db1, 2032 MHz, 413.26 W, 40
2026/09/10 11:43:17.681, GPU-dadf9f3b-df58-d3fa-07b0-5fe223423db1, 2032 MHz, 443.27 W, 41
2026/09/10 11:43:17.881, GPU-dadf9f3b-df58-d3fa-07b0-5fe223423db1, 2032 MHz, 471.87 W, 41
2026/09/10 11:43:18.082, GPU-dadf9f3b-df58-d3fa-07b0-5fe223423db1, 2032 MHz, 501.44 W, 41
2026/09/10 11:43:18.282, GPU-dadf9f3b-df58-d3fa-07b0-5fe223423db1, 2032 MHz, 533.88 W, 41
2026/09/10 11:43:18.482, GPU-dadf9f3b-df58-d3fa-07b0-5fe223423db1, 2032 MHz, 534.94 W, 41
2026/09/10 11:43:18.682, GPU-dadf9f3b-df58-d3fa-07b0-5fe223423db1, 2032 MHz, 534.84 W, 41
2026/09/10 11:43:18.882, GPU-dadf9f3b-df58-d3fa-07b0-5fe223423db1, 2032 MHz, 534.56 W, 42
2026/09/10 11:43:19.082, GPU-dadf9f3b-df58-d3fa-07b0-5fe223423db1, 2032 MHz, 535.05 W, 42
2026/09/10 11:43:19.282, GPU-dadf9f3b-df58-d3fa-07b0-5fe223423db1, 2032 MHz, 537.19 W, 42
2026/09/10 11:43:19.482, GPU-dadf9f3b-df58-d3fa-07b0-5fe223423db1, 2032 MHz, 544.09 W, 42
2026/09/10 11:43:19.682, GPU-dadf9f3b-df58-d3fa-07b0-5fe223423db1, 2032 MHz, 551.22 W, 42
2026/09/10 11:43:19.882, GPU-dadf9f3b-df58-d3fa-07b0-5fe223423db1, 2032 MHz, 556.53 W, 42
2026/09/10 11:43:20.083, GPU-dadf9f3b-df58-d3fa-07b0-5fe223423db1, 2032 MHz, 565.91 W, 42
2026/09/10 11:43:20.283, GPU-dadf9f3b-df58-d3fa-07b0-5fe223423db1, 2032 MHz, 558.09 W, 41
2026/09/10 11:43:20.483, GPU-dadf9f3b-df58-d3fa-07b0-5fe223423db1, 2032 MHz, 595.66 W, 44
2026/09/10 11:43:20.683, GPU-dadf9f3b-df58-d3fa-07b0-5fe223423db1, 2032 MHz, 650.48 W, 45
2026/09/10 11:43:20.883, GPU-dadf9f3b-df58-d3fa-07b0-5fe223423db1, 2032 MHz, 707.03 W, 46
2026/09/10 11:43:21.083, GPU-dadf9f3b-df58-d3fa-07b0-5fe223423db1, 2032 MHz, 697.45 W, 44
2026/09/10 11:43:21.283, GPU-dadf9f3b-df58-d3fa-07b0-5fe223423db1, 2032 MHz, 706.65 W, 43
2026/09/10 11:43:21.483, GPU-dadf9f3b-df58-d3fa-07b0-5fe223423db1, 2032 MHz, 679.69 W, 43
2026/09/10 11:43:21.683, GPU-dadf9f3b-df58-d3fa-07b0-5fe223423db1, 2032 MHz, 632.16 W, 43
2026/09/10 11:43:21.883, GPU-dadf9f3b-df58-d3fa-07b0-5fe223423db1, 2032 MHz, 580.50 W, 43
2026/09/10 11:43:22.083, GPU-dadf9f3b-df58-d3fa-07b0-5fe223423db1, 2032 MHz, 582.53 W, 43
2026/09/10 11:43:22.283, GPU-dadf9f3b-df58-d3fa-07b0-5fe223423db1, 2032 MHz, 581.70 W, 42
2026/09/10 11:43:22.483, GPU-dadf9f3b-df58-d3fa-07b0-5fe223423db1, 2032 MHz, 537.81 W, 41
2026/09/10 11:43:22.684, GPU-dadf9f3b-df58-d3fa-07b0-5fe223423db1, 2032 MHz, 495.64 W, 40
2026/09/10 11:43:22.884, GPU-dadf9f3b-df58-d3fa-07b0-5fe223423db1, 2032 MHz, 453.55 W, 40
2026/09/10 11:43:23.084, GPU-dadf9f3b-df58-d3fa-07b0-5fe223423db1, 2032 MHz, 409.08 W, 40
2026/09/10 11:43:23.284, GPU-dadf9f3b-df58-d3fa-07b0-5fe223423db1, 2032 MHz, 365.24 W, 39
2026/09/10 11:43:23.484, GPU-dadf9f3b-df58-d3fa-07b0-5fe223423db1, 2032 MHz, 364.94 W, 39
2026/09/10 11:43:23.684, GPU-dadf9f3b-df58-d3fa-07b0-5fe223423db1, 2032 MHz, 364.83 W, 39
2026/09/10 11:43:23.884, GPU-dadf9f3b-df58-d3fa-07b0-5fe223423db1, 2032 MHz, 359.49 W, 39
2026/09/10 11:43:24.084, GPU-dadf9f3b-df58-d3fa-07b0-5fe223423db1, 2032 MHz, 369.12 W, 40
2026/09/10 11:43:24.284, GPU-dadf9f3b-df58-d3fa-07b0-5fe223423db1, 2032 MHz, 382.59 W, 40
2026/09/10 11:43:24.484, GPU-dadf9f3b-df58-d3fa-07b0-5fe223423db1, 2032 MHz, 396.28 W, 40
2026/09/10 11:43:24.684, GPU-dadf9f3b-df58-d3fa-07b0-5fe223423db1, 2032 MHz, 408.78 W, 40
2026/09/10 11:43:24.884, GPU-dadf9f3b-df58-d3fa-07b0-5fe223423db1, 2032 MHz, 425.23 W, 40
2026/09/10 11:43:25.084, GPU-dadf9f3b-df58-d3fa-07b0-5fe223423db1, 2032 MHz, 478.98 W, 42
2026/09/10 11:43:25.284, GPU-dadf9f3b-df58-d3fa-07b0-5fe223423db1, 2032 MHz, 503.86 W, 42
2026/09/10 11:43:25.485, GPU-dadf9f3b-df58-d3fa-07b0-5fe223423db1, 2032 MHz, 528.64 W, 42
2026/09/10 11:43:25.685, GPU-dadf9f3b-df58-d3fa-07b0-5fe223423db1, 2032 MHz, 534.92 W, 40
2026/09/10 11:43:25.885, GPU-dadf9f3b-df58-d3fa-07b0-5fe223423db1, 2032 MHz, 541.10 W, 41
2026/09/10 11:43:26.085, GPU-dadf9f3b-df58-d3fa-07b0-5fe223423db1, 2032 MHz, 524.34 W, 42
2026/09/10 11:43:26.285, GPU-dadf9f3b-df58-d3fa-07b0-5fe223423db1, 2032 MHz, 531.62 W, 42
2026/09/10 11:43:26.485, GPU-dadf9f3b-df58-d3fa-07b0-5fe223423db1, 2032 MHz, 530.08 W, 42
2026/09/10 11:43:26.685, GPU-dadf9f3b-df58-d3fa-07b0-5fe223423db1, 2032 MHz, 548.43 W, 42
2026/09/10 11:43:26.885, GPU-dadf9f3b-df58-d3fa-07b0-5fe223423db1, 2032 MHz, 589.43 W, 42
2026/09/10 11:43:27.085, GPU-dadf9f3b-df58-d3fa-07b0-5fe223423db1, 2032 MHz, 557.16 W, 41
2026/09/10 11:43:27.285, GPU-dadf9f3b-df58-d3fa-07b0-5fe223423db1, 2032 MHz, 528.74 W, 41
2026/09/10 11:43:27.485, GPU-dadf9f3b-df58-d3fa-07b0-5fe223423db1, 2032 MHz, 517.30 W, 42
2026/09/10 11:43:27.685, GPU-dadf9f3b-df58-d3fa-07b0-5fe223423db1, 2032 MHz, 514.06 W, 42
2026/09/10 11:43:27.885, GPU-dadf9f3b-df58-d3fa-07b0-5fe223423db1, 2032 MHz, 491.02 W, 42
2026/09/10 11:43:28.085, GPU-dadf9f3b-df58-d3fa-07b0-5fe223423db1, 2032 MHz, 530.83 W, 43
2026/09/10 11:43:28.286, GPU-dadf9f3b-df58-d3fa-07b0-5fe223423db1, 2032 MHz, 541.45 W, 41
2026/09/10 11:43:28.486, GPU-dadf9f3b-df58-d3fa-07b0-5fe223423db1, 2032 MHz, 522.58 W, 41
2026/09/10 11:43:28.686, GPU-dadf9f3b-df58-d3fa-07b0-5fe223423db1, 2032 MHz, 488.44 W, 40
2026/09/10 11:43:28.886, GPU-dadf9f3b-df58-d3fa-07b0-5fe223423db1, 2032 MHz, 456.97 W, 40
2026/09/10 11:43:29.086, GPU-dadf9f3b-df58-d3fa-07b0-5fe223423db1, 2032 MHz, 413.89 W, 40
2026/09/10 11:43:29.286, GPU-dadf9f3b-df58-d3fa-07b0-5fe223423db1, 2032 MHz, 388.82 W, 39
2026/09/10 11:43:29.486, GPU-dadf9f3b-df58-d3fa-07b0-5fe223423db1, 2032 MHz, 387.32 W, 39
2026/09/10 11:43:29.686, GPU-dadf9f3b-df58-d3fa-07b0-5fe223423db1, 2032 MHz, 385.89 W, 39
2026/09/10 11:43:29.886, GPU-dadf9f3b-df58-d3fa-07b0-5fe223423db1, 2032 MHz, 384.48 W, 39
2026/09/10 11:43:30.086, GPU-dadf9f3b-df58-d3fa-07b0-5fe223423db1, 2032 MHz, 384.40 W, 39
2026/09/10 11:43:30.286, GPU-dadf9f3b-df58-d3fa-07b0-5fe223423db1, 2032 MHz, 384.28 W, 39
2026/09/10 11:43:30.486, GPU-dadf9f3b-df58-d3fa-07b0-5fe223423db1, 2032 MHz, 384.32 W, 39
2026/09/10 11:43:30.686, GPU-dadf9f3b-df58-d3fa-07b0-5fe223423db1, 2032 MHz, 384.27 W, 39
2026/09/10 11:43:30.887, GPU-dadf9f3b-df58-d3fa-07b0-5fe223423db1, 2032 MHz, 384.24 W, 39
2026/09/10 11:43:31.087, GPU-dadf9f3b-df58-d3fa-07b0-5fe223423db1, 2032 MHz, 384.11 W, 39
2026/09/10 11:43:31.287, GPU-dadf9f3b-df58-d3fa-07b0-5fe223423db1, 2032 MHz, 384.12 W, 39
2026/09/10 11:43:31.487, GPU-dadf9f3b-df58-d3fa-07b0-5fe223423db1, 2032 MHz, 396.05 W, 40
2026/09/10 11:43:31.687, GPU-dadf9f3b-df58-d3fa-07b0-5fe223423db1, 2032 MHz, 421.24 W, 41
2026/09/10 11:43:31.887, GPU-dadf9f3b-df58-d3fa-07b0-5fe223423db1, 2032 MHz, 483.31 W, 42
2026/09/10 11:43:32.087, GPU-dadf9f3b-df58-d3fa-07b0-5fe223423db1, 2032 MHz, 546.30 W, 43
2026/09/10 11:43:32.287, GPU-dadf9f3b-df58-d3fa-07b0-5fe223423db1, 2032 MHz, 582.54 W, 43
2026/09/10 11:43:32.487, GPU-dadf9f3b-df58-d3fa-07b0-5fe223423db1, 2032 MHz, 616.01 W, 43
2026/09/10 11:43:32.687, GPU-dadf9f3b-df58-d3fa-07b0-5fe223423db1, 2032 MHz, 629.37 W, 42
2026/09/10 11:43:32.887, GPU-dadf9f3b-df58-d3fa-07b0-5fe223423db1, 2032 MHz, 600.61 W, 42
2026/09/10 11:43:33.087, GPU-dadf9f3b-df58-d3fa-07b0-5fe223423db1, 2032 MHz, 572.01 W, 42
2026/09/10 11:43:33.287, GPU-dadf9f3b-df58-d3fa-07b0-5fe223423db1, 2032 MHz, 565.95 W, 42
2026/09/10 11:43:33.488, GPU-dadf9f3b-df58-d3fa-07b0-5fe223423db1, 2032 MHz, 545.70 W, 42
2026/09/10 11:43:33.688, GPU-dadf9f3b-df58-d3fa-07b0-5fe223423db1, 2032 MHz, 591.28 W, 44
2026/09/10 11:43:33.888, GPU-dadf9f3b-df58-d3fa-07b0-5fe223423db1, 2032 MHz, 644.66 W, 45
2026/09/10 11:43:34.088, GPU-dadf9f3b-df58-d3fa-07b0-5fe223423db1, 2032 MHz, 700.86 W, 46
2026/09/10 11:43:34.288, GPU-dadf9f3b-df58-d3fa-07b0-5fe223423db1, 2032 MHz, 705.91 W, 44
2026/09/10 11:43:34.488, GPU-dadf9f3b-df58-d3fa-07b0-5fe223423db1, 2032 MHz, 705.70 W, 44
2026/09/10 11:43:34.688, GPU-dadf9f3b-df58-d3fa-07b0-5fe223423db1, 2032 MHz, 682.93 W, 44
2026/09/10 11:43:34.888, GPU-dadf9f3b-df58-d3fa-07b0-5fe223423db1, 2032 MHz, 648.34 W, 44
2026/09/10 11:43:35.088, GPU-dadf9f3b-df58-d3fa-07b0-5fe223423db1, 2032 MHz, 608.95 W, 44
2026/09/10 11:43:35.288, GPU-dadf9f3b-df58-d3fa-07b0-5fe223423db1, 2032 MHz, 610.06 W, 43
2026/09/10 11:43:35.488, GPU-dadf9f3b-df58-d3fa-07b0-5fe223423db1, 2032 MHz, 608.59 W, 43
2026/09/10 11:43:35.688, GPU-dadf9f3b-df58-d3fa-07b0-5fe223423db1, 2032 MHz, 599.55 W, 43
2026/09/10 11:43:35.888, GPU-dadf9f3b-df58-d3fa-07b0-5fe223423db1, 2032 MHz, 604.60 W, 44
2026/09/10 11:43:36.088, GPU-dadf9f3b-df58-d3fa-07b0-5fe223423db1, 2032 MHz, 612.41 W, 44
2026/09/10 11:43:36.289, GPU-dadf9f3b-df58-d3fa-07b0-5fe223423db1, 2032 MHz, 622.69 W, 43
2026/09/10 11:43:36.489, GPU-dadf9f3b-df58-d3fa-07b0-5fe223423db1, 2032 MHz, 632.34 W, 43
2026/09/10 11:43:36.689, GPU-dadf9f3b-df58-d3fa-07b0-5fe223423db1, 2032 MHz, 591.38 W, 41
2026/09/10 11:43:36.889, GPU-dadf9f3b-df58-d3fa-07b0-5fe223423db1, 2032 MHz, 534.39 W, 40
2026/09/10 11:43:37.089, GPU-dadf9f3b-df58-d3fa-07b0-5fe223423db1, 2032 MHz, 474.14 W, 40
2026/09/10 11:43:37.289, GPU-dadf9f3b-df58-d3fa-07b0-5fe223423db1, 2032 MHz, 418.67 W, 40
2026/09/10 11:43:37.489, GPU-dadf9f3b-df58-d3fa-07b0-5fe223423db1, 2032 MHz, 375.12 W, 40
2026/09/10 11:43:37.689, GPU-dadf9f3b-df58-d3fa-07b0-5fe223423db1, 2032 MHz, 374.68 W, 40
2026/09/10 11:43:37.889, GPU-dadf9f3b-df58-d3fa-07b0-5fe223423db1, 2032 MHz, 374.45 W, 39
2026/09/10 11:43:38.089, GPU-dadf9f3b-df58-d3fa-07b0-5fe223423db1, 2032 MHz, 374.39 W, 39
2026/09/10 11:43:38.289, GPU-dadf9f3b-df58-d3fa-07b0-5fe223423db1, 2032 MHz, 374.40 W, 39
2026/09/10 11:43:38.489, GPU-dadf9f3b-df58-d3fa-07b0-5fe223423db1, 2032 MHz, 403.88 W, 40
2026/09/10 11:43:38.690, GPU-dadf9f3b-df58-d3fa-07b0-5fe223423db1, 2032 MHz, 426.13 W, 41
2026/09/10 11:43:38.890, GPU-dadf9f3b-df58-d3fa-07b0-5fe223423db1, 2032 MHz, 452.31 W, 41
2026/09/10 11:43:39.090, GPU-dadf9f3b-df58-d3fa-07b0-5fe223423db1, 2032 MHz, 480.58 W, 41
2026/09/10 11:43:39.290, GPU-dadf9f3b-df58-d3fa-07b0-5fe223423db1, 2032 MHz, 497.05 W, 41
2026/09/10 11:43:39.490, GPU-dadf9f3b-df58-d3fa-07b0-5fe223423db1, 2032 MHz, 483.56 W, 41
2026/09/10 11:43:39.690, GPU-dadf9f3b-df58-d3fa-07b0-5fe223423db1, 2032 MHz, 493.19 W, 42
2026/09/10 11:43:39.890, GPU-dadf9f3b-df58-d3fa-07b0-5fe223423db1, 2032 MHz, 508.54 W, 42
2026/09/10 11:43:40.090, GPU-dadf9f3b-df58-d3fa-07b0-5fe223423db1, 2032 MHz, 523.93 W, 42
2026/09/10 11:43:40.290, GPU-dadf9f3b-df58-d3fa-07b0-5fe223423db1, 2032 MHz, 547.75 W, 43
2026/09/10 11:43:40.490, GPU-dadf9f3b-df58-d3fa-07b0-5fe223423db1, 2032 MHz, 568.58 W, 42
2026/09/10 11:43:40.690, GPU-dadf9f3b-df58-d3fa-07b0-5fe223423db1, 2032 MHz, 572.66 W, 42
2026/09/10 11:43:40.890, GPU-dadf9f3b-df58-d3fa-07b0-5fe223423db1, 2032 MHz, 563.09 W, 42
2026/09/10 11:43:41.090, GPU-dadf9f3b-df58-d3fa-07b0-5fe223423db1, 2032 MHz, 553.43 W, 42
2026/09/10 11:43:41.291, GPU-dadf9f3b-df58-d3fa-07b0-5fe223423db1, 2032 MHz, 544.33 W, 43
2026/09/10 11:43:41.491, GPU-dadf9f3b-df58-d3fa-07b0-5fe223423db1, 2032 MHz, 544.62 W, 43
2026/09/10 11:43:41.691, GPU-dadf9f3b-df58-d3fa-07b0-5fe223423db1, 2032 MHz, 605.81 W, 45
2026/09/10 11:43:41.891, GPU-dadf9f3b-df58-d3fa-07b0-5fe223423db1, 2032 MHz, 667.02 W, 46
2026/09/10 11:43:42.091, GPU-dadf9f3b-df58-d3fa-07b0-5fe223423db1, 2032 MHz, 693.34 W, 43
2026/09/10 11:43:42.291, GPU-dadf9f3b-df58-d3fa-07b0-5fe223423db1, 2032 MHz, 659.70 W, 42
2026/09/10 11:43:42.491, GPU-dadf9f3b-df58-d3fa-07b0-5fe223423db1, 2032 MHz, 617.70 W, 41
2026/09/10 11:43:42.691, GPU-dadf9f3b-df58-d3fa-07b0-5fe223423db1, 2032 MHz, 528.62 W, 40
2026/09/10 11:43:42.891, GPU-dadf9f3b-df58-d3fa-07b0-5fe223423db1, 2032 MHz, 426.77 W, 40
2026/09/10 11:43:43.091, GPU-dadf9f3b-df58-d3fa-07b0-5fe223423db1, 2032 MHz, 365.70 W, 40
2026/09/10 11:43:43.291, GPU-dadf9f3b-df58-d3fa-07b0-5fe223423db1, 2032 MHz, 365.32 W, 40
2026/09/10 11:43:43.491, GPU-dadf9f3b-df58-d3fa-07b0-5fe223423db1, 2032 MHz, 364.93 W, 39
2026/09/10 11:43:43.691, GPU-dadf9f3b-df58-d3fa-07b0-5fe223423db1, 2032 MHz, 385.85 W, 41
2026/09/10 11:43:43.891, GPU-dadf9f3b-df58-d3fa-07b0-5fe223423db1, 2032 MHz, 427.89 W, 42
2026/09/10 11:43:44.092, GPU-dadf9f3b-df58-d3fa-07b0-5fe223423db1, 2032 MHz, 520.22 W, 44
2026/09/10 11:43:44.292, GPU-dadf9f3b-df58-d3fa-07b0-5fe223423db1, 2032 MHz, 618.75 W, 45
2026/09/10 11:43:44.492, GPU-dadf9f3b-df58-d3fa-07b0-5fe223423db1, 2032 MHz, 705.47 W, 45
2026/09/10 11:43:44.692, GPU-dadf9f3b-df58-d3fa-07b0-5fe223423db1, 2032 MHz, 717.57 W, 44
2026/09/10 11:43:44.892, GPU-dadf9f3b-df58-d3fa-07b0-5fe223423db1, 2032 MHz, 711.11 W, 43
2026/09/10 11:43:45.092, GPU-dadf9f3b-df58-d3fa-07b0-5fe223423db1, 2032 MHz, 652.81 W, 43
2026/09/10 11:43:45.292, GPU-dadf9f3b-df58-d3fa-07b0-5fe223423db1, 2032 MHz, 588.08 W, 43
2026/09/10 11:43:45.492, GPU-dadf9f3b-df58-d3fa-07b0-5fe223423db1, 2032 MHz, 535.38 W, 42
2026/09/10 11:43:45.692, GPU-dadf9f3b-df58-d3fa-07b0-5fe223423db1, 2032 MHz, 533.82 W, 42
2026/09/10 11:43:45.892, GPU-dadf9f3b-df58-d3fa-07b0-5fe223423db1, 2032 MHz, 538.67 W, 43
2026/09/10 11:43:46.092, GPU-dadf9f3b-df58-d3fa-07b0-5fe223423db1, 2032 MHz, 539.94 W, 43
2026/09/10 11:43:46.292, GPU-dadf9f3b-df58-d3fa-07b0-5fe223423db1, 2032 MHz, 541.83 W, 42
2026/09/10 11:43:46.492, GPU-dadf9f3b-df58-d3fa-07b0-5fe223423db1, 2032 MHz, 540.54 W, 43
2026/09/10 11:43:46.692, GPU-dadf9f3b-df58-d3fa-07b0-5fe223423db1, 2032 MHz, 532.36 W, 42
2026/09/10 11:43:46.893, GPU-dadf9f3b-df58-d3fa-07b0-5fe223423db1, 2032 MHz, 509.30 W, 41
2026/09/10 11:43:47.093, GPU-dadf9f3b-df58-d3fa-07b0-5fe223423db1, 2032 MHz, 489.57 W, 41
2026/09/10 11:43:47.293, GPU-dadf9f3b-df58-d3fa-07b0-5fe223423db1, 2032 MHz, 461.99 W, 41
2026/09/10 11:43:47.493, GPU-dadf9f3b-df58-d3fa-07b0-5fe223423db1, 2032 MHz, 448.82 W, 41
2026/09/10 11:43:47.693, GPU-dadf9f3b-df58-d3fa-07b0-5fe223423db1, 2032 MHz, 429.78 W, 40
2026/09/10 11:43:47.893, GPU-dadf9f3b-df58-d3fa-07b0-5fe223423db1, 2032 MHz, 461.32 W, 42
2026/09/10 11:43:48.093, GPU-dadf9f3b-df58-d3fa-07b0-5fe223423db1, 2032 MHz, 487.97 W, 42
2026/09/10 11:43:48.293, GPU-dadf9f3b-df58-d3fa-07b0-5fe223423db1, 2032 MHz, 516.63 W, 43
2026/09/10 11:43:48.493, GPU-dadf9f3b-df58-d3fa-07b0-5fe223423db1, 2032 MHz, 542.03 W, 43
2026/09/10 11:43:48.693, GPU-dadf9f3b-df58-d3fa-07b0-5fe223423db1, 2032 MHz, 577.89 W, 43
2026/09/10 11:43:48.893, GPU-dadf9f3b-df58-d3fa-07b0-5fe223423db1, 2032 MHz, 569.01 W, 43
2026/09/10 11:43:49.093, GPU-dadf9f3b-df58-d3fa-07b0-5fe223423db1, 2032 MHz, 570.02 W, 43
2026/09/10 11:43:49.293, GPU-dadf9f3b-df58-d3fa-07b0-5fe223423db1, 2032 MHz, 565.50 W, 43
2026/09/10 11:43:49.493, GPU-dadf9f3b-df58-d3fa-07b0-5fe223423db1, 2032 MHz, 574.37 W, 43
2026/09/10 11:43:49.694, GPU-dadf9f3b-df58-d3fa-07b0-5fe223423db1, 2032 MHz, 569.54 W, 43
2026/09/10 11:43:49.894, GPU-dadf9f3b-df58-d3fa-07b0-5fe223423db1, 2032 MHz, 592.53 W, 44
2026/09/10 11:43:50.094, GPU-dadf9f3b-df58-d3fa-07b0-5fe223423db1, 2032 MHz, 614.07 W, 44
2026/09/10 11:43:50.294, GPU-dadf9f3b-df58-d3fa-07b0-5fe223423db1, 2032 MHz, 634.58 W, 44
2026/09/10 11:43:50.494, GPU-dadf9f3b-df58-d3fa-07b0-5fe223423db1, 2032 MHz, 617.53 W, 43
2026/09/10 11:43:50.694, GPU-dadf9f3b-df58-d3fa-07b0-5fe223423db1, 2032 MHz, 609.87 W, 43
2026/09/10 11:43:50.894, GPU-dadf9f3b-df58-d3fa-07b0-5fe223423db1, 2032 MHz, 613.80 W, 44
2026/09/10 11:43:51.094, GPU-dadf9f3b-df58-d3fa-07b0-5fe223423db1, 2032 MHz, 609.81 W, 44
2026/09/10 11:43:51.294, GPU-dadf9f3b-df58-d3fa-07b0-5fe223423db1, 2032 MHz, 588.16 W, 43
2026/09/10 11:43:51.494, GPU-dadf9f3b-df58-d3fa-07b0-5fe223423db1, 2032 MHz, 598.95 W, 43
2026/09/10 11:43:51.694, GPU-dadf9f3b-df58-d3fa-07b0-5fe223423db1, 2032 MHz, 608.68 W, 43
2026/09/10 11:43:51.894, GPU-dadf9f3b-df58-d3fa-07b0-5fe223423db1, 2032 MHz, 598.42 W, 43
2026/09/10 11:43:52.094, GPU-dadf9f3b-df58-d3fa-07b0-5fe223423db1, 2032 MHz, 575.99 W, 43
2026/09/10 11:43:52.295, GPU-dadf9f3b-df58-d3fa-07b0-5fe223423db1, 2032 MHz, 577.87 W, 43
2026/09/10 11:43:52.495, GPU-dadf9f3b-df58-d3fa-07b0-5fe223423db1, 2032 MHz, 572.54 W, 43
2026/09/10 11:43:52.695, GPU-dadf9f3b-df58-d3fa-07b0-5fe223423db1, 2032 MHz, 533.71 W, 41
2026/09/10 11:43:52.895, GPU-dadf9f3b-df58-d3fa-07b0-5fe223423db1, 2032 MHz, 490.48 W, 41
2026/09/10 11:43:53.095, GPU-dadf9f3b-df58-d3fa-07b0-5fe223423db1, 2032 MHz, 454.02 W, 40
2026/09/10 11:43:53.295, GPU-dadf9f3b-df58-d3fa-07b0-5fe223423db1, 2032 MHz, 417.69 W, 40
2026/09/10 11:43:53.495, GPU-dadf9f3b-df58-d3fa-07b0-5fe223423db1, 2032 MHz, 377.78 W, 40
2026/09/10 11:43:53.695, GPU-dadf9f3b-df58-d3fa-07b0-5fe223423db1, 2032 MHz, 374.99 W, 40
2026/09/10 11:43:53.895, GPU-dadf9f3b-df58-d3fa-07b0-5fe223423db1, 2032 MHz, 374.60 W, 40
2026/09/10 11:43:54.095, GPU-dadf9f3b-df58-d3fa-07b0-5fe223423db1, 2032 MHz, 374.45 W, 40
2026/09/10 11:43:54.295, GPU-dadf9f3b-df58-d3fa-07b0-5fe223423db1, 2032 MHz, 374.40 W, 40
2026/09/10 11:43:54.495, GPU-dadf9f3b-df58-d3fa-07b0-5fe223423db1, 2032 MHz, 384.27 W, 41
2026/09/10 11:43:54.695, GPU-dadf9f3b-df58-d3fa-07b0-5fe223423db1, 2032 MHz, 415.76 W, 41
2026/09/10 11:43:54.895, GPU-dadf9f3b-df58-d3fa-07b0-5fe223423db1, 2032 MHz, 434.00 W, 41
2026/09/10 11:43:55.096, GPU-dadf9f3b-df58-d3fa-07b0-5fe223423db1, 2032 MHz, 452.69 W, 41
2026/09/10 11:43:55.296, GPU-dadf9f3b-df58-d3fa-07b0-5fe223423db1, 2032 MHz, 464.49 W, 40
2026/09/10 11:43:55.496, GPU-dadf9f3b-df58-d3fa-07b0-5fe223423db1, 2032 MHz, 458.05 W, 40
2026/09/10 11:43:55.696, GPU-dadf9f3b-df58-d3fa-07b0-5fe223423db1, 2032 MHz, 432.04 W, 40
2026/09/10 11:43:55.896, GPU-dadf9f3b-df58-d3fa-07b0-5fe223423db1, 2032 MHz, 413.86 W, 40
2026/09/10 11:43:56.096, GPU-dadf9f3b-df58-d3fa-07b0-5fe223423db1, 2032 MHz, 409.51 W, 41
2026/09/10 11:43:56.296, GPU-dadf9f3b-df58-d3fa-07b0-5fe223423db1, 2032 MHz, 432.78 W, 42
2026/09/10 11:43:56.496, GPU-dadf9f3b-df58-d3fa-07b0-5fe223423db1, 2032 MHz, 459.88 W, 41
2026/09/10 11:43:56.696, GPU-dadf9f3b-df58-d3fa-07b0-5fe223423db1, 2032 MHz, 454.83 W, 40
2026/09/10 11:43:56.896, GPU-dadf9f3b-df58-d3fa-07b0-5fe223423db1, 2032 MHz, 449.66 W, 40
2026/09/10 11:43:57.096, GPU-dadf9f3b-df58-d3fa-07b0-5fe223423db1, 2032 MHz, 439.57 W, 39
2026/09/10 11:43:57.296, GPU-dadf9f3b-df58-d3fa-07b0-5fe223423db1, 2032 MHz, 400.89 W, 39
2026/09/10 11:43:57.496, GPU-dadf9f3b-df58-d3fa-07b0-5fe223423db1, 2032 MHz, 365.19 W, 39
2026/09/10 11:43:57.696, GPU-dadf9f3b-df58-d3fa-07b0-5fe223423db1, 2032 MHz, 364.79 W, 39
2026/09/10 11:43:57.897, GPU-dadf9f3b-df58-d3fa-07b0-5fe223423db1, 2032 MHz, 364.77 W, 39
2026/09/10 11:43:58.097, GPU-dadf9f3b-df58-d3fa-07b0-5fe223423db1, 2032 MHz, 364.34 W, 39
2026/09/10 11:43:58.297, GPU-dadf9f3b-df58-d3fa-07b0-5fe223423db1, 2032 MHz, 397.77 W, 41
2026/09/10 11:43:58.497, GPU-dadf9f3b-df58-d3fa-07b0-5fe223423db1, 2032 MHz, 434.93 W, 41
2026/09/10 11:43:58.697, GPU-dadf9f3b-df58-d3fa-07b0-5fe223423db1, 2032 MHz, 466.86 W, 41
2026/09/10 11:43:58.897, GPU-dadf9f3b-df58-d3fa-07b0-5fe223423db1, 2032 MHz, 499.56 W, 41
2026/09/10 11:43:59.097, GPU-dadf9f3b-df58-d3fa-07b0-5fe223423db1, 2032 MHz, 533.38 W, 42
2026/09/10 11:43:59.297, GPU-dadf9f3b-df58-d3fa-07b0-5fe223423db1, 2032 MHz, 553.50 W, 43
2026/09/10 11:43:59.497, GPU-dadf9f3b-df58-d3fa-07b0-5fe223423db1, 2032 MHz, 576.85 W, 43
2026/09/10 11:43:59.697, GPU-dadf9f3b-df58-d3fa-07b0-5fe223423db1, 2032 MHz, 594.01 W, 43
2026/09/10 11:43:59.897, GPU-dadf9f3b-df58-d3fa-07b0-5fe223423db1, 2032 MHz, 623.06 W, 44
2026/09/10 11:44:00.097, GPU-dadf9f3b-df58-d3fa-07b0-5fe223423db1, 2032 MHz, 658.22 W, 44
2026/09/10 11:44:00.297, GPU-dadf9f3b-df58-d3fa-07b0-5fe223423db1, 2032 MHz, 654.08 W, 43
2026/09/10 11:44:00.498, GPU-dadf9f3b-df58-d3fa-07b0-5fe223423db1, 2032 MHz, 636.69 W, 43
2026/09/10 11:44:00.698, GPU-dadf9f3b-df58-d3fa-07b0-5fe223423db1, 2032 MHz, 623.23 W, 43
2026/09/10 11:44:00.898, GPU-dadf9f3b-df58-d3fa-07b0-5fe223423db1, 2032 MHz, 599.51 W, 43
2026/09/10 11:44:01.098, GPU-dadf9f3b-df58-d3fa-07b0-5fe223423db1, 2032 MHz, 573.90 W, 43
2026/09/10 11:44:01.298, GPU-dadf9f3b-df58-d3fa-07b0-5fe223423db1, 2032 MHz, 563.64 W, 43
2026/09/10 11:44:01.498, GPU-dadf9f3b-df58-d3fa-07b0-5fe223423db1, 2032 MHz, 549.05 W, 42
2026/09/10 11:44:01.698, GPU-dadf9f3b-df58-d3fa-07b0-5fe223423db1, 2032 MHz, 539.25 W, 42
2026/09/10 11:44:01.898, GPU-dadf9f3b-df58-d3fa-07b0-5fe223423db1, 2032 MHz, 529.79 W, 42
2026/09/10 11:44:02.098, GPU-dadf9f3b-df58-d3fa-07b0-5fe223423db1, 2032 MHz, 519.48 W, 42
2026/09/10 11:44:02.298, GPU-dadf9f3b-df58-d3fa-07b0-5fe223423db1, 2032 MHz, 525.78 W, 42
2026/09/10 11:44:02.498, GPU-dadf9f3b-df58-d3fa-07b0-5fe223423db1, 2032 MHz, 525.81 W, 42
2026/09/10 11:44:02.698, GPU-dadf9f3b-df58-d3fa-07b0-5fe223423db1, 2032 MHz, 500.04 W, 40
2026/09/10 11:44:02.898, GPU-dadf9f3b-df58-d3fa-07b0-5fe223423db1, 2032 MHz, 484.63 W, 41
2026/09/10 11:44:03.098, GPU-dadf9f3b-df58-d3fa-07b0-5fe223423db1, 2032 MHz, 468.46 W, 41
2026/09/10 11:44:03.298, GPU-dadf9f3b-df58-d3fa-07b0-5fe223423db1, 2032 MHz, 433.28 W, 41
2026/09/10 11:44:03.499, GPU-dadf9f3b-df58-d3fa-07b0-5fe223423db1, 2032 MHz, 423.68 W, 40
2026/09/10 11:44:03.699, GPU-dadf9f3b-df58-d3fa-07b0-5fe223423db1, 2032 MHz, 454.05 W, 42
2026/09/10 11:44:03.899, GPU-dadf9f3b-df58-d3fa-07b0-5fe223423db1, 2032 MHz, 525.97 W, 44
2026/09/10 11:44:04.099, GPU-dadf9f3b-df58-d3fa-07b0-5fe223423db1, 2032 MHz, 614.27 W, 45
2026/09/10 11:44:04.299, GPU-dadf9f3b-df58-d3fa-07b0-5fe223423db1, 2032 MHz, 677.63 W, 44
2026/09/10 11:44:04.499, GPU-dadf9f3b-df58-d3fa-07b0-5fe223423db1, 2032 MHz, 701.64 W, 44
2026/09/10 11:44:04.699, GPU-dadf9f3b-df58-d3fa-07b0-5fe223423db1, 2032 MHz, 727.38 W, 43
2026/09/10 11:44:04.899, GPU-dadf9f3b-df58-d3fa-07b0-5fe223423db1, 2032 MHz, 664.07 W, 43
2026/09/10 11:44:05.099, GPU-dadf9f3b-df58-d3fa-07b0-5fe223423db1, 2032 MHz, 652.14 W, 45
2026/09/10 11:44:05.299, GPU-dadf9f3b-df58-d3fa-07b0-5fe223423db1, 2032 MHz, 667.62 W, 46
2026/09/10 11:44:05.499, GPU-dadf9f3b-df58-d3fa-07b0-5fe223423db1, 2032 MHz, 725.21 W, 46
2026/09/10 11:44:05.699, GPU-dadf9f3b-df58-d3fa-07b0-5fe223423db1, 2032 MHz, 705.06 W, 44
2026/09/10 11:44:05.899, GPU-dadf9f3b-df58-d3fa-07b0-5fe223423db1, 2032 MHz, 704.30 W, 43
2026/09/10 11:44:06.099, GPU-dadf9f3b-df58-d3fa-07b0-5fe223423db1, 2032 MHz, 663.58 W, 43
2026/09/10 11:44:06.300, GPU-dadf9f3b-df58-d3fa-07b0-5fe223423db1, 2032 MHz, 613.49 W, 44
2026/09/10 11:44:06.500, GPU-dadf9f3b-df58-d3fa-07b0-5fe223423db1, 2032 MHz, 621.29 W, 45
2026/09/10 11:44:06.700, GPU-dadf9f3b-df58-d3fa-07b0-5fe223423db1, 2032 MHz, 674.46 W, 46
2026/09/10 11:44:06.900, GPU-dadf9f3b-df58-d3fa-07b0-5fe223423db1, 2032 MHz, 703.35 W, 44
2026/09/10 11:44:07.100, GPU-dadf9f3b-df58-d3fa-07b0-5fe223423db1, 2032 MHz, 676.39 W, 42
2026/09/10 11:44:07.300, GPU-dadf9f3b-df58-d3fa-07b0-5fe223423db1, 2032 MHz, 630.86 W, 41
2026/09/10 11:44:07.500, GPU-dadf9f3b-df58-d3fa-07b0-5fe223423db1, 2032 MHz, 535.33 W, 41
2026/09/10 11:44:07.700, GPU-dadf9f3b-df58-d3fa-07b0-5fe223423db1, 2032 MHz, 450.73 W, 40
2026/09/10 11:44:07.900, GPU-dadf9f3b-df58-d3fa-07b0-5fe223423db1, 2032 MHz, 386.40 W, 40
2026/09/10 11:44:08.100, GPU-dadf9f3b-df58-d3fa-07b0-5fe223423db1, 2032 MHz, 386.11 W, 40
2026/09/10 11:44:08.300, GPU-dadf9f3b-df58-d3fa-07b0-5fe223423db1, 2032 MHz, 385.81 W, 40
2026/09/10 11:44:08.500, GPU-dadf9f3b-df58-d3fa-07b0-5fe223423db1, 2032 MHz, 385.66 W, 40
2026/09/10 11:44:08.700, GPU-dadf9f3b-df58-d3fa-07b0-5fe223423db1, 2032 MHz, 385.68 W, 40
2026/09/10 11:44:08.900, GPU-dadf9f3b-df58-d3fa-07b0-5fe223423db1, 2032 MHz, 385.63 W, 40
2026/09/10 11:44:09.101, GPU-dadf9f3b-df58-d3fa-07b0-5fe223423db1, 2032 MHz, 385.47 W, 40
2026/09/10 11:44:09.301, GPU-dadf9f3b-df58-d3fa-07b0-5fe223423db1, 2032 MHz, 385.38 W, 40
2026/09/10 11:44:09.501, GPU-dadf9f3b-df58-d3fa-07b0-5fe223423db1, 2032 MHz, 429.96 W, 42
2026/09/10 11:44:09.701, GPU-dadf9f3b-df58-d3fa-07b0-5fe223423db1, 2032 MHz, 455.15 W, 42
2026/09/10 11:44:09.901, GPU-dadf9f3b-df58-d3fa-07b0-5fe223423db1, 2032 MHz, 481.91 W, 42
2026/09/10 11:44:10.101, GPU-dadf9f3b-df58-d3fa-07b0-5fe223423db1, 2032 MHz, 528.11 W, 43
2026/09/10 11:44:10.301, GPU-dadf9f3b-df58-d3fa-07b0-5fe223423db1, 2032 MHz, 582.79 W, 43
2026/09/10 11:44:10.501, GPU-dadf9f3b-df58-d3fa-07b0-5fe223423db1, 2032 MHz, 575.66 W, 42
2026/09/10 11:44:10.701, GPU-dadf9f3b-df58-d3fa-07b0-5fe223423db1, 2032 MHz, 551.36 W, 41
2026/09/10 11:44:10.901, GPU-dadf9f3b-df58-d3fa-07b0-5fe223423db1, 2032 MHz, 524.38 W, 41
2026/09/10 11:44:11.101, GPU-dadf9f3b-df58-d3fa-07b0-5fe223423db1, 2032 MHz, 478.55 W, 40
2026/09/10 11:44:11.301, GPU-dadf9f3b-df58-d3fa-07b0-5fe223423db1, 2032 MHz, 446.65 W, 41
2026/09/10 11:44:11.501, GPU-dadf9f3b-df58-d3fa-07b0-5fe223423db1, 2032 MHz, 437.30 W, 42
2026/09/10 11:44:11.702, GPU-dadf9f3b-df58-d3fa-07b0-5fe223423db1, 2032 MHz, 527.79 W, 44
2026/09/10 11:44:11.902, GPU-dadf9f3b-df58-d3fa-07b0-5fe223423db1, 2032 MHz, 617.53 W, 45
2026/09/10 11:44:12.102, GPU-dadf9f3b-df58-d3fa-07b0-5fe223423db1, 2032 MHz, 684.86 W, 44
2026/09/10 11:44:12.302, GPU-dadf9f3b-df58-d3fa-07b0-5fe223423db1, 2032 MHz, 709.99 W, 44
2026/09/10 11:44:12.502, GPU-dadf9f3b-df58-d3fa-07b0-5fe223423db1, 2032 MHz, 720.53 W, 44
2026/09/10 11:44:12.702, GPU-dadf9f3b-df58-d3fa-07b0-5fe223423db1, 2032 MHz, 668.66 W, 43
2026/09/10 11:44:12.902, GPU-dadf9f3b-df58-d3fa-07b0-5fe223423db1, 2032 MHz, 615.83 W, 43
2026/09/10 11:44:13.102, GPU-dadf9f3b-df58-d3fa-07b0-5fe223423db1, 2032 MHz, 568.18 W, 43
2026/09/10 11:44:13.302, GPU-dadf9f3b-df58-d3fa-07b0-5fe223423db1, 2032 MHz, 581.75 W, 43
2026/09/10 11:44:13.502, GPU-dadf9f3b-df58-d3fa-07b0-5fe223423db1, 2032 MHz, 596.37 W, 44
2026/09/10 11:44:13.702, GPU-dadf9f3b-df58-d3fa-07b0-5fe223423db1, 2032 MHz, 586.49 W, 42
2026/09/10 11:44:13.902, GPU-dadf9f3b-df58-d3fa-07b0-5fe223423db1, 2032 MHz, 549.38 W, 41
2026/09/10 11:44:14.102, GPU-dadf9f3b-df58-d3fa-07b0-5fe223423db1, 2032 MHz, 520.42 W, 41
2026/09/10 11:44:14.303, GPU-dadf9f3b-df58-d3fa-07b0-5fe223423db1, 2032 MHz, 465.96 W, 40
2026/09/10 11:44:14.503, GPU-dadf9f3b-df58-d3fa-07b0-5fe223423db1, 2032 MHz, 418.07 W, 40
2026/09/10 11:44:14.703, GPU-dadf9f3b-df58-d3fa-07b0-5fe223423db1, 2032 MHz, 385.94 W, 40
2026/09/10 11:44:14.903, GPU-dadf9f3b-df58-d3fa-07b0-5fe223423db1, 2032 MHz, 385.64 W, 40
2026/09/10 11:44:15.103, GPU-dadf9f3b-df58-d3fa-07b0-5fe223423db1, 2032 MHz, 385.56 W, 40
2026/09/10 11:44:15.303, GPU-dadf9f3b-df58-d3fa-07b0-5fe223423db1, 2032 MHz, 385.43 W, 40
2026/09/10 11:44:15.503, GPU-dadf9f3b-df58-d3fa-07b0-5fe223423db1, 2032 MHz, 385.24 W, 40
2026/09/10 11:44:15.703, GPU-dadf9f3b-df58-d3fa-07b0-5fe223423db1, 2032 MHz, 385.13 W, 40
2026/09/10 11:44:15.903, GPU-dadf9f3b-df58-d3fa-07b0-5fe223423db1, 2032 MHz, 385.17 W, 40
2026/09/10 11:44:16.103, GPU-dadf9f3b-df58-d3fa-07b0-5fe223423db1, 2032 MHz, 383.68 W, 39
2026/09/10 11:44:16.303, GPU-dadf9f3b-df58-d3fa-07b0-5fe223423db1, 2032 MHz, 414.25 W, 41
2026/09/10 11:44:16.503, GPU-dadf9f3b-df58-d3fa-07b0-5fe223423db1, 2032 MHz, 440.54 W, 41
2026/09/10 11:44:16.703, GPU-dadf9f3b-df58-d3fa-07b0-5fe223423db1, 2032 MHz, 471.94 W, 42
2026/09/10 11:44:16.904, GPU-dadf9f3b-df58-d3fa-07b0-5fe223423db1, 2032 MHz, 506.15 W, 42
2026/09/10 11:44:17.104, GPU-dadf9f3b-df58-d3fa-07b0-5fe223423db1, 2032 MHz, 549.32 W, 42
2026/09/10 11:44:17.304, GPU-dadf9f3b-df58-d3fa-07b0-5fe223423db1, 2032 MHz, 557.44 W, 42
2026/09/10 11:44:17.504, GPU-dadf9f3b-df58-d3fa-07b0-5fe223423db1, 2032 MHz, 564.07 W, 43
2026/09/10 11:44:17.704, GPU-dadf9f3b-df58-d3fa-07b0-5fe223423db1, 2032 MHz, 562.45 W, 42
2026/09/10 11:44:17.904, GPU-dadf9f3b-df58-d3fa-07b0-5fe223423db1, 2032 MHz, 565.53 W, 42
2026/09/10 11:44:18.104, GPU-dadf9f3b-df58-d3fa-07b0-5fe223423db1, 2032 MHz, 552.36 W, 43
2026/09/10 11:44:18.304, GPU-dadf9f3b-df58-d3fa-07b0-5fe223423db1, 2032 MHz, 542.71 W, 42
2026/09/10 11:44:18.504, GPU-dadf9f3b-df58-d3fa-07b0-5fe223423db1, 2032 MHz, 547.47 W, 43
2026/09/10 11:44:18.704, GPU-dadf9f3b-df58-d3fa-07b0-5fe223423db1, 2032 MHz, 562.29 W, 43
2026/09/10 11:44:18.904, GPU-dadf9f3b-df58-d3fa-07b0-5fe223423db1, 2032 MHz, 561.77 W, 43
2026/09/10 11:44:19.104, GPU-dadf9f3b-df58-d3fa-07b0-5fe223423db1, 2032 MHz, 588.27 W, 44
2026/09/10 11:44:19.304, GPU-dadf9f3b-df58-d3fa-07b0-5fe223423db1, 2032 MHz, 651.65 W, 45
2026/09/10 11:44:19.505, GPU-dadf9f3b-df58-d3fa-07b0-5fe223423db1, 2032 MHz, 697.56 W, 46
2026/09/10 11:44:19.705, GPU-dadf9f3b-df58-d3fa-07b0-5fe223423db1, 2032 MHz, 743.94 W, 46
2026/09/10 11:44:19.905, GPU-dadf9f3b-df58-d3fa-07b0-5fe223423db1, 2032 MHz, 801.62 W, 46
2026/09/10 11:44:20.105, GPU-dadf9f3b-df58-d3fa-07b0-5fe223423db1, 2032 MHz, 832.58 W, 47
2026/09/10 11:44:20.305, GPU-dadf9f3b-df58-d3fa-07b0-5fe223423db1, 2032 MHz, 793.76 W, 44
2026/09/10 11:44:20.505, GPU-dadf9f3b-df58-d3fa-07b0-5fe223423db1, 2032 MHz, 715.34 W, 43
2026/09/10 11:44:20.705, GPU-dadf9f3b-df58-d3fa-07b0-5fe223423db1, 2032 MHz, 642.07 W, 42
2026/09/10 11:44:20.905, GPU-dadf9f3b-df58-d3fa-07b0-5fe223423db1, 2032 MHz, 561.43 W, 42
2026/09/10 11:44:21.105, GPU-dadf9f3b-df58-d3fa-07b0-5fe223423db1, 2032 MHz, 480.87 W, 41
2026/09/10 11:44:21.305, GPU-dadf9f3b-df58-d3fa-07b0-5fe223423db1, 2032 MHz, 437.90 W, 41
2026/09/10 11:44:21.505, GPU-dadf9f3b-df58-d3fa-07b0-5fe223423db1, 2032 MHz, 443.34 W, 41
2026/09/10 11:44:21.705, GPU-dadf9f3b-df58-d3fa-07b0-5fe223423db1, 2032 MHz, 441.78 W, 41
2026/09/10 11:44:21.905, GPU-dadf9f3b-df58-d3fa-07b0-5fe223423db1, 2032 MHz, 478.03 W, 43
2026/09/10 11:44:22.105, GPU-dadf9f3b-df58-d3fa-07b0-5fe223423db1, 2032 MHz, 494.99 W, 42
2026/09/10 11:44:22.306, GPU-dadf9f3b-df58-d3fa-07b0-5fe223423db1, 2032 MHz, 515.50 W, 43
2026/09/10 11:44:22.506, GPU-dadf9f3b-df58-d3fa-07b0-5fe223423db1, 2032 MHz, 542.40 W, 43
2026/09/10 11:44:22.706, GPU-dadf9f3b-df58-d3fa-07b0-5fe223423db1, 2032 MHz, 568.44 W, 43
2026/09/10 11:44:22.906, GPU-dadf9f3b-df58-d3fa-07b0-5fe223423db1, 2032 MHz, 569.91 W, 43
2026/09/10 11:44:23.106, GPU-dadf9f3b-df58-d3fa-07b0-5fe223423db1, 2032 MHz, 582.05 W, 43
2026/09/10 11:44:23.306, GPU-dadf9f3b-df58-d3fa-07b0-5fe223423db1, 2032 MHz, 598.95 W, 44
2026/09/10 11:44:23.506, GPU-dadf9f3b-df58-d3fa-07b0-5fe223423db1, 2032 MHz, 619.08 W, 44
2026/09/10 11:44:23.706, GPU-dadf9f3b-df58-d3fa-07b0-5fe223423db1, 2032 MHz, 642.51 W, 45
2026/09/10 11:44:23.906, GPU-dadf9f3b-df58-d3fa-07b0-5fe223423db1, 2032 MHz, 627.56 W, 43
2026/09/10 11:44:24.106, GPU-dadf9f3b-df58-d3fa-07b0-5fe223423db1, 2032 MHz, 617.73 W, 43
2026/09/10 11:44:24.306, GPU-dadf9f3b-df58-d3fa-07b0-5fe223423db1, 2032 MHz, 598.74 W, 43
2026/09/10 11:44:24.506, GPU-dadf9f3b-df58-d3fa-07b0-5fe223423db1, 2032 MHz, 566.85 W, 43
2026/09/10 11:44:24.706, GPU-dadf9f3b-df58-d3fa-07b0-5fe223423db1, 2032 MHz, 534.61 W, 43
2026/09/10 11:44:24.907, GPU-dadf9f3b-df58-d3fa-07b0-5fe223423db1, 2032 MHz, 519.41 W, 42
2026/09/10 11:44:25.107, GPU-dadf9f3b-df58-d3fa-07b0-5fe223423db1, 2032 MHz, 513.67 W, 42
2026/09/10 11:44:25.307, GPU-dadf9f3b-df58-d3fa-07b0-5fe223423db1, 2032 MHz, 509.48 W, 42
2026/09/10 11:44:25.507, GPU-dadf9f3b-df58-d3fa-07b0-5fe223423db1, 2032 MHz, 490.22 W, 41
2026/09/10 11:44:25.707, GPU-dadf9f3b-df58-d3fa-07b0-5fe223423db1, 2032 MHz, 456.44 W, 40
2026/09/10 11:44:25.907, GPU-dadf9f3b-df58-d3fa-07b0-5fe223423db1, 2032 MHz, 438.61 W, 40
2026/09/10 11:44:26.107, GPU-dadf9f3b-df58-d3fa-07b0-5fe223423db1, 2032 MHz, 409.78 W, 40
2026/09/10 11:44:26.307, GPU-dadf9f3b-df58-d3fa-07b0-5fe223423db1, 2032 MHz, 383.44 W, 40
2026/09/10 11:44:26.507, GPU-dadf9f3b-df58-d3fa-07b0-5fe223423db1, 2032 MHz, 365.39 W, 40
2026/09/10 11:44:26.707, GPU-dadf9f3b-df58-d3fa-07b0-5fe223423db1, 2032 MHz, 365.17 W, 40
2026/09/10 11:44:26.907, GPU-dadf9f3b-df58-d3fa-07b0-5fe223423db1, 2032 MHz, 364.93 W, 39
2026/09/10 11:44:27.107, GPU-dadf9f3b-df58-d3fa-07b0-5fe223423db1, 2032 MHz, 401.71 W, 42
2026/09/10 11:44:27.307, GPU-dadf9f3b-df58-d3fa-07b0-5fe223423db1, 2032 MHz, 464.47 W, 43
2026/09/10 11:44:27.508, GPU-dadf9f3b-df58-d3fa-07b0-5fe223423db1, 2032 MHz, 527.53 W, 44
2026/09/10 11:44:27.708, GPU-dadf9f3b-df58-d3fa-07b0-5fe223423db1, 2032 MHz, 527.69 W, 41
2026/09/10 11:44:27.908, GPU-dadf9f3b-df58-d3fa-07b0-5fe223423db1, 2032 MHz, 533.16 W, 40
2026/09/10 11:44:28.108, GPU-dadf9f3b-df58-d3fa-07b0-5fe223423db1, 2032 MHz, 501.95 W, 40
2026/09/10 11:44:28.308, GPU-dadf9f3b-df58-d3fa-07b0-5fe223423db1, 2032 MHz, 442.62 W, 40
2026/09/10 11:44:28.508, GPU-dadf9f3b-df58-d3fa-07b0-5fe223423db1, 2032 MHz, 382.73 W, 40
2026/09/10 11:44:28.708, GPU-dadf9f3b-df58-d3fa-07b0-5fe223423db1, 2032 MHz, 374.91 W, 40
2026/09/10 11:44:28.908, GPU-dadf9f3b-df58-d3fa-07b0-5fe223423db1, 2032 MHz, 374.59 W, 39
2026/09/10 11:44:29.108, GPU-dadf9f3b-df58-d3fa-07b0-5fe223423db1, 2032 MHz, 374.32 W, 39
2026/09/10 11:44:29.308, GPU-dadf9f3b-df58-d3fa-07b0-5fe223423db1, 2032 MHz, 374.15 W, 39
2026/09/10 11:44:29.508, GPU-dadf9f3b-df58-d3fa-07b0-5fe223423db1, 2032 MHz, 372.85 W, 39
2026/09/10 11:44:29.708, GPU-dadf9f3b-df58-d3fa-07b0-5fe223423db1, 2032 MHz, 400.45 W, 41
2026/09/10 11:44:29.908, GPU-dadf9f3b-df58-d3fa-07b0-5fe223423db1, 2032 MHz, 432.18 W, 41
2026/09/10 11:44:30.108, GPU-dadf9f3b-df58-d3fa-07b0-5fe223423db1, 2032 MHz, 463.99 W, 42
2026/09/10 11:44:30.309, GPU-dadf9f3b-df58-d3fa-07b0-5fe223423db1, 2032 MHz, 512.43 W, 43
2026/09/10 11:44:30.509, GPU-dadf9f3b-df58-d3fa-07b0-5fe223423db1, 2032 MHz, 545.69 W, 42
2026/09/10 11:44:30.709, GPU-dadf9f3b-df58-d3fa-07b0-5fe223423db1, 2032 MHz, 567.63 W, 43
2026/09/10 11:44:30.909, GPU-dadf9f3b-df58-d3fa-07b0-5fe223423db1, 2032 MHz, 569.30 W, 42
2026/09/10 11:44:31.109, GPU-dadf9f3b-df58-d3fa-07b0-5fe223423db1, 2032 MHz, 573.54 W, 42
2026/09/10 11:44:31.309, GPU-dadf9f3b-df58-d3fa-07b0-5fe223423db1, 2032 MHz, 561.11 W, 43
2026/09/10 11:44:31.509, GPU-dadf9f3b-df58-d3fa-07b0-5fe223423db1, 2032 MHz, 563.90 W, 43
2026/09/10 11:44:31.709, GPU-dadf9f3b-df58-d3fa-07b0-5fe223423db1, 2032 MHz, 553.64 W, 42
2026/09/10 11:44:31.909, GPU-dadf9f3b-df58-d3fa-07b0-5fe223423db1, 2032 MHz, 542.02 W, 42
2026/09/10 11:44:32.109, GPU-dadf9f3b-df58-d3fa-07b0-5fe223423db1, 2032 MHz, 540.03 W, 42
2026/09/10 11:44:32.309, GPU-dadf9f3b-df58-d3fa-07b0-5fe223423db1, 2032 MHz, 543.61 W, 43
2026/09/10 11:44:32.509, GPU-dadf9f3b-df58-d3fa-07b0-5fe223423db1, 2032 MHz, 538.04 W, 42
2026/09/10 11:44:32.709, GPU-dadf9f3b-df58-d3fa-07b0-5fe223423db1, 2032 MHz, 537.66 W, 42
2026/09/10 11:44:32.909, GPU-dadf9f3b-df58-d3fa-07b0-5fe223423db1, 2032 MHz, 544.33 W, 42
2026/09/10 11:44:33.110, GPU-dadf9f3b-df58-d3fa-07b0-5fe223423db1, 2032 MHz, 540.59 W, 42
2026/09/10 11:44:33.310, GPU-dadf9f3b-df58-d3fa-07b0-5fe223423db1, 2032 MHz, 520.10 W, 41
2026/09/10 11:44:33.510, GPU-dadf9f3b-df58-d3fa-07b0-5fe223423db1, 2032 MHz, 488.81 W, 40
2026/09/10 11:44:33.710, GPU-dadf9f3b-df58-d3fa-07b0-5fe223423db1, 2032 MHz, 458.15 W, 40
2026/09/10 11:44:33.910, GPU-dadf9f3b-df58-d3fa-07b0-5fe223423db1, 2032 MHz, 424.14 W, 40
2026/09/10 11:44:34.110, GPU-dadf9f3b-df58-d3fa-07b0-5fe223423db1, 2032 MHz, 394.97 W, 40
2026/09/10 11:44:34.310, GPU-dadf9f3b-df58-d3fa-07b0-5fe223423db1, 2032 MHz, 374.70 W, 39
2026/09/10 11:44:34.510, GPU-dadf9f3b-df58-d3fa-07b0-5fe223423db1, 2032 MHz, 374.36 W, 39
2026/09/10 11:44:34.710, GPU-dadf9f3b-df58-d3fa-07b0-5fe223423db1, 2032 MHz, 374.13 W, 39
2026/09/10 11:44:34.910, GPU-dadf9f3b-df58-d3fa-07b0-5fe223423db1, 2032 MHz, 374.05 W, 39
2026/09/10 11:44:35.110, GPU-dadf9f3b-df58-d3fa-07b0-5fe223423db1, 2032 MHz, 372.30 W, 39
2026/09/10 11:44:35.310, GPU-dadf9f3b-df58-d3fa-07b0-5fe223423db1, 2032 MHz, 386.30 W, 40
2026/09/10 11:44:35.510, GPU-dadf9f3b-df58-d3fa-07b0-5fe223423db1, 2032 MHz, 455.84 W, 43
2026/09/10 11:44:35.711, GPU-dadf9f3b-df58-d3fa-07b0-5fe223423db1, 2032 MHz, 496.02 W, 42
2026/09/10 11:44:35.911, GPU-dadf9f3b-df58-d3fa-07b0-5fe223423db1, 2032 MHz, 540.86 W, 42
2026/09/10 11:44:36.111, GPU-dadf9f3b-df58-d3fa-07b0-5fe223423db1, 2032 MHz, 579.07 W, 43
2026/09/10 11:44:36.311, GPU-dadf9f3b-df58-d3fa-07b0-5fe223423db1, 2032 MHz, 614.58 W, 43
2026/09/10 11:44:36.511, GPU-dadf9f3b-df58-d3fa-07b0-5fe223423db1, 2032 MHz, 578.05 W, 42
2026/09/10 11:44:36.711, GPU-dadf9f3b-df58-d3fa-07b0-5fe223423db1, 2032 MHz, 568.05 W, 42
2026/09/10 11:44:36.911, GPU-dadf9f3b-df58-d3fa-07b0-5fe223423db1, 2032 MHz, 558.97 W, 42
2026/09/10 11:44:37.111, GPU-dadf9f3b-df58-d3fa-07b0-5fe223423db1, 2032 MHz, 549.49 W, 41
2026/09/10 11:44:37.311, GPU-dadf9f3b-df58-d3fa-07b0-5fe223423db1, 2032 MHz, 596.86 W, 44
2026/09/10 11:44:37.511, GPU-dadf9f3b-df58-d3fa-07b0-5fe223423db1, 2032 MHz, 652.22 W, 45
2026/09/10 11:44:37.711, GPU-dadf9f3b-df58-d3fa-07b0-5fe223423db1, 2032 MHz, 705.95 W, 46
2026/09/10 11:44:37.911, GPU-dadf9f3b-df58-d3fa-07b0-5fe223423db1, 2032 MHz, 770.32 W, 46
2026/09/10 11:44:38.111, GPU-dadf9f3b-df58-d3fa-07b0-5fe223423db1, 2032 MHz, 830.03 W, 46
2026/09/10 11:44:38.312, GPU-dadf9f3b-df58-d3fa-07b0-5fe223423db1, 2032 MHz, 829.81 W, 47
2026/09/10 11:44:38.512, GPU-dadf9f3b-df58-d3fa-07b0-5fe223423db1, 2032 MHz, 780.36 W, 45
2026/09/10 11:44:38.712, GPU-dadf9f3b-df58-d3fa-07b0-5fe223423db1, 2032 MHz, 730.47 W, 44
2026/09/10 11:44:38.912, GPU-dadf9f3b-df58-d3fa-07b0-5fe223423db1, 2032 MHz, 679.86 W, 44
2026/09/10 11:44:39.112, GPU-dadf9f3b-df58-d3fa-07b0-5fe223423db1, 2032 MHz, 607.13 W, 42
2026/09/10 11:44:39.312, GPU-dadf9f3b-df58-d3fa-07b0-5fe223423db1, 2032 MHz, 534.32 W, 42
2026/09/10 11:44:39.512, GPU-dadf9f3b-df58-d3fa-07b0-5fe223423db1, 2032 MHz, 526.01 W, 43
2026/09/10 11:44:39.712, GPU-dadf9f3b-df58-d3fa-07b0-5fe223423db1, 2032 MHz, 540.98 W, 43
2026/09/10 11:44:39.912, GPU-dadf9f3b-df58-d3fa-07b0-5fe223423db1, 2032 MHz, 555.10 W, 44
2026/09/10 11:44:40.112, GPU-dadf9f3b-df58-d3fa-07b0-5fe223423db1, 2032 MHz, 554.91 W, 42
2026/09/10 11:44:40.312, GPU-dadf9f3b-df58-d3fa-07b0-5fe223423db1, 2032 MHz, 540.52 W, 41
2026/09/10 11:44:40.512, GPU-dadf9f3b-df58-d3fa-07b0-5fe223423db1, 2032 MHz, 512.05 W, 41
2026/09/10 11:44:40.712, GPU-dadf9f3b-df58-d3fa-07b0-5fe223423db1, 2032 MHz, 462.69 W, 40
2026/09/10 11:44:40.912, GPU-dadf9f3b-df58-d3fa-07b0-5fe223423db1, 2032 MHz, 442.70 W, 42
2026/09/10 11:44:41.113, GPU-dadf9f3b-df58-d3fa-07b0-5fe223423db1, 2032 MHz, 457.39 W, 42
2026/09/10 11:44:41.313, GPU-dadf9f3b-df58-d3fa-07b0-5fe223423db1, 2032 MHz, 488.00 W, 42
2026/09/10 11:44:41.513, GPU-dadf9f3b-df58-d3fa-07b0-5fe223423db1, 2032 MHz, 520.15 W, 43
2026/09/10 11:44:41.713, GPU-dadf9f3b-df58-d3fa-07b0-5fe223423db1, 2032 MHz, 552.70 W, 43
2026/09/10 11:44:41.913, GPU-dadf9f3b-df58-d3fa-07b0-5fe223423db1, 2032 MHz, 568.06 W, 43
2026/09/10 11:44:42.113, GPU-dadf9f3b-df58-d3fa-07b0-5fe223423db1, 2032 MHz, 576.92 W, 43
2026/09/10 11:44:42.313, GPU-dadf9f3b-df58-d3fa-07b0-5fe223423db1, 2032 MHz, 581.90 W, 43
2026/09/10 11:44:42.513, GPU-dadf9f3b-df58-d3fa-07b0-5fe223423db1, 2032 MHz, 577.84 W, 43
2026/09/10 11:44:42.713, GPU-dadf9f3b-df58-d3fa-07b0-5fe223423db1, 2032 MHz, 574.04 W, 43
2026/09/10 11:44:42.913, GPU-dadf9f3b-df58-d3fa-07b0-5fe223423db1, 2032 MHz, 561.28 W, 42
2026/09/10 11:44:43.113, GPU-dadf9f3b-df58-d3fa-07b0-5fe223423db1, 2032 MHz, 546.80 W, 42
2026/09/10 11:44:43.313, GPU-dadf9f3b-df58-d3fa-07b0-5fe223423db1, 2032 MHz, 531.94 W, 42
2026/09/10 11:44:43.513, GPU-dadf9f3b-df58-d3fa-07b0-5fe223423db1, 2032 MHz, 526.72 W, 42
2026/09/10 11:44:43.714, GPU-dadf9f3b-df58-d3fa-07b0-5fe223423db1, 2032 MHz, 521.37 W, 42
2026/09/10 11:44:43.914, GPU-dadf9f3b-df58-d3fa-07b0-5fe223423db1, 2032 MHz, 544.79 W, 44
2026/09/10 11:44:44.114, GPU-dadf9f3b-df58-d3fa-07b0-5fe223423db1, 2032 MHz, 510.56 W, 41
2026/09/10 11:44:44.314, GPU-dadf9f3b-df58-d3fa-07b0-5fe223423db1, 2032 MHz, 480.93 W, 40
2026/09/10 11:44:44.514, GPU-dadf9f3b-df58-d3fa-07b0-5fe223423db1, 2032 MHz, 451.65 W, 40
2026/09/10 11:44:44.714, GPU-dadf9f3b-df58-d3fa-07b0-5fe223423db1, 2032 MHz, 422.83 W, 40
2026/09/10 11:44:44.914, GPU-dadf9f3b-df58-d3fa-07b0-5fe223423db1, 2032 MHz, 365.16 W, 40
2026/09/10 11:44:45.114, GPU-dadf9f3b-df58-d3fa-07b0-5fe223423db1, 2032 MHz, 365.26 W, 40
2026/09/10 11:44:45.314, GPU-dadf9f3b-df58-d3fa-07b0-5fe223423db1, 2032 MHz, 365.17 W, 39
2026/09/10 11:44:45.514, GPU-dadf9f3b-df58-d3fa-07b0-5fe223423db1, 2032 MHz, 365.14 W, 39
2026/09/10 11:44:45.714, GPU-dadf9f3b-df58-d3fa-07b0-5fe223423db1, 2032 MHz, 362.21 W, 39
2026/09/10 11:44:45.914, GPU-dadf9f3b-df58-d3fa-07b0-5fe223423db1, 2032 MHz, 365.96 W, 39
2026/09/10 11:44:46.114, GPU-dadf9f3b-df58-d3fa-07b0-5fe223423db1, 2032 MHz, 369.74 W, 39
2026/09/10 11:44:46.315, GPU-dadf9f3b-df58-d3fa-07b0-5fe223423db1, 2032 MHz, 373.68 W, 39
2026/09/10 11:44:46.515, GPU-dadf9f3b-df58-d3fa-07b0-5fe223423db1, 2032 MHz, 377.30 W, 39
2026/09/10 11:44:46.715, GPU-dadf9f3b-df58-d3fa-07b0-5fe223423db1, 2032 MHz, 384.33 W, 39
2026/09/10 11:44:46.915, GPU-dadf9f3b-df58-d3fa-07b0-5fe223423db1, 2032 MHz, 384.37 W, 39
2026/09/10 11:44:47.115, GPU-dadf9f3b-df58-d3fa-07b0-5fe223423db1, 2032 MHz, 384.37 W, 39
2026/09/10 11:44:47.315, GPU-dadf9f3b-df58-d3fa-07b0-5fe223423db1, 2032 MHz, 384.37 W, 39
2026/09/10 11:44:47.515, GPU-dadf9f3b-df58-d3fa-07b0-5fe223423db1, 2032 MHz, 384.37 W, 39
2026/09/10 11:44:47.715, GPU-dadf9f3b-df58-d3fa-07b0-5fe223423db1, 2032 MHz, 384.37 W, 39
2026/09/10 11:44:47.915, GPU-dadf9f3b-df58-d3fa-07b0-5fe223423db1, 2032 MHz, 384.37 W, 39
2026/09/10 11:44:48.115, GPU-dadf9f3b-df58-d3fa-07b0-5fe223423db1, 2032 MHz, 384.37 W, 39
2026/09/10 11:44:48.315, GPU-dadf9f3b-df58-d3fa-07b0-5fe223423db1, 2032 MHz, 412.86 W, 41
2026/09/10 11:44:48.515, GPU-dadf9f3b-df58-d3fa-07b0-5fe223423db1, 2032 MHz, 456.66 W, 42
2026/09/10 11:44:48.715, GPU-dadf9f3b-df58-d3fa-07b0-5fe223423db1, 2032 MHz, 515.90 W, 43
2026/09/10 11:44:48.915, GPU-dadf9f3b-df58-d3fa-07b0-5fe223423db1, 2032 MHz, 571.28 W, 43
2026/09/10 11:44:49.116, GPU-dadf9f3b-df58-d3fa-07b0-5fe223423db1, 2032 MHz, 601.70 W, 42
2026/09/10 11:44:49.316, GPU-dadf9f3b-df58-d3fa-07b0-5fe223423db1, 2032 MHz, 583.06 W, 41
2026/09/10 11:44:49.516, GPU-dadf9f3b-df58-d3fa-07b0-5fe223423db1, 2032 MHz, 549.39 W, 41
2026/09/10 11:44:49.716, GPU-dadf9f3b-df58-d3fa-07b0-5fe223423db1, 2032 MHz, 503.51 W, 41
2026/09/10 11:44:49.916, GPU-dadf9f3b-df58-d3fa-07b0-5fe223423db1, 2032 MHz, 450.58 W, 41
2026/09/10 11:44:50.116, GPU-dadf9f3b-df58-d3fa-07b0-5fe223423db1, 2032 MHz, 437.05 W, 41
2026/09/10 11:44:50.316, GPU-dadf9f3b-df58-d3fa-07b0-5fe223423db1, 2032 MHz, 454.01 W, 41
2026/09/10 11:44:50.516, GPU-dadf9f3b-df58-d3fa-07b0-5fe223423db1, 2032 MHz, 498.23 W, 42
2026/09/10 11:44:50.716, GPU-dadf9f3b-df58-d3fa-07b0-5fe223423db1, 2032 MHz, 578.03 W, 44
2026/09/10 11:44:50.916, GPU-dadf9f3b-df58-d3fa-07b0-5fe223423db1, 2032 MHz, 663.46 W, 45
2026/09/10 11:44:51.116, GPU-dadf9f3b-df58-d3fa-07b0-5fe223423db1, 2032 MHz, 713.13 W, 44
2026/09/10 11:44:51.316, GPU-dadf9f3b-df58-d3fa-07b0-5fe223423db1, 2032 MHz, 735.97 W, 44
2026/09/10 11:44:51.516, GPU-dadf9f3b-df58-d3fa-07b0-5fe223423db1, 2032 MHz, 745.67 W, 45
