case,heads,sequences,tokens,max_chunks,chunk_heads,k2_ctas,mode,round,median_us,min_us,max_us
equal_n1,12,1,8192,512,6144,12,k1,0,42.3552006483078,42.00640022754669,42.502400279045105
equal_n1,12,1,8192,512,6144,12,full,0,788.6015892028809,788.5471820831299,789.024019241333
equal_n1,12,1,8192,512,6144,12,k2,0,744.1760063171387,743.7759876251221,744.3552017211914
equal_n1,12,1,8192,512,6144,12,k2,1,744.1120147705078,743.9616203308105,744.3999767303467
equal_n1,12,1,8192,512,6144,12,k1,1,42.20159947872162,42.10880100727081,42.65600144863129
equal_n1,12,1,8192,512,6144,12,full,1,788.4799957275391,788.4448051452637,789.1263961791992
equal_n1,12,1,8192,512,6144,12,k1,2,42.156800627708435,42.0991986989975,42.27519929409027
equal_n1,12,1,8192,512,6144,12,k2,2,742.6527976989746,742.3295974731445,742.9376125335693
equal_n1,12,1,8192,512,6144,12,full,2,788.7167930603027,788.4448051452637,788.915205001831
equal_n1,12,1,8192,512,6144,12,k1,3,42.27840006351471,42.102399468421936,42.33280122280121
equal_n1,12,1,8192,512,6144,12,k2,3,742.409610748291,742.2912120819092,742.6655769348145
equal_n1,12,1,8192,512,6144,12,full,3,788.4928226470947,788.2688045501709,788.6847972869873
equal_n1,12,1,8192,512,6144,12,k1,4,42.17920005321503,42.06719994544983,42.29759871959686
equal_n1,12,1,8192,512,6144,12,full,4,787.8623962402344,787.6416206359863,788.7104034423828
equal_n1,12,1,8192,512,6144,12,k2,4,744.0095901489258,743.7920093536377,744.7264194488525
equal_n2,12,2,8192,256,6144,24,full,0,420.46399116516113,419.9903964996338,420.71681022644043
equal_n2,12,2,8192,256,6144,24,k1,0,42.156800627708435,42.102399468421936,42.32319891452789
equal_n2,12,2,8192,256,6144,24,k2,0,376.6304016113281,376.4064073562622,376.8127918243408
equal_n2,12,2,8192,256,6144,24,k1,1,42.233601212501526,42.00640022754669,42.31039881706238
equal_n2,12,2,8192,256,6144,24,k2,1,377.2639989852905,377.23519802093506,377.6832103729248
equal_n2,12,2,8192,256,6144,24,full,1,420.2432155609131,419.974422454834,420.5376148223877
equal_n2,12,2,8192,256,6144,24,k1,2,42.105600237846375,41.91359877586365,42.29440093040466
equal_n2,12,2,8192,256,6144,24,k2,2,377.1359920501709,376.93119049072266,377.459192276001
equal_n2,12,2,8192,256,6144,24,full,2,420.4160213470459,419.76962089538574,420.87039947509766
equal_n2,12,2,8192,256,6144,24,k1,3,42.19200015068054,41.93919897079468,42.19520092010498
equal_n2,12,2,8192,256,6144,24,k2,3,377.2128105163574,377.0143985748291,377.2480010986328
equal_n2,12,2,8192,256,6144,24,full,3,420.37439346313477,420.22080421447754,420.6655979156494
equal_n2,12,2,8192,256,6144,24,k1,4,42.105600237846375,42.048001289367676,42.54080057144165
equal_n2,12,2,8192,256,6144,24,full,4,420.4160213470459,419.9999809265137,420.8000183105469
equal_n2,12,2,8192,256,6144,24,k2,4,376.39360427856445,376.310396194458,376.4352083206177
equal_n4,12,4,8192,128,6144,48,full,0,236.22400760650635,235.92960834503174,236.26880645751953
equal_n4,12,4,8192,128,6144,48,k1,0,42.153599858284,41.942399740219116,42.27199852466583
equal_n4,12,4,8192,128,6144,48,k2,0,193.24159622192383,192.85119771957397,193.3184027671814
equal_n4,12,4,8192,128,6144,48,k2,1,193.22240352630615,192.92160272598267,193.25439929962158
equal_n4,12,4,8192,128,6144,48,k1,1,42.0991986989975,42.080000042915344,42.13440120220184
equal_n4,12,4,8192,128,6144,48,full,1,236.26880645751953,236.0640048980713,236.3840103149414
equal_n4,12,4,8192,128,6144,48,full,2,236.23359203338623,236.22078895568848,236.4896059036255
equal_n4,12,4,8192,128,6144,48,k1,2,42.131200432777405,41.868799924850464,42.36159920692444
equal_n4,12,4,8192,128,6144,48,k2,2,193.26720237731934,193.2255983352661,193.2927966117859
equal_n4,12,4,8192,128,6144,48,k1,3,42.20480024814606,41.88160002231598,42.32639968395233
equal_n4,12,4,8192,128,6144,48,k2,3,192.8928017616272,192.6751971244812,193.09439659118652
equal_n4,12,4,8192,128,6144,48,full,3,236.21759414672852,235.99679470062256,236.25280857086182
equal_n4,12,4,8192,128,6144,48,full,4,236.2015962600708,236.0447883605957,236.40639781951904
equal_n4,12,4,8192,128,6144,48,k1,4,42.076799273490906,41.971200704574585,42.127999663352966
equal_n4,12,4,8192,128,6144,48,k2,4,193.31519603729248,193.2703971862793,193.4432029724121
equal_n8,12,8,8192,64,6144,96,full,0,144.35839653015137,144.25280094146729,144.96959447860718
equal_n8,12,8,8192,64,6144,96,k2,0,101.46880149841309,101.34079456329346,101.56160593032837
equal_n8,12,8,8192,64,6144,96,k1,0,42.4703985452652,42.30400025844574,42.67840087413788
equal_n8,12,8,8192,64,6144,96,k1,1,42.29440093040466,42.25600063800812,42.51199960708618
equal_n8,12,8,8192,64,6144,96,k2,1,101.51360034942627,101.30560398101807,101.72799825668335
equal_n8,12,8,8192,64,6144,96,full,1,144.56000328063965,144.39040422439575,144.68799829483032
equal_n8,12,8,8192,64,6144,96,k2,2,101.37920379638672,101.34079456329346,101.60319805145264
equal_n8,12,8,8192,64,6144,96,full,2,144.55360174179077,144.48000192642212,144.85759735107422
equal_n8,12,8,8192,64,6144,96,k1,2,42.29440093040466,42.2432005405426,42.54080057144165
equal_n8,12,8,8192,64,6144,96,k2,3,101.4847993850708,101.46880149841309,101.70559883117676
equal_n8,12,8,8192,64,6144,96,k1,3,42.35199987888336,42.28479862213135,42.502400279045105
equal_n8,12,8,8192,64,6144,96,full,3,144.5472002029419,144.4640040397644,144.7551965713501
equal_n8,12,8,8192,64,6144,96,k2,4,101.53599977493286,101.46239995956421,102.00639963150024
equal_n8,12,8,8192,64,6144,96,k1,4,42.29440093040466,42.156800627708435,42.3552006483078
equal_n8,12,8,8192,64,6144,96,full,4,144.56640481948853,144.55679655075073,144.7648048400879
equal_n16,12,16,8192,32,6144,192,full,0,116.17599725723267,116.10560417175293,116.61759614944458
equal_n16,12,16,8192,32,6144,192,k2,0,73.83679747581482,73.64799976348877,73.85920286178589
equal_n16,12,16,8192,32,6144,192,k1,0,42.2432005405426,42.07040071487427,42.38080084323883
equal_n16,12,16,8192,32,6144,192,k2,1,73.62560033798218,73.60640168190002,74.0447998046875
equal_n16,12,16,8192,32,6144,192,k1,1,42.27519929409027,42.09280014038086,42.29440093040466
equal_n16,12,16,8192,32,6144,192,full,1,116.42559766769409,116.31040573120117,116.64960384368896
equal_n16,12,16,8192,32,6144,192,k1,2,42.29440093040466,41.97440147399902,42.34879910945892
equal_n16,12,16,8192,32,6144,192,full,2,116.45760536193848,116.22079610824585,116.5120005607605
equal_n16,12,16,8192,32,6144,192,k2,2,73.67680072784424,73.60640168190002,74.05760288238525
equal_n16,12,16,8192,32,6144,192,k2,3,73.83360266685486,73.66719841957092,73.9296019077301
equal_n16,12,16,8192,32,6144,192,full,3,116.37120246887207,116.11520051956177,116.4512038230896
equal_n16,12,16,8192,32,6144,192,k1,3,42.156800627708435,42.09280014038086,42.53439903259277
equal_n16,12,16,8192,32,6144,192,full,4,116.43520593643188,116.24000072479248,116.4896011352539
equal_n16,12,16,8192,32,6144,192,k1,4,42.3007994890213,42.11519956588745,42.53439903259277
equal_n16,12,16,8192,32,6144,192,k2,4,73.65760207176208,73.64799976348877,73.86559844017029
skew8,12,8,8192,288,6144,96,full,0,466.87679290771484,466.69440269470215,467.16160774230957
skew8,12,8,8192,288,6144,96,k1,0,44.36799883842468,44.19200122356415,44.601601362228394
skew8,12,8,8192,288,6144,96,k2,0,420.1183795928955,419.9872016906738,420.2432155609131
skew8,12,8,8192,288,6144,96,k1,1,44.44800019264221,44.22079920768738,44.65920031070709
skew8,12,8,8192,288,6144,96,full,1,467.0464038848877,466.4383888244629,467.18077659606934
skew8,12,8,8192,288,6144,96,k2,1,420.2335834503174,420.0863838195801,420.2784061431885
skew8,12,8,8192,288,6144,96,k1,2,44.47360038757324,44.176000356674194,44.63360011577606
skew8,12,8,8192,288,6144,96,full,2,467.0400142669678,466.80641174316406,467.139196395874
skew8,12,8,8192,288,6144,96,k2,2,420.2688217163086,420.2303886413574,420.42880058288574
skew8,12,8,8192,288,6144,96,k1,3,44.40959990024567,44.33920085430145,44.84480023384094
skew8,12,8,8192,288,6144,96,k2,3,419.9103832244873,419.7535991668701,419.97761726379395
skew8,12,8,8192,288,6144,96,full,3,466.67518615722656,466.5696144104004,466.8447971343994
skew8,12,8,8192,288,6144,96,k2,4,420.4224109649658,420.22080421447754,420.67198753356934
skew8,12,8,8192,288,6144,96,full,4,466.73598289489746,466.4991855621338,466.91198348999023
skew8,12,8,8192,288,6144,96,k1,4,44.55040097236633,44.35519874095917,44.71040070056915
ragged6,12,6,8192,192,6180,72,k1,0,44.412800669670105,44.31999921798706,44.64640021324158
ragged6,12,6,8192,192,6180,72,k2,0,286.4543914794922,286.44158840179443,286.7072105407715
ragged6,12,6,8192,192,6180,72,full,0,332.65600204467773,332.41920471191406,332.80959129333496
ragged6,12,6,8192,192,6180,72,full,1,332.5023889541626,332.43839740753174,332.6303958892822
ragged6,12,6,8192,192,6180,72,k2,1,286.26880645751953,286.1952066421509,286.4383935928345
ragged6,12,6,8192,192,6180,72,k1,1,44.53119933605194,44.29759979248047,44.64319944381714
ragged6,12,6,8192,192,6180,72,full,2,332.45439529418945,332.28158950805664,332.64639377593994
ragged6,12,6,8192,192,6180,72,k2,2,286.26561164855957,286.10239028930664,286.44158840179443
ragged6,12,6,8192,192,6180,72,k1,2,44.412800669670105,44.32640075683594,44.835200905799866
ragged6,12,6,8192,192,6180,72,k2,3,286.61439418792725,286.19840145111084,286.678409576416
ragged6,12,6,8192,192,6180,72,k1,3,44.361600279808044,44.1567987203598,44.412800669670105
ragged6,12,6,8192,192,6180,72,full,3,332.5439929962158,332.32319355010986,332.66239166259766
ragged6,12,6,8192,192,6180,72,k2,4,286.19840145111084,286.1599922180176,286.41600608825684
ragged6,12,6,8192,192,6180,72,full,4,332.37760066986084,332.1536064147949,332.7552080154419
ragged6,12,6,8192,192,6180,72,k1,4,44.34239864349365,44.20799911022186,44.65920031070709
equal8_varlen,12,8,8192,64,6144,96,full,0,148.44160079956055,148.16319942474365,148.63040447235107
equal8_varlen,12,8,8192,64,6144,96,k1,0,44.47999894618988,44.42560076713562,44.57600116729736
equal8_varlen,12,8,8192,64,6144,96,k2,0,102.16959714889526,101.95839405059814,102.34880447387695
equal8_varlen,12,8,8192,64,6144,96,k1,1,44.42239999771118,44.172799587249756,44.543999433517456
equal8_varlen,12,8,8192,64,6144,96,full,1,148.26560020446777,148.12480211257935,148.47040176391602
equal8_varlen,12,8,8192,64,6144,96,k2,1,102.06719636917114,101.92639827728271,102.13439464569092
equal8_varlen,12,8,8192,64,6144,96,k1,2,44.358399510383606,44.147199392318726,44.58560049533844
equal8_varlen,12,8,8192,64,6144,96,full,2,148.198401927948,148.1503963470459,148.44800233840942
equal8_varlen,12,8,8192,64,6144,96,k2,2,101.89440250396729,101.84639692306519,102.05440521240234
equal8_varlen,12,8,8192,64,6144,96,k1,3,44.40000057220459,44.34880018234253,44.51200067996979
equal8_varlen,12,8,8192,64,6144,96,full,3,148.03199768066406,147.96160459518433,148.2624053955078
equal8_varlen,12,8,8192,64,6144,96,k2,3,102.03839540481567,101.76000595092773,102.16000080108643
equal8_varlen,12,8,8192,64,6144,96,k2,4,101.91680192947388,101.8623948097229,102.11199522018433
equal8_varlen,12,8,8192,64,6144,96,k1,4,44.336000084877014,44.31999921798706,44.6368008852005
equal8_varlen,12,8,8192,64,6144,96,full,4,148.38080406188965,148.1663942337036,148.55999946594238
equal_n1,24,1,8192,512,12288,24,full,0,821.4336395263672,821.0240364074707,821.8463897705078
equal_n1,24,1,8192,512,12288,24,k2,0,743.9616203308105,743.6672210693359,744.2111968994141
equal_n1,24,1,8192,512,12288,24,k1,0,75.52319765090942,75.382399559021,75.64160227775574
equal_n1,24,1,8192,512,12288,24,k1,1,75.47199726104736,75.35679936408997,75.59040188789368
equal_n1,24,1,8192,512,12288,24,full,1,821.8688011169434,821.3631629943848,822.9215621948242
equal_n1,24,1,8192,512,12288,24,k2,1,745.2799797058105,745.2000141143799,745.5327987670898
equal_n1,24,1,8192,512,12288,24,full,2,821.8400001525879,821.2224006652832,822.3423957824707
equal_n1,24,1,8192,512,12288,24,k1,2,75.42399764060974,75.3279983997345,75.59999823570251
equal_n1,24,1,8192,512,12288,24,k2,2,744.1984176635742,743.9680099487305,744.4128036499023
equal_n1,24,1,8192,512,12288,24,k1,3,75.49440264701843,75.33439993858337,75.68320035934448
equal_n1,24,1,8192,512,12288,24,k2,3,743.7695980072021,743.6160087585449,743.9008235931396
equal_n1,24,1,8192,512,12288,24,full,3,821.5359687805176,820.963191986084,821.9231605529785
equal_n1,24,1,8192,512,12288,24,k2,4,745.3536033630371,745.3184127807617,745.472002029419
equal_n1,24,1,8192,512,12288,24,k1,4,75.65439939498901,75.44959783554077,75.6928026676178
equal_n1,24,1,8192,512,12288,24,full,4,821.7375755310059,820.7903861999512,822.4991798400879
equal_n2,24,2,8192,256,12288,48,full,0,454.3839931488037,453.926420211792,454.8895835876465
equal_n2,24,2,8192,256,12288,48,k2,0,378.1280040740967,377.8592109680176,378.32319736480713
equal_n2,24,2,8192,256,12288,48,k1,0,75.52639842033386,75.34719705581665,75.67359805107117
equal_n2,24,2,8192,256,12288,48,k1,1,75.4975974559784,75.27040243148804,75.54240226745605
equal_n2,24,2,8192,256,12288,48,k2,1,377.30560302734375,377.22558975219727,377.4336099624634
equal_n2,24,2,8192,256,12288,48,full,1,454.14719581604004,453.9072036743164,454.68478202819824
equal_n2,24,2,8192,256,12288,48,full,2,454.4384002685547,454.12158966064453,454.50239181518555
equal_n2,24,2,8192,256,12288,48,k1,2,75.52639842033386,75.34400224685669,75.54559707641602
equal_n2,24,2,8192,256,12288,48,k2,2,377.4912118911743,377.3375988006592,377.53920555114746
equal_n2,24,2,8192,256,12288,48,k2,3,377.3792028427124,377.31521129608154,377.91359424591064
equal_n2,24,2,8192,256,12288,48,k1,3,75.32479763031006,75.25439858436584,75.5840003490448
equal_n2,24,2,8192,256,12288,48,full,3,454.45117950439453,454.01601791381836,454.5248031616211
equal_n2,24,2,8192,256,12288,48,full,4,454.4544219970703,454.11200523376465,454.6624183654785
equal_n2,24,2,8192,256,12288,48,k2,4,377.0400047302246,376.95679664611816,377.10719108581543
equal_n2,24,2,8192,256,12288,48,k1,4,75.39520263671875,75.25759935379028,75.53279995918274
equal_n4,24,4,8192,128,12288,96,k2,0,194.1920042037964,193.94880533218384,194.3168044090271
equal_n4,24,4,8192,128,12288,96,k1,0,75.5295991897583,75.24160146713257,75.71840286254883
equal_n4,24,4,8192,128,12288,96,full,0,270.85120677948,270.67840099334717,271.0207939147949
equal_n4,24,4,8192,128,12288,96,k1,1,75.3600001335144,75.3216028213501,75.54879784584045
equal_n4,24,4,8192,128,12288,96,k2,1,194.4383978843689,194.27520036697388,194.66240406036377
equal_n4,24,4,8192,128,12288,96,full,1,270.7648038864136,270.71681022644043,271.11361026763916
equal_n4,24,4,8192,128,12288,96,full,2,270.7711935043335,270.6912040710449,270.8832025527954
equal_n4,24,4,8192,128,12288,96,k1,2,75.36640167236328,75.244802236557,75.72479844093323
equal_n4,24,4,8192,128,12288,96,k2,2,194.32640075683594,194.25599575042725,194.43199634552002
equal_n4,24,4,8192,128,12288,96,full,3,270.7040071487427,270.52159309387207,271.0560083389282
equal_n4,24,4,8192,128,12288,96,k1,3,75.56800246238708,75.1263976097107,75.73760151863098
equal_n4,24,4,8192,128,12288,96,k2,3,194.27520036697388,194.20479536056519,194.50559616088867
equal_n4,24,4,8192,128,12288,96,full,4,270.81921100616455,270.67201137542725,270.99199295043945
equal_n4,24,4,8192,128,12288,96,k1,4,75.33439993858337,75.20639896392822,75.6447970867157
equal_n4,24,4,8192,128,12288,96,k2,4,194.36800479888916,194.3168044090271,194.4543957710266
equal_n8,24,8,8192,64,12288,192,k2,0,137.73119449615479,137.69279718399048,137.9199981689453
equal_n8,24,8,8192,64,12288,192,full,0,213.60321044921875,213.49120140075684,213.74719142913818
equal_n8,24,8,8192,64,12288,192,k1,0,75.35359859466553,75.14879703521729,75.54559707641602
equal_n8,24,8,8192,64,12288,192,k2,1,137.69279718399048,137.66720294952393,137.82399892807007
equal_n8,24,8,8192,64,12288,192,k1,1,75.36960244178772,75.20319819450378,75.56800246238708
equal_n8,24,8,8192,64,12288,192,full,1,213.46559524536133,213.39519023895264,213.51358890533447
equal_n8,24,8,8192,64,12288,192,k1,2,75.35359859466553,75.244802236557,75.66400170326233
equal_n8,24,8,8192,64,12288,192,k2,2,137.7120018005371,137.52319812774658,137.76320219039917
equal_n8,24,8,8192,64,12288,192,full,2,213.53600025177002,213.47200870513916,213.68000507354736
equal_n8,24,8,8192,64,12288,192,k1,3,75.34080147743225,75.13279914855957,75.66720247268677
equal_n8,24,8,8192,64,12288,192,k2,3,137.59039640426636,137.49760389328003,137.83040046691895
equal_n8,24,8,8192,64,12288,192,full,3,213.50080966949463,213.40160369873047,213.73438835144043
equal_n8,24,8,8192,64,12288,192,k1,4,75.382399559021,75.13279914855957,75.54240226745605
equal_n8,24,8,8192,64,12288,192,full,4,213.37919235229492,213.26720714569092,213.6064052581787
equal_n8,24,8,8192,64,12288,192,k2,4,137.75999546051025,137.52319812774658,137.90080547332764
equal_n16,24,16,8192,32,12288,384,full,0,200.54080486297607,200.2687931060791,200.75199604034424
equal_n16,24,16,8192,32,12288,384,k1,0,75.55199861526489,75.30879974365234,75.67039728164673
equal_n16,24,16,8192,32,12288,384,k2,0,124.47999715805054,124.3232011795044,124.54719543457031
equal_n16,24,16,8192,32,12288,384,k1,1,75.50719976425171,75.27679800987244,75.74399709701538
equal_n16,24,16,8192,32,12288,384,full,1,200.40640830993652,200.38719177246094,200.63679218292236
equal_n16,24,16,8192,32,12288,384,k2,1,124.4096040725708,124.38080310821533,124.61119890213013
equal_n16,24,16,8192,32,12288,384,full,2,200.47359466552734,200.3999948501587,200.76799392700195
equal_n16,24,16,8192,32,12288,384,k2,2,124.41600561141968,124.21760559082031,124.46719408035278
equal_n16,24,16,8192,32,12288,384,k1,2,75.52000284194946,75.273597240448,75.53279995918274
equal_n16,24,16,8192,32,12288,384,full,3,200.52800178527832,200.46401023864746,200.80959796905518
equal_n16,24,16,8192,32,12288,384,k1,3,75.46560168266296,75.19999742507935,75.65760016441345
equal_n16,24,16,8192,32,12288,384,k2,3,124.44800138473511,124.27840232849121,124.47999715805054
equal_n16,24,16,8192,32,12288,384,full,4,200.4960060119629,200.39360523223877,200.68480968475342
equal_n16,24,16,8192,32,12288,384,k1,4,75.55199861526489,75.34400224685669,75.74719786643982
equal_n16,24,16,8192,32,12288,384,k2,4,124.41920042037964,124.19840097427368,124.48639869689941
skew8,24,8,8192,288,12288,192,k1,0,78.59519720077515,78.1440019607544,78.86719703674316
skew8,24,8,8192,288,12288,192,full,0,660.8736038208008,660.7200145721436,661.2383842468262
skew8,24,8,8192,288,12288,192,k2,0,581.4976215362549,581.1200141906738,581.769609451294
skew8,24,8,8192,288,12288,192,k1,1,78.45119833946228,78.33920121192932,78.62079739570618
skew8,24,8,8192,288,12288,192,full,1,661.1775875091553,660.9856128692627,661.4240169525146
skew8,24,8,8192,288,12288,192,k2,1,581.2032222747803,581.1520099639893,581.5999984741211
skew8,24,8,8192,288,12288,192,full,2,660.8895778656006,660.7647895812988,661.45920753479
skew8,24,8,8192,288,12288,192,k1,2,78.41920256614685,78.15999984741211,78.60159873962402
skew8,24,8,8192,288,12288,192,k2,2,581.4559936523438,581.3568115234375,581.8496227264404
skew8,24,8,8192,288,12288,192,full,3,660.9471797943115,660.8543872833252,661.3088130950928
skew8,24,8,8192,288,12288,192,k1,3,78.40960025787354,78.30079793930054,78.5152018070221
skew8,24,8,8192,288,12288,192,k2,3,581.1872005462646,580.8512210845947,581.2895774841309
skew8,24,8,8192,288,12288,192,k2,4,581.004810333252,580.7839870452881,581.382417678833
skew8,24,8,8192,288,12288,192,k1,4,78.58560085296631,78.34240198135376,78.64320278167725
skew8,24,8,8192,288,12288,192,full,4,660.7935905456543,660.5408191680908,661.1455917358398
ragged6,24,6,8192,192,12360,144,k2,0,288.5119915008545,288.50560188293457,288.74239921569824
ragged6,24,6,8192,192,12360,144,full,0,369.1296100616455,368.92480850219727,369.3279981613159
ragged6,24,6,8192,192,12360,144,k1,0,78.43520045280457,78.37759852409363,78.93760204315186
ragged6,24,6,8192,192,12360,144,k2,1,288.5024070739746,288.4608030319214,288.6399984359741
ragged6,24,6,8192,192,12360,144,full,1,369.03679370880127,368.93439292907715,369.55199241638184
ragged6,24,6,8192,192,12360,144,k1,1,78.54719758033752,78.22080254554749,78.64959836006165
ragged6,24,6,8192,192,12360,144,full,2,369.20320987701416,369.13599967956543,369.52641010284424
ragged6,24,6,8192,192,12360,144,k1,2,78.64320278167725,78.39679718017578,78.83840203285217
ragged6,24,6,8192,192,12360,144,k2,2,288.4927988052368,288.43839168548584,288.55040073394775
ragged6,24,6,8192,192,12360,144,k1,3,78.59839797019958,78.50880026817322,79.00800108909607
ragged6,24,6,8192,192,12360,144,full,3,369.1200017929077,368.80640983581543,369.37599182128906
ragged6,24,6,8192,192,12360,144,k2,3,288.4255886077881,288.41280937194824,288.7104034423828
ragged6,24,6,8192,192,12360,144,k1,4,78.63680124282837,78.48960161209106,78.68800163269043
ragged6,24,6,8192,192,12360,144,full,4,369.2960023880005,369.0943956375122,369.5296049118042
ragged6,24,6,8192,192,12360,144,k2,4,288.5632038116455,288.4000062942505,288.7712001800537
equal8_varlen,24,8,8192,64,12288,192,full,0,218.77119541168213,218.72639656066895,219.215989112854
equal8_varlen,24,8,8192,64,12288,192,k1,0,78.47040295600891,78.21440100669861,78.88960242271423
equal8_varlen,24,8,8192,64,12288,192,k2,0,138.62719535827637,138.53759765625,138.80000114440918
equal8_varlen,24,8,8192,64,12288,192,k1,1,78.56320142745972,78.30399870872498,78.64000201225281
equal8_varlen,24,8,8192,64,12288,192,full,1,218.74239444732666,218.6431884765625,218.9215898513794
equal8_varlen,24,8,8192,64,12288,192,k2,1,138.7712001800537,138.59200477600098,138.94720077514648
equal8_varlen,24,8,8192,64,12288,192,k2,2,138.74239921569824,138.52479457855225,138.7935996055603
equal8_varlen,24,8,8192,64,12288,192,k1,2,78.71999740600586,78.438401222229,78.74879837036133
equal8_varlen,24,8,8192,64,12288,192,full,2,218.79360675811768,218.50240230560303,218.96638870239258
equal8_varlen,24,8,8192,64,12288,192,k1,3,78.42239737510681,78.31680178642273,78.58880162239075
equal8_varlen,24,8,8192,64,12288,192,k2,3,138.63999843597412,138.53759765625,138.79679441452026
equal8_varlen,24,8,8192,64,12288,192,full,3,218.61119270324707,218.38719844818115,218.64640712738037
equal8_varlen,24,8,8192,64,12288,192,full,4,218.83199214935303,218.65599155426025,219.03040409088135
equal8_varlen,24,8,8192,64,12288,192,k1,4,78.7168025970459,78.20799946784973,78.74879837036133
equal8_varlen,24,8,8192,64,12288,192,k2,4,138.646399974823,138.62080574035645,138.70400190353394
equal_n1,48,1,8192,512,24576,48,k2,0,746.2719917297363,745.9680080413818,746.6752052307129
equal_n1,48,1,8192,512,24576,48,full,0,891.0367965698242,890.6144142150879,891.2287712097168
equal_n1,48,1,8192,512,24576,48,k1,0,141.2992000579834,141.25440120697021,141.33440256118774
equal_n1,48,1,8192,512,24576,48,k2,1,746.4288234710693,746.2240219116211,746.5439796447754
equal_n1,48,1,8192,512,24576,48,k1,1,141.40160083770752,141.19360446929932,141.69280529022217
equal_n1,48,1,8192,512,24576,48,full,1,890.3327941894531,889.5839691162109,891.215991973877
equal_n1,48,1,8192,512,24576,48,k2,2,746.0959911346436,745.9904193878174,746.3391780853271
equal_n1,48,1,8192,512,24576,48,full,2,890.7199859619141,890.0511741638184,891.3375854492188
equal_n1,48,1,8192,512,24576,48,k1,2,141.35040044784546,141.2768006324768,141.50079488754272
equal_n1,48,1,8192,512,24576,48,k1,3,141.47839546203613,141.28639698028564,141.6640043258667
equal_n1,48,1,8192,512,24576,48,k2,3,748.521614074707,748.089599609375,748.633623123169
equal_n1,48,1,8192,512,24576,48,full,3,889.9328231811523,889.7695541381836,890.886402130127
equal_n1,48,1,8192,512,24576,48,k1,4,141.48800373077393,141.3696050643921,141.68959856033325
equal_n1,48,1,8192,512,24576,48,full,4,890.499210357666,890.3231620788574,891.1711692810059
equal_n1,48,1,8192,512,24576,48,k2,4,748.3391761779785,748.1056213378906,748.419189453125
equal_n2,48,2,8192,256,24576,96,k2,0,379.9232006072998,379.84960079193115,380.28481006622314
equal_n2,48,2,8192,256,24576,96,k1,0,141.39519929885864,141.30239486694336,141.47839546203613
equal_n2,48,2,8192,256,24576,96,full,0,522.9375839233398,522.2879886627197,523.199987411499
equal_n2,48,2,8192,256,24576,96,k1,1,141.30239486694336,141.26399755477905,141.4080023765564
equal_n2,48,2,8192,256,24576,96,k2,1,380.4095983505249,380.17280101776123,380.6015968322754
equal_n2,48,2,8192,256,24576,96,full,1,522.7903842926025,522.6816177368164,523.1904029846191
equal_n2,48,2,8192,256,24576,96,k2,2,379.587197303772,379.46879863739014,379.8719882965088
equal_n2,48,2,8192,256,24576,96,k1,2,141.3375973701477,141.28960371017456,141.50079488754272
equal_n2,48,2,8192,256,24576,96,full,2,523.0527877807617,522.5183963775635,523.356819152832
equal_n2,48,2,8192,256,24576,96,k1,3,141.47520065307617,141.430401802063,141.58079624176025
equal_n2,48,2,8192,256,24576,96,full,3,522.979211807251,522.3552227020264,523.1872081756592
equal_n2,48,2,8192,256,24576,96,k2,3,380.46720027923584,380.1471948623657,380.60479164123535
equal_n2,48,2,8192,256,24576,96,full,4,522.8544235229492,522.2367763519287,523.0368137359619
equal_n2,48,2,8192,256,24576,96,k2,4,379.6799898147583,379.46879863739014,379.92000579833984
equal_n2,48,2,8192,256,24576,96,k1,4,141.36639833450317,141.30560159683228,141.57439470291138
equal_n4,48,4,8192,128,24576,192,k1,0,141.2992000579834,141.21919870376587,141.54560565948486
equal_n4,48,4,8192,128,24576,192,k2,0,265.30559062957764,265.25440216064453,265.49439430236816
equal_n4,48,4,8192,128,24576,192,full,0,407.590389251709,407.3535919189453,407.73119926452637
equal_n4,48,4,8192,128,24576,192,full,1,407.54241943359375,407.4175834655762,407.6223850250244
equal_n4,48,4,8192,128,24576,192,k1,1,141.18399620056152,140.99520444869995,141.48800373077393
equal_n4,48,4,8192,128,24576,192,k2,1,265.2224063873291,265.0943994522095,265.3984069824219
equal_n4,48,4,8192,128,24576,192,full,2,407.43041038513184,407.3984146118164,407.5808048248291
equal_n4,48,4,8192,128,24576,192,k2,2,265.3248071670532,265.07840156555176,265.63520431518555
equal_n4,48,4,8192,128,24576,192,k1,2,141.32159948349,140.937602519989,141.50400161743164
equal_n4,48,4,8192,128,24576,192,full,3,407.3887825012207,407.1455955505371,407.73119926452637
equal_n4,48,4,8192,128,24576,192,k2,3,265.20960330963135,265.07840156555176,265.55840969085693
equal_n4,48,4,8192,128,24576,192,k1,3,141.26399755477905,141.08480215072632,141.31200313568115
equal_n4,48,4,8192,128,24576,192,k1,4,141.29600524902344,141.1263942718506,141.43680334091187
equal_n4,48,4,8192,128,24576,192,k2,4,265.28000831604004,265.08800983428955,265.34719467163086
equal_n4,48,4,8192,128,24576,192,full,4,407.3535919189453,407.22241401672363,407.7023983001709
equal_n8,48,8,8192,64,24576,384,k1,0,141.45599603652954,141.35040044784546,141.90720319747925
equal_n8,48,8,8192,64,24576,384,k2,0,231.40480518341064,231.09440803527832,231.47521018981934
equal_n8,48,8,8192,64,24576,384,full,0,374.0000009536743,373.8976001739502,374.3072032928467
equal_n8,48,8,8192,64,24576,384,k2,1,231.29279613494873,231.06238842010498,231.494402885437
equal_n8,48,8,8192,64,24576,384,full,1,374.00639057159424,373.7247943878174,374.2271900177002
equal_n8,48,8,8192,64,24576,384,k1,1,141.2768006324768,141.05279445648193,141.28639698028564
equal_n8,48,8,8192,64,24576,384,k1,2,141.29600524902344,141.15840196609497,141.48800373077393
equal_n8,48,8,8192,64,24576,384,full,2,374.00639057159424,373.8271951675415,374.25599098205566
equal_n8,48,8,8192,64,24576,384,k2,2,231.29920959472656,231.28960132598877,231.44640922546387
equal_n8,48,8,8192,64,24576,384,k1,3,141.23519659042358,141.0815954208374,141.46239757537842
equal_n8,48,8,8192,64,24576,384,full,3,373.95520210266113,373.8879919052124,374.1856098175049
equal_n8,48,8,8192,64,24576,384,k2,3,231.31840229034424,231.15839958190918,231.60638809204102
equal_n8,48,8,8192,64,24576,384,k1,4,141.18080139160156,141.0688042640686,141.47520065307617
equal_n8,48,8,8192,64,24576,384,k2,4,231.40480518341064,231.28960132598877,231.81440830230713
equal_n8,48,8,8192,64,24576,384,full,4,374.14400577545166,373.9232063293457,374.2079973220825
equal_n16,48,16,8192,32,24576,768,k1,0,141.46239757537842,141.40479564666748,141.69600009918213
equal_n16,48,16,8192,32,24576,768,full,0,354.4032096862793,354.26878929138184,354.4800043106079
equal_n16,48,16,8192,32,24576,768,k2,0,211.61279678344727,211.48159503936768,211.67359352111816
equal_n16,48,16,8192,32,24576,768,k1,1,141.50079488754272,141.33119583129883,141.6543960571289
equal_n16,48,16,8192,32,24576,768,k2,1,211.8016004562378,211.5744113922119,211.9584083557129
equal_n16,48,16,8192,32,24576,768,full,1,354.27520275115967,354.12158966064453,354.48319911956787
equal_n16,48,16,8192,32,24576,768,k2,2,211.71839237213135,211.52000427246094,211.9584083557129
equal_n16,48,16,8192,32,24576,768,k1,2,141.5168046951294,141.30239486694336,141.6864037513733
equal_n16,48,16,8192,32,24576,768,full,2,354.47680950164795,354.1696071624756,354.6015977859497
equal_n16,48,16,8192,32,24576,768,k1,3,142.09599494934082,141.45920276641846,142.30400323867798
equal_n16,48,16,8192,32,24576,768,k2,3,213.33119869232178,212.89920806884766,214.0575885772705
equal_n16,48,16,8192,32,24576,768,full,3,358.8831901550293,356.4192056655884,359.0816020965576
equal_n16,48,16,8192,32,24576,768,full,4,357.12640285491943,356.47358894348145,358.6944103240967
equal_n16,48,16,8192,32,24576,768,k2,4,213.90080451965332,213.45601081848145,213.93280029296875
equal_n16,48,16,8192,32,24576,768,k1,4,142.25599765777588,142.09280014038086,142.52159595489502
skew8,48,8,8192,288,24576,384,k1,0,147.18400239944458,146.60799503326416,147.47519493103027
skew8,48,8,8192,288,24576,384,k2,0,601.0496139526367,586.4096164703369,628.5280227661133
skew8,48,8,8192,288,24576,384,full,0,735.5199813842773,721.2863922119141,776.035213470459
skew8,48,8,8192,288,24576,384,full,1,748.8063812255859,721.3215827941895,749.286413192749
skew8,48,8,8192,288,24576,384,k1,1,146.29119634628296,146.070396900177,146.39999866485596
skew8,48,8,8192,288,24576,384,k2,1,586.7167949676514,559.119987487793,600.7743835449219
skew8,48,8,8192,288,24576,384,k2,2,587.3631954193115,586.8319988250732,627.945613861084
skew8,48,8,8192,288,24576,384,k1,2,146.2272047996521,146.0319995880127,146.74880504608154
skew8,48,8,8192,288,24576,384,full,2,749.2991924285889,748.8448143005371,775.8336067199707
skew8,48,8,8192,288,24576,384,k2,3,600.2463817596436,573.2704162597656,613.8175964355469
skew8,48,8,8192,288,24576,384,full,3,749.0079879760742,721.4879989624023,776.2752056121826
skew8,48,8,8192,288,24576,384,k1,3,146.34239673614502,146.17919921875,146.50880098342896
skew8,48,8,8192,288,24576,384,k1,4,146.41599655151367,146.2272047996521,146.8000054359436
skew8,48,8,8192,288,24576,384,k2,4,586.8768215179443,573.0432033538818,614.3712043762207
skew8,48,8,8192,288,24576,384,full,4,749.1712093353271,735.4559898376465,776.4639854431152
ragged6,48,6,8192,192,24720,288,full,0,545.5455780029297,545.3504085540771,546.0288047790527
ragged6,48,6,8192,192,24720,288,k1,0,146.59520387649536,146.48640155792236,146.70720100402832
ragged6,48,6,8192,192,24720,288,k2,0,397.3759889602661,397.3184108734131,397.705602645874
ragged6,48,6,8192,192,24720,288,full,1,545.7888126373291,545.414400100708,546.5023994445801
ragged6,48,6,8192,192,24720,288,k2,1,397.3184108734131,396.9696044921875,397.59039878845215
ragged6,48,6,8192,192,24720,288,k1,1,146.64959907531738,146.50559425354004,146.67199850082397
ragged6,48,6,8192,192,24720,288,full,2,545.5039978027344,545.366382598877,545.743989944458
ragged6,48,6,8192,192,24720,288,k2,2,397.3855972290039,397.379207611084,397.5487947463989
ragged6,48,6,8192,192,24720,288,k1,2,146.59199714660645,146.49280309677124,146.72640562057495
ragged6,48,6,8192,192,24720,288,k1,3,146.61120176315308,146.3520050048828,146.7296004295349
ragged6,48,6,8192,192,24720,288,full,3,545.5455780029297,545.2576160430908,545.6863880157471
ragged6,48,6,8192,192,24720,288,k2,3,397.2896099090576,397.1839904785156,397.5487947463989
ragged6,48,6,8192,192,24720,288,k1,4,146.6655969619751,146.4095950126648,146.80960178375244
ragged6,48,6,8192,192,24720,288,full,4,545.5999851226807,545.2032089233398,546.0224151611328
ragged6,48,6,8192,192,24720,288,k2,4,397.5264072418213,397.36640453338623,397.60639667510986
equal8_varlen,48,8,8192,64,24576,384,k2,0,231.85279369354248,231.40161037445068,231.97119235992432
equal8_varlen,48,8,8192,64,24576,384,k1,0,146.4095950126648,146.18879556655884,146.4735984802246
equal8_varlen,48,8,8192,64,24576,384,full,0,380.348801612854,380.131196975708,380.6175947189331
equal8_varlen,48,8,8192,64,24576,384,full,1,380.29119968414307,380.0704002380371,380.3679943084717
equal8_varlen,48,8,8192,64,24576,384,k1,1,146.36800289154053,146.16960287094116,146.57599925994873
equal8_varlen,48,8,8192,64,24576,384,k2,1,231.79199695587158,231.5999984741211,231.9648027420044
equal8_varlen,48,8,8192,64,24576,384,k1,2,146.2175965309143,146.01279497146606,146.3520050048828
equal8_varlen,48,8,8192,64,24576,384,k2,2,231.70559406280518,231.59360885620117,231.90081119537354
equal8_varlen,48,8,8192,64,24576,384,full,2,380.2687883377075,380.0127983093262,380.5855989456177
equal8_varlen,48,8,8192,64,24576,384,k1,3,146.31680250167847,146.18560075759888,146.6048002243042
equal8_varlen,48,8,8192,64,24576,384,k2,3,231.7215919494629,231.68320655822754,231.90081119537354
equal8_varlen,48,8,8192,64,24576,384,full,3,380.2527904510498,380.1471948623657,380.53441047668457
equal8_varlen,48,8,8192,64,24576,384,full,4,380.1664113998413,380.0256013870239,380.41601181030273
equal8_varlen,48,8,8192,64,24576,384,k1,4,146.1184024810791,145.97439765930176,146.48640155792236
equal8_varlen,48,8,8192,64,24576,384,k2,4,231.6960096359253,231.67040348052979,231.8176031112671
equal_n1,96,1,8192,512,49152,96,k2,0,750.3520011901855,750.1887798309326,750.9344100952148
equal_n1,96,1,8192,512,49152,96,k1,0,273.67680072784424,273.46880435943604,273.7056016921997
equal_n1,96,1,8192,512,49152,96,full,0,1026.7871856689453,1026.6752243041992,1027.1231651306152
equal_n1,96,1,8192,512,49152,96,k2,1,750.4288196563721,749.7856140136719,750.713586807251
equal_n1,96,1,8192,512,49152,96,k1,1,273.6736059188843,273.4560012817383,273.88479709625244
equal_n1,96,1,8192,512,49152,96,full,1,1026.915168762207,1026.7583847045898,1027.2735595703125
equal_n1,96,1,8192,512,49152,96,k2,2,750.32958984375,750.108814239502,750.4543781280518
equal_n1,96,1,8192,512,49152,96,full,2,1027.2224426269531,1026.4191627502441,1027.3920059204102
equal_n1,96,1,8192,512,49152,96,k1,2,273.78880977630615,273.6095905303955,274.10240173339844
equal_n1,96,1,8192,512,49152,96,k2,3,751.5456199645996,751.3023853302002,751.913595199585
equal_n1,96,1,8192,512,49152,96,k1,3,273.58078956604004,273.44961166381836,273.7215995788574
equal_n1,96,1,8192,512,49152,96,full,3,1026.688003540039,1026.198387145996,1027.132797241211
equal_n1,96,1,8192,512,49152,96,k1,4,273.689603805542,273.48480224609375,273.99680614471436
equal_n1,96,1,8192,512,49152,96,full,4,1027.0432472229004,1026.416015625,1027.2192001342773
equal_n1,96,1,8192,512,49152,96,k2,4,751.4016151428223,751.2095928192139,751.4688014984131
equal_n2,96,2,8192,256,49152,192,k1,0,273.7215995788574,273.58078956604004,274.25920963287354
equal_n2,96,2,8192,256,49152,192,k2,0,520.249605178833,520.1568126678467,520.3743934631348
equal_n2,96,2,8192,256,49152,192,full,0,795.3504085540771,795.2064037322998,795.5391883850098
equal_n2,96,2,8192,256,49152,192,k1,1,273.471999168396,273.2896089553833,273.5039949417114
equal_n2,96,2,8192,256,49152,192,k2,1,520.195198059082,519.8336124420166,520.2943801879883
equal_n2,96,2,8192,256,49152,192,full,1,795.1231956481934,794.927978515625,795.5423831939697
equal_n2,96,2,8192,256,49152,192,k2,2,520.147180557251,519.865608215332,520.2784061431885
equal_n2,96,2,8192,256,49152,192,k1,2,273.638391494751,273.37920665740967,273.72798919677734
equal_n2,96,2,8192,256,49152,192,full,2,795.5071926116943,795.3184127807617,795.5391883850098
equal_n2,96,2,8192,256,49152,192,full,3,795.4976081848145,795.1583862304688,795.7183837890625
equal_n2,96,2,8192,256,49152,192,k2,3,520.1151847839355,519.9711799621582,520.3904151916504
equal_n2,96,2,8192,256,49152,192,k1,3,273.5775947570801,273.2959985733032,273.58720302581787
equal_n2,96,2,8192,256,49152,192,k2,4,520.2816009521484,519.8495864868164,520.5632209777832
equal_n2,96,2,8192,256,49152,192,k1,4,273.4112024307251,273.40800762176514,273.51040840148926
equal_n2,96,2,8192,256,49152,192,full,4,795.3184127807617,795.2256202697754,795.689582824707
equal_n4,96,4,8192,128,49152,384,k1,0,273.70879650115967,273.58078956604004,273.81439208984375
equal_n4,96,4,8192,128,49152,384,k2,0,447.708797454834,447.6448059082031,448.00000190734863
equal_n4,96,4,8192,128,49152,384,full,0,723.5167980194092,723.3727931976318,723.5328197479248
equal_n4,96,4,8192,128,49152,384,k2,1,447.8975772857666,447.63522148132324,448.0800151824951
equal_n4,96,4,8192,128,49152,384,full,1,723.5583782196045,723.4272003173828,723.6127853393555
equal_n4,96,4,8192,128,49152,384,k1,1,273.71840476989746,273.6959934234619,273.98080825805664
equal_n4,96,4,8192,128,49152,384,full,2,737.55202293396,731.7728042602539,744.547176361084
equal_n4,96,4,8192,128,49152,384,k2,2,448.70080947875977,448.1344223022461,448.94399642944336
equal_n4,96,4,8192,128,49152,384,k1,2,273.70879650115967,273.5071897506714,273.907208442688
equal_n4,96,4,8192,128,49152,384,full,3,727.3824214935303,723.5007762908936,732.4480056762695
equal_n4,96,4,8192,128,49152,384,k2,3,448.3391761779785,448.2367992401123,450.2079963684082
equal_n4,96,4,8192,128,49152,384,k1,3,273.9039897918701,273.8912105560303,274.3135929107666
equal_n4,96,4,8192,128,49152,384,full,4,743.0528163909912,737.497615814209,745.7087993621826
equal_n4,96,4,8192,128,49152,384,k2,4,448.62399101257324,447.84321784973145,454.5599937438965
equal_n4,96,4,8192,128,49152,384,k1,4,273.8976001739502,273.6543893814087,274.0864038467407
equal_n8,96,8,8192,64,49152,768,k1,0,274.07360076904297,273.91040325164795,274.4256019592285
equal_n8,96,8,8192,64,49152,768,k2,0,401.3631820678711,401.3184070587158,401.67999267578125
equal_n8,96,8,8192,64,49152,768,full,0,697.705602645874,679.6800136566162,697.9936122894287
equal_n8,96,8,8192,64,49152,768,k2,1,414.1695976257324,413.9967918395996,414.4991874694824
equal_n8,96,8,8192,64,49152,768,full,1,685.3375911712646,685.2223873138428,685.6063842773438
equal_n8,96,8,8192,64,49152,768,k1,1,281.22880458831787,281.04000091552734,281.331205368042
equal_n8,96,8,8192,64,49152,768,k1,2,283.92961025238037,283.50720405578613,284.169602394104
equal_n8,96,8,8192,64,49152,768,k2,2,418.62401962280273,418.35198402404785,418.70718002319336
equal_n8,96,8,8192,64,49152,768,full,2,697.654390335083,697.2127914428711,706.6815853118896
equal_n8,96,8,8192,64,49152,768,full,3,697.6384162902832,697.430419921875,697.9936122894287
equal_n8,96,8,8192,64,49152,768,k1,3,281.3119888305664,281.05599880218506,281.53278827667236
equal_n8,96,8,8192,64,49152,768,k2,3,414.1727924346924,405.11999130249023,414.3360137939453
equal_n8,96,8,8192,64,49152,768,k1,4,278.14719676971436,277.97439098358154,280.0640106201172
equal_n8,96,8,8192,64,49152,768,k2,4,414.4768238067627,414.2335891723633,414.5984172821045
equal_n8,96,8,8192,64,49152,768,full,4,685.7632160186768,684.9472045898438,697.9008197784424
equal_n16,96,16,8192,32,49152,1536,full,0,670.5344200134277,664.3712043762207,672.4575996398926
equal_n16,96,16,8192,32,49152,1536,k1,0,278.0319929122925,277.72159576416016,278.32319736480713
equal_n16,96,16,8192,32,49152,1536,k2,0,395.2960014343262,392.5343990325928,404.67519760131836
equal_n16,96,16,8192,32,49152,1536,k1,1,282.1023941040039,282.041597366333,282.28158950805664
equal_n16,96,16,8192,32,49152,1536,full,1,692.467212677002,690.828800201416,695.3983783721924
equal_n16,96,16,8192,32,49152,1536,k2,1,404.74557876586914,404.54721450805664,404.93760108947754
equal_n16,96,16,8192,32,49152,1536,k1,2,282.1887969970703,282.041597366333,282.24639892578125
equal_n16,96,16,8192,32,49152,1536,k2,2,404.8543930053711,402.3200035095215,404.9056053161621
equal_n16,96,16,8192,32,49152,1536,full,2,686.2143993377686,686.1055850982666,686.575984954834
equal_n16,96,16,8192,32,49152,1536,k1,3,282.28158950805664,281.9744110107422,282.31360912323
equal_n16,96,16,8192,32,49152,1536,k2,3,404.91199493408203,404.7776222229004,405.06558418273926
equal_n16,96,16,8192,32,49152,1536,full,3,691.1776065826416,690.5824184417725,691.2703990936279
equal_n16,96,16,8192,32,49152,1536,k1,4,283.86240005493164,283.57439041137695,285.38880348205566
equal_n16,96,16,8192,32,49152,1536,full,4,695.3792095184326,695.3407764434814,695.4368114471436
equal_n16,96,16,8192,32,49152,1536,k2,4,405.1936149597168,404.57921028137207,407.6416015625
skew8,96,8,8192,288,49152,768,k1,0,282.5920104980469,282.35199451446533,282.9888105392456
skew8,96,8,8192,288,49152,768,full,0,1005.0623893737793,1005.0016403198242,1005.6672096252441
skew8,96,8,8192,288,49152,768,k2,0,720.201587677002,719.2992210388184,721.3280200958252
skew8,96,8,8192,288,49152,768,k2,1,720.143985748291,719.6159839630127,720.8831787109375
skew8,96,8,8192,288,49152,768,full,1,1005.6320190429688,1005.1551818847656,1006.3648223876953
skew8,96,8,8192,288,49152,768,k1,1,282.2880029678345,282.0064067840576,282.44481086730957
skew8,96,8,8192,288,49152,768,k1,2,281.9967985153198,281.89759254455566,282.26239681243896
skew8,96,8,8192,288,49152,768,full,2,1005.5680274963379,1004.6719551086426,1005.7984352111816
skew8,96,8,8192,288,49152,768,k2,2,719.6512222290039,718.9792156219482,720.8511829376221
skew8,96,8,8192,288,49152,768,k1,3,282.3647975921631,282.1919918060303,282.47361183166504
skew8,96,8,8192,288,49152,768,full,3,1004.7455787658691,1004.2655944824219,1006.6816329956055
skew8,96,8,8192,288,49152,768,k2,3,720.2847957611084,719.6479797363281,720.7680225372314
skew8,96,8,8192,288,49152,768,k1,4,282.2783946990967,281.81118965148926,282.50560760498047
skew8,96,8,8192,288,49152,768,full,4,1005.5232048034668,1003.8559913635254,1006.3615798950195
skew8,96,8,8192,288,49152,768,k2,4,720.0287818908691,719.2416191101074,720.4383850097656
ragged6,96,6,8192,192,49440,576,full,0,855.0559997558594,846.4032173156738,861.7664337158203
ragged6,96,6,8192,192,49440,576,k2,0,566.8320178985596,564.0223979949951,572.211217880249
ragged6,96,6,8192,192,49440,576,k1,0,282.9184055328369,282.7136039733887,283.08799266815186
ragged6,96,6,8192,192,49440,576,k2,1,564.5535945892334,561.1455917358398,571.3503837585449
ragged6,96,6,8192,192,49440,576,full,1,854.3840408325195,846.5951919555664,858.5056304931641
ragged6,96,6,8192,192,49440,576,k1,1,282.69760608673096,282.44481086730957,283.0751895904541
ragged6,96,6,8192,192,49440,576,full,2,848.3903884887695,845.8944320678711,859.5968246459961
ragged6,96,6,8192,192,49440,576,k1,2,282.7903985977173,282.76801109313965,283.38239192962646
ragged6,96,6,8192,192,49440,576,k2,2,571.5775966644287,566.534423828125,576.5823841094971
ragged6,96,6,8192,192,49440,576,k2,3,565.6064033508301,561.8303775787354,571.4623928070068
ragged6,96,6,8192,192,49440,576,k1,3,282.9632043838501,282.7104091644287,283.2223892211914
ragged6,96,6,8192,192,49440,576,full,3,852.6047706604004,850.0927925109863,858.2207679748535
ragged6,96,6,8192,192,49440,576,k2,4,567.5327777862549,558.1600189208984,573.9200115203857
ragged6,96,6,8192,192,49440,576,full,4,858.3776473999023,853.1680107116699,860.8320236206055
ragged6,96,6,8192,192,49440,576,k1,4,282.7872037887573,282.7264070510864,283.21919441223145
equal8_varlen,96,8,8192,64,49152,768,full,0,687.500810623169,687.3631954193115,687.7088069915771
equal8_varlen,96,8,8192,64,49152,768,k1,0,282.2175979614258,282.092809677124,282.3263883590698
equal8_varlen,96,8,8192,64,49152,768,k2,0,402.5631904602051,402.3871898651123,402.81920433044434
equal8_varlen,96,8,8192,64,49152,768,full,1,688.6720180511475,687.5904083251953,689.6480083465576
equal8_varlen,96,8,8192,64,49152,768,k2,1,402.73280143737793,402.6559829711914,402.9759883880615
equal8_varlen,96,8,8192,64,49152,768,k1,1,282.3551893234253,282.01279640197754,282.65600204467773
equal8_varlen,96,8,8192,64,49152,768,k1,2,283.59360694885254,283.34081172943115,284.5247983932495
equal8_varlen,96,8,8192,64,49152,768,k2,2,403.4560203552246,403.3184051513672,403.64160537719727
equal8_varlen,96,8,8192,64,49152,768,full,2,688.0447864532471,687.5904083251953,689.8367881774902
equal8_varlen,96,8,8192,64,49152,768,k2,3,402.67839431762695,402.3104190826416,403.1680107116699
equal8_varlen,96,8,8192,64,49152,768,full,3,687.769603729248,687.4847888946533,687.9583835601807
equal8_varlen,96,8,8192,64,49152,768,k1,3,283.0303907394409,282.6047897338867,286.83199882507324
equal8_varlen,96,8,8192,64,49152,768,k1,4,286.81280612945557,286.6175889968872,287.0464086532593
equal8_varlen,96,8,8192,64,49152,768,k2,4,415.1968002319336,406.4608097076416,415.4560089111328
equal8_varlen,96,8,8192,64,49152,768,full,4,709.007978439331,708.838415145874,709.2351913452148
length128,12,1,128,8,96,12,full,0,24.217599630355835,24.063999950885773,24.275200068950653
length128,12,1,128,8,96,12,k1,0,5.561599880456924,5.54560013115406,5.615999922156334
length128,12,1,128,8,96,12,k2,0,17.561599612236023,17.510400712490082,17.683200538158417
length128,12,1,128,8,96,12,k2,1,17.54560023546219,17.51679927110672,17.574399709701538
length128,12,1,128,8,96,12,k1,1,5.548800155520439,5.539200082421303,5.836800113320351
length128,12,1,128,8,96,12,full,1,23.49119931459427,23.40800017118454,23.583999276161194
length128,12,1,128,8,96,12,k1,2,5.523199960589409,5.5135998874902725,5.5904000997543335
length128,12,1,128,8,96,12,k2,2,17.641599476337433,17.532800137996674,17.667199671268463
length128,12,1,128,8,96,12,full,2,23.574399948120117,23.395200073719025,23.587200045585632
length128,12,1,128,8,96,12,full,3,23.558400571346283,23.43360036611557,23.59360009431839
length128,12,1,128,8,96,12,k2,3,17.535999417304993,17.472000420093536,17.64480024576187
length128,12,1,128,8,96,12,k1,3,5.542400106787682,5.5135998874902725,5.596800148487091
length128,12,1,128,8,96,12,k2,4,17.61920005083084,17.59359985589981,17.635199427604675
length128,12,1,128,8,96,12,k1,4,5.542400106787682,5.49440011382103,5.6543998420238495
length128,12,1,128,8,96,12,full,4,23.54239970445633,23.388800024986267,23.583999276161194
length512,12,1,512,32,384,12,full,0,59.673601388931274,59.60320234298706,59.76319909095764
length512,12,1,512,32,384,12,k1,0,7.289600372314453,7.2095997631549835,7.311999797821045
length512,12,1,512,32,384,12,k2,0,51.14240050315857,51.072001457214355,51.340800523757935
length512,12,1,512,32,384,12,k1,1,7.267200201749802,7.257600128650665,7.337599992752075
length512,12,1,512,32,384,12,full,1,59.54880118370056,59.3824028968811,59.59039926528931
length512,12,1,512,32,384,12,k2,1,51.09120011329651,50.918400287628174,51.132798194885254
length512,12,1,512,32,384,12,full,2,59.54560041427612,59.39840078353882,59.60320234298706
length512,12,1,512,32,384,12,k1,2,7.327999919652939,7.24480003118515,7.366400212049484
length512,12,1,512,32,384,12,k2,2,51.09120011329651,50.89920163154602,51.27679705619812
length512,12,1,512,32,384,12,k1,3,7.308799773454666,7.289600372314453,7.340800017118454
length512,12,1,512,32,384,12,full,3,59.53279733657837,59.516799449920654,59.70879793167114
length512,12,1,512,32,384,12,k2,3,50.94720125198364,50.92800259590149,51.20000243186951
length512,12,1,512,32,384,12,k2,4,51.01439952850342,50.944000482559204,51.37280225753784
length512,12,1,512,32,384,12,k1,4,7.315199822187424,7.286400347948074,7.385600358247757
length512,12,1,512,32,384,12,full,4,59.52320098876953,59.39840078353882,59.7216010093689
length2048,12,1,2048,128,1536,12,k1,0,13.654400408267975,13.494400680065155,13.731199502944946
length2048,12,1,2048,128,1536,12,k2,0,184.90560054779053,184.84480381011963,184.9503993988037
length2048,12,1,2048,128,1536,12,full,0,201.33121013641357,201.09119415283203,201.4080047607422
length2048,12,1,2048,128,1536,12,k1,1,13.58720064163208,13.542400300502777,13.718399405479431
length2048,12,1,2048,128,1536,12,full,1,201.4080047607422,201.22880935668945,201.5104055404663
length2048,12,1,2048,128,1536,12,k2,1,184.82240438461304,184.70720052719116,185.00479459762573
length2048,12,1,2048,128,1536,12,full,2,201.33121013641357,201.13279819488525,201.40159130096436
length2048,12,1,2048,128,1536,12,k2,2,184.7391963005066,184.72319841384888,184.84480381011963
length2048,12,1,2048,128,1536,12,k1,2,13.753600418567657,13.555200397968292,13.756799697875977
length2048,12,1,2048,128,1536,12,k1,3,13.551999628543854,13.526399433612823,13.593600690364838
length2048,12,1,2048,128,1536,12,full,3,201.2864112854004,201.12640857696533,201.41119956970215
length2048,12,1,2048,128,1536,12,k2,3,184.75840091705322,184.7391963005066,184.86720323562622
length2048,12,1,2048,128,1536,12,full,4,201.35679244995117,201.14879608154297,201.41119956970215
length2048,12,1,2048,128,1536,12,k1,4,13.545599579811096,13.504000008106232,13.734400272369385
length2048,12,1,2048,128,1536,12,k2,4,184.95999574661255,184.9120020866394,185.0335955619812
