case,pattern,length,sequence,seed,method,finite,ref_rms,rmse,relative_l2,max_abs,p99_abs,worst_channel_relative,within_2pct
nominal_256,nominal,256,0,0,official,True,0.004606330792842352,2.6437689029240275e-05,0.005739424765221173,0.00041458320650123587,0.00010490588668297174,0.008334406646594975,True
nominal_256,nominal,256,0,1,official,True,0.00445871117722363,2.465755648261431e-05,0.005530198190134439,0.00027011829917553826,9.45046427049238e-05,0.0073140590727249774,True
nominal_256,nominal,256,0,2,official,True,0.004889496629885225,2.6182075963012767e-05,0.005354758975184601,0.0004110503938099738,0.00010416083425745121,0.006897569954816534,True
nominal_256,nominal,256,0,0,bf16_checkpoint,True,0.004606330792842352,3.2914538313940467e-07,7.145500354660904e-05,9.851142725452507e-06,1.4194329939845674e-06,0.00015654349892089023,True
nominal_256,nominal,256,0,1,bf16_checkpoint,True,0.00445871117722363,3.4371447191118915e-07,7.708830158521611e-05,8.154179136062555e-06,1.5480456089929266e-06,0.0001325888600781691,True
nominal_256,nominal,256,0,2,bf16_checkpoint,True,0.004889496629885225,4.004258110001869e-07,8.18950990890828e-05,1.5083398822863994e-05,1.7425561085644126e-06,0.000185978958290436,True
nominal_256,nominal,256,0,0,fp32_checkpoint,True,0.004606330792842352,4.948700377403336e-12,1.0743258788736976e-09,1.575569158647483e-10,2.2794408979700324e-11,2.3257819838986713e-09,True
nominal_256,nominal,256,0,1,fp32_checkpoint,True,0.00445871117722363,5.41724100274435e-12,1.2149791245544596e-09,2.3417932176750256e-10,2.3028012710677567e-11,3.1656833976961544e-09,True
nominal_256,nominal,256,0,2,fp32_checkpoint,True,0.004889496629885225,6.644563950424979e-12,1.3589464219716523e-09,2.4114043574441357e-10,2.5757761128002125e-11,3.270624454612785e-09,True
nominal_256,nominal,256,0,0,output_rounding_floor,True,0.004606330792842352,7.640007246337575e-06,0.001658588492647807,0.00011421820476600203,2.9184122831736553e-05,0.0022182410125804537,True
nominal_256,nominal,256,0,1,output_rounding_floor,True,0.00445871117722363,7.455945216444439e-06,0.0016722198231927507,0.00011916173467515362,2.9057315450872258e-05,0.0022290278589656605,True
nominal_256,nominal,256,0,2,output_rounding_floor,True,0.004889496629885225,8.078037258910177e-06,0.0016521204267809873,0.00011567910785395541,3.138907918614391e-05,0.002068650878675085,True
nominal_8192,nominal,8192,0,0,official,True,0.004275895207259484,2.4532324803397636e-05,0.005737354077749007,0.0005491238377347343,9.490786932584675e-05,0.006070563884279593,True
nominal_8192,nominal,8192,0,1,official,True,0.00430625264512872,2.469063522002879e-05,0.0057336708397634556,0.0004676831093095579,9.552043989020194e-05,0.006082953566331579,True
nominal_8192,nominal,8192,0,2,official,True,0.004326382629220916,2.477191350183993e-05,0.005725779623495944,0.00046560184488456113,9.585742456928617e-05,0.0059669370293000635,True
nominal_8192,nominal,8192,0,0,bf16_checkpoint,True,0.004275895207259484,3.4520188084384735e-07,8.073207225887439e-05,1.4831042170167404e-05,1.5088183548398325e-06,9.370358950308915e-05,True
nominal_8192,nominal,8192,0,1,bf16_checkpoint,True,0.00430625264512872,3.544301352147448e-07,8.230593149607235e-05,1.8954706929398546e-05,1.5435923262706146e-06,0.00010771329631462033,True
nominal_8192,nominal,8192,0,2,bf16_checkpoint,True,0.004326382629220916,3.635638869398214e-07,8.403415002738467e-05,2.584901148201986e-05,1.5554531679845096e-06,0.00011403098407857361,True
nominal_8192,nominal,8192,0,0,fp32_checkpoint,True,0.004275895207259484,5.264153093564011e-12,1.2311230370254849e-09,2.611428360881074e-10,2.303157274272105e-11,1.4914633599055958e-09,True
nominal_8192,nominal,8192,0,1,fp32_checkpoint,True,0.00430625264512872,5.455710406441977e-12,1.2669276180563942e-09,3.051497687346638e-10,2.3471106026622113e-11,1.80220310802843e-09,True
nominal_8192,nominal,8192,0,2,fp32_checkpoint,True,0.004326382629220916,5.441652894618494e-12,1.2577835482846355e-09,2.5089573257516817e-10,2.3619373058954285e-11,1.6155395980047542e-09,True
nominal_8192,nominal,8192,0,0,output_rounding_floor,True,0.004275895207259484,7.119779060631495e-06,0.0016650967143777874,0.0001219865271131354,2.8685206102878336e-05,0.0018010764768300286,True
nominal_8192,nominal,8192,0,1,output_rounding_floor,True,0.00430625264512872,7.129494723471811e-06,0.0016556145937087021,0.00012257693894637822,2.8684322580057025e-05,0.0017531758216681825,True
nominal_8192,nominal,8192,0,2,output_rounding_floor,True,0.004326382629220916,7.184627773477135e-06,0.0016606547291844421,0.0001220527631630372,2.8742800341282834e-05,0.001731582391026905,True
nominal_65536,nominal,65536,0,0,official,True,0.004336356054872757,2.473897938087057e-05,0.005705015701621507,0.0005704098005529026,9.595481305854555e-05,0.005802859897904035,True
nominal_65536,nominal,65536,0,1,official,True,0.004324386082920748,2.480355717490166e-05,0.005735740680709297,0.0006832334528376477,9.592538782762742e-05,0.0058230210559722315,True
nominal_65536,nominal,65536,0,2,official,True,0.004343871647420928,2.4966080546095663e-05,0.005747425930717518,0.0007448330987613883,9.690973065196969e-05,0.0058290881373530895,True
nominal_65536,nominal,65536,0,0,bf16_checkpoint,True,0.004336356054872757,3.5754375859620736e-07,8.245258324542699e-05,2.263683654729967e-05,1.5298136957731632e-06,8.890542922044057e-05,True
nominal_65536,nominal,65536,0,1,bf16_checkpoint,True,0.004324386082920748,3.59505274673998e-07,8.313440746973808e-05,2.5512458707875607e-05,1.551042232549788e-06,9.002369311765872e-05,True
nominal_65536,nominal,65536,0,2,bf16_checkpoint,True,0.004343871647420928,3.565056322058522e-07,8.207094065901305e-05,3.6591120304615976e-05,1.5409972778502855e-06,8.823701792086632e-05,True
nominal_65536,nominal,65536,0,0,fp32_checkpoint,True,0.004336356054872757,5.4410231654516365e-12,1.2547454813673721e-09,5.014127945311697e-10,2.3334512236957337e-11,1.3479888511349204e-09,True
nominal_65536,nominal,65536,0,1,fp32_checkpoint,True,0.004324386082920748,5.465792421416442e-12,1.2639464461796559e-09,5.891592526341416e-10,2.373413119250561e-11,1.3637077881003987e-09,True
nominal_65536,nominal,65536,0,2,fp32_checkpoint,True,0.004343871647420928,5.4500638359721074e-12,1.2546558182049315e-09,7.429752681142876e-10,2.3585222410065477e-11,1.3962553366799653e-09,True
nominal_65536,nominal,65536,0,0,output_rounding_floor,True,0.004336356054872757,7.191447333778943e-06,0.0016584079450067124,0.0002430886188429099,2.8753348502597536e-05,0.0016916142094248639,True
nominal_65536,nominal,65536,0,1,output_rounding_floor,True,0.004324386082920748,7.167183107005096e-06,0.0016573874232257,0.000240771025715264,2.8709350055652528e-05,0.0016902746619385377,True
nominal_65536,nominal,65536,0,2,output_rounding_floor,True,0.004343871647420928,7.201529239372856e-06,0.0016578595833163245,0.00023172940123861174,2.8743000039830968e-05,0.0016832998194925989,True
weak_256,weak,256,0,0,official,True,0.03734505388461214,0.0002776729057272749,0.007435332844483825,0.0015397050490535136,0.0007930286105154773,0.008869656515709605,True
weak_256,weak,256,0,1,official,True,0.034909862437984954,0.0002602248841582727,0.007454193914987345,0.0013810889400879545,0.0007583257305729085,0.008884613311201562,True
weak_256,weak,256,0,2,official,True,0.03583761098163474,0.00027148885419858883,0.007575528802344425,0.001531546001171405,0.0007762313941621283,0.009100420289575865,True
weak_256,weak,256,0,0,bf16_checkpoint,True,0.03734505388461214,0.0001200583327814726,0.0032148389222419116,0.000700827841904228,0.00035955215236161406,0.004142216608229442,True
weak_256,weak,256,0,1,bf16_checkpoint,True,0.034909862437984954,0.00010961249605586024,0.003139871898681341,0.0006777705762465447,0.0003377591720592186,0.0044638331771506305,True
weak_256,weak,256,0,2,bf16_checkpoint,True,0.03583761098163474,0.00011171789164656812,0.00311733646820986,0.0006490806575002762,0.00033901401174048294,0.0038901895273904313,True
weak_256,weak,256,0,0,fp32_checkpoint,True,0.03734505388461214,1.8088082496559739e-09,4.843501512261267e-08,1.1360363748671998e-08,5.37949739372323e-09,6.086977368781861e-08,True
weak_256,weak,256,0,1,fp32_checkpoint,True,0.034909862437984954,1.6683509140561385e-09,4.779024600912859e-08,9.825562474752303e-09,5.1222724128246805e-09,6.211211960663217e-08,True
weak_256,weak,256,0,2,fp32_checkpoint,True,0.03583761098163474,1.7350279809767198e-09,4.841360608177393e-08,1.0566130762001968e-08,5.166618606347577e-09,6.61597969254909e-08,True
weak_256,weak,256,0,0,output_rounding_floor,True,0.03734505388461214,6.16657436819621e-05,0.0016512425948693352,0.0004814256744194445,0.00021907248316454798,0.0019464201104603526,True
weak_256,weak,256,0,1,output_rounding_floor,True,0.034909862437984954,5.8342636041212366e-05,0.0016712364921189298,0.0004775363725802728,0.00021631863546188855,0.0019605527705397465,True
weak_256,weak,256,0,2,output_rounding_floor,True,0.03583761098163474,5.948816246443545e-05,0.0016599366094721163,0.0004848394113506904,0.00021745486726517375,0.0019969533481185102,True
weak_8192,weak,8192,0,0,official,True,0.044488445123757825,0.00036907364526412797,0.008295943907174998,0.002094191027797329,0.0009709203030301094,0.00868431304054294,True
weak_8192,weak,8192,0,1,official,True,0.044772329833023344,0.00037213088934809563,0.008311626639398557,0.002069216172355226,0.0009797285453348112,0.008689383097437674,True
weak_8192,weak,8192,0,2,official,True,0.04473714666699059,0.0003726071137217489,0.008328808193676731,0.0022180639854772477,0.0009807200233858705,0.008608689707989501,True
weak_8192,weak,8192,0,0,bf16_checkpoint,True,0.044488445123757825,0.00019481860692574515,0.004379083296433475,0.0010124065607254734,0.0005124116321965589,0.004676510926782256,True
weak_8192,weak,8192,0,1,bf16_checkpoint,True,0.044772329833023344,0.0001955117785953011,0.004366799300470952,0.0010458501628194117,0.0005118988161386152,0.004525776606202392,True
weak_8192,weak,8192,0,2,bf16_checkpoint,True,0.04473714666699059,0.0001954512769802835,0.0043688811545171185,0.001012399410443579,0.0005128919214743254,0.004573472444490871,True
weak_8192,weak,8192,0,0,fp32_checkpoint,True,0.044488445123757825,2.972114830807098e-09,6.680644429220391e-08,1.6296452097497305e-08,7.798104923947835e-09,7.03571173956164e-08,True
weak_8192,weak,8192,0,1,fp32_checkpoint,True,0.044772329833023344,2.987022802054624e-09,6.671582232138932e-08,1.602702235509179e-08,7.83319354584304e-09,7.023890388845385e-08,True
weak_8192,weak,8192,0,2,fp32_checkpoint,True,0.04473714666699059,2.9740699760473143e-09,6.647875865185069e-08,1.5660955997309767e-08,7.806005029864505e-09,6.982670966265686e-08,True
weak_8192,weak,8192,0,0,output_rounding_floor,True,0.044488445123757825,7.36542895101265e-05,0.0016555824620355963,0.0004878972500465262,0.00023265441433893003,0.0016949557335020642,True
weak_8192,weak,8192,0,1,output_rounding_floor,True,0.044772329833023344,7.414341794811051e-05,0.0016560098217945213,0.00048817528922104336,0.00023323468068809153,0.0017070550099804662,True
weak_8192,weak,8192,0,2,output_rounding_floor,True,0.04473714666699059,7.40991780429076e-05,0.001656323292016785,0.0004882133595217053,0.00023292057845225242,0.0016888591052004445,True
weak_65536,weak,65536,0,0,official,True,0.0449607255270651,0.00037446347456931035,0.008328679534850784,0.0024119377033009204,0.0009813059191679963,0.00843524989062371,True
weak_65536,weak,65536,0,1,official,True,0.04501438917014629,0.00037502553134218593,0.008331236705771057,0.002475072087798569,0.0009835255430882294,0.00842624917575199,True
weak_65536,weak,65536,0,2,official,True,0.04504813047038924,0.000375615630856414,0.008338095875106546,0.002370105419117141,0.0009848157852033823,0.008456415716892408,True
weak_65536,weak,65536,0,0,bf16_checkpoint,True,0.0449607255270651,0.00019760800023299006,0.004395124809852892,0.001158615661256579,0.0005154389761860114,0.004468867737974088,True
weak_65536,weak,65536,0,1,bf16_checkpoint,True,0.04501438917014629,0.0001975223883317766,0.004387983308741067,0.0011838898751928145,0.0005158698401520125,0.004495026972476614,True
weak_65536,weak,65536,0,2,bf16_checkpoint,True,0.04504813047038924,0.00019787806243638903,0.004392592109154386,0.0011388197792047295,0.0005163218075140338,0.004484416160625467,True
weak_65536,weak,65536,0,0,fp32_checkpoint,True,0.0449607255270651,3.0098612296257794e-09,6.694423175653442e-08,1.7269842517847467e-08,7.851155090776715e-09,6.784920319780348e-08,True
weak_65536,weak,65536,0,1,fp32_checkpoint,True,0.04501438917014629,3.0114192703207225e-09,6.689903663777598e-08,1.848488921651903e-08,7.857831500913261e-09,6.781644704563237e-08,True
weak_65536,weak,65536,0,2,fp32_checkpoint,True,0.04504813047038924,3.018077497772818e-09,6.69967314127862e-08,1.7385687264837024e-08,7.874922559394924e-09,6.818356987223093e-08,True
weak_65536,weak,65536,0,0,output_rounding_floor,True,0.0449607255270651,7.447019432648224e-05,0.0016563388035554113,0.0004882884814074173,0.00023335081161654834,0.0016713290999485367,True
weak_65536,weak,65536,0,1,output_rounding_floor,True,0.04501438917014629,7.452234079711612e-05,0.0016555226488897824,0.0004882846937249441,0.00023329677101063053,0.0016719819989334955,True
weak_65536,weak,65536,0,2,output_rounding_floor,True,0.04504813047038924,7.456493623705719e-05,0.0016552282072187158,0.00048827317638791556,0.00023330799956086372,0.0016674593014966571,True
near_identity_256,near_identity,256,0,0,official,True,0.008743772345863385,4.8950921732412886e-05,0.005598375597641356,0.00024068934664767463,0.0001390159150888006,0.007183762236780084,True
near_identity_256,near_identity,256,0,1,official,True,0.008786194566336785,4.981628403006763e-05,0.005669836202004056,0.00025643983536535395,0.00014102482686098423,0.007243272354620927,True
near_identity_256,near_identity,256,0,2,official,True,0.008727960896197809,4.940640664172879e-05,0.005660704399266026,0.00025432315848055234,0.0001387385605025188,0.007063380854475196,True
near_identity_256,near_identity,256,0,0,bf16_checkpoint,True,0.008743772345863385,3.952160559896013e-05,0.004519971933813843,0.0002235212336417127,0.00011745561379413702,0.006360079215821136,True
near_identity_256,near_identity,256,0,1,bf16_checkpoint,True,0.008786194566336785,3.951771068050925e-05,0.004497704937233744,0.00023330652331630275,0.0001170847225065567,0.005877179742480038,True
near_identity_256,near_identity,256,0,2,bf16_checkpoint,True,0.008727960896197809,3.948274838503004e-05,0.004523708212559711,0.00020536877326439787,0.00011742312776619692,0.0060823853134920666,True
near_identity_256,near_identity,256,0,0,fp32_checkpoint,True,0.008743772345863385,5.910967504824068e-10,6.76020288613816e-08,3.3896262290056267e-09,1.731265927861804e-09,8.95046722652038e-08,True
near_identity_256,near_identity,256,0,1,fp32_checkpoint,True,0.008786194566336785,6.013470633669351e-10,6.844226574163539e-08,4.398744408648514e-09,1.805764446652369e-09,1.0208712291045725e-07,True
near_identity_256,near_identity,256,0,2,fp32_checkpoint,True,0.008727960896197809,5.957393352727759e-10,6.825641663132334e-08,3.2895595726556426e-09,1.7583995367978811e-09,9.422828086369868e-08,True
near_identity_256,near_identity,256,0,0,output_rounding_floor,True,0.008743772345863385,1.4568107907650387e-05,0.0016661124433943494,0.00011967501894090404,5.2982859971029814e-05,0.001862061633382521,True
near_identity_256,near_identity,256,0,1,output_rounding_floor,True,0.008786194566336785,1.4699480996712589e-05,0.0016730202006943742,0.00011568981984597104,5.3629313145961714e-05,0.0018540541632380198,True
near_identity_256,near_identity,256,0,2,output_rounding_floor,True,0.008727960896197809,1.4456710319340871e-05,0.0016563674483966464,0.00012162739635107611,5.248503592897722e-05,0.0019843245535810833,True
near_identity_8192,near_identity,8192,0,0,official,True,0.008499950647228798,0.0001677655435824373,0.019737237372917358,0.001051202013994338,0.0004640994788062576,0.023107810035527927,True
near_identity_8192,near_identity,8192,0,1,official,True,0.008622958382603699,0.00017006445869912693,0.019722286847889903,0.000976693115535306,0.0004705519099125568,0.023661343216608472,True
near_identity_8192,near_identity,8192,0,2,official,True,0.008555751541398952,0.0001704405921217402,0.019921171307631432,0.0009942167436790012,0.00047147116413019316,0.023298460842767293,True
near_identity_8192,near_identity,8192,0,0,bf16_checkpoint,True,0.008499950647228798,0.00016428316530937032,0.019327543432611678,0.0009825383416225894,0.00045744693711467587,0.023234556558209,True
near_identity_8192,near_identity,8192,0,1,bf16_checkpoint,True,0.008622958382603699,0.00016640707934112528,0.019298142465449166,0.0010081233114923576,0.0004631907673556515,0.023432987568329955,True
near_identity_8192,near_identity,8192,0,2,bf16_checkpoint,True,0.008555751541398952,0.00016635797923936826,0.0194439937198278,0.0010408388650868334,0.00046162966681590704,0.022902099699811603,True
near_identity_8192,near_identity,8192,0,0,fp32_checkpoint,True,0.008499950647228798,2.5139373797203795e-09,2.957590560293415e-07,1.513962564689275e-08,6.974741909027138e-09,3.629100860442743e-07,True
near_identity_8192,near_identity,8192,0,1,fp32_checkpoint,True,0.008622958382603699,2.547559108182234e-09,2.9543910513609595e-07,1.3571572701591428e-08,7.043265477790772e-09,3.457862791499076e-07,True
near_identity_8192,near_identity,8192,0,2,fp32_checkpoint,True,0.008555751541398952,2.515379756594397e-09,2.939986913391722e-07,1.70133895851729e-08,6.953209664289917e-09,3.467311969773632e-07,True
near_identity_8192,near_identity,8192,0,0,output_rounding_floor,True,0.008499950647228798,1.4142482349161804e-05,0.0016638311133927131,0.00012141917226195925,5.196031937854291e-05,0.0017056620335864328,True
near_identity_8192,near_identity,8192,0,1,output_rounding_floor,True,0.008622958382603699,1.4300641731076805e-05,0.0016584379857297574,0.00012135455449688304,5.2262705241348795e-05,0.0016938512620754118,True
near_identity_8192,near_identity,8192,0,2,output_rounding_floor,True,0.008555751541398952,1.4239899853728944e-05,0.0016643657526549183,0.00012153889052137629,5.214116405828726e-05,0.001701526277126432,True
near_identity_65536,near_identity,65536,0,0,official,True,0.008432215055875445,0.0002074961650992214,0.024607551363937413,0.0011773305138524717,0.0005457764506816879,0.026666477759216427,False
near_identity_65536,near_identity,65536,0,1,official,True,0.008432808930051003,0.00020857531496304416,0.02473378878771568,0.0013197105370638105,0.00054895095233102,0.026578638335521335,False
near_identity_65536,near_identity,65536,0,2,official,True,0.008403219339168029,0.0002072213091630748,0.024659752506661456,0.0013475720333548035,0.0005448766474727344,0.026612382774613256,False
near_identity_65536,near_identity,65536,0,0,bf16_checkpoint,True,0.008432215055875445,0.0002022827451498322,0.023989277290655024,0.0011692522372788137,0.0005319444275760277,0.026143372192196413,False
near_identity_65536,near_identity,65536,0,1,bf16_checkpoint,True,0.008432808930051003,0.00020310680846944635,0.02408530895863876,0.0012314481665598176,0.0005345632757683659,0.025897529932518357,False
near_identity_65536,near_identity,65536,0,2,bf16_checkpoint,True,0.008403219339168029,0.00020194362211228056,0.024031697134335925,0.00117578607403648,0.0005314900970857968,0.025852458419930814,False
near_identity_65536,near_identity,65536,0,0,fp32_checkpoint,True,0.008432215055875445,3.0950548548858985e-09,3.670512237148541e-07,1.753975941310576e-08,8.146145303641188e-09,3.869892583550655e-07,True
near_identity_65536,near_identity,65536,0,1,fp32_checkpoint,True,0.008432808930051003,3.082597659121768e-09,3.655481447156569e-07,1.9515901374979328e-08,8.104942337736584e-09,3.9703075017358333e-07,True
near_identity_65536,near_identity,65536,0,2,fp32_checkpoint,True,0.008403219339168029,3.09495619947609e-09,3.683060116079881e-07,1.8602276431051168e-08,8.148160575284328e-09,4.066422070509226e-07,True
near_identity_65536,near_identity,65536,0,0,output_rounding_floor,True,0.008432215055875445,1.4021844956309529e-05,0.0016628898650467069,0.00012198818317714355,5.155174939379694e-05,0.0016762988867609773,True
near_identity_65536,near_identity,65536,0,1,output_rounding_floor,True,0.008432808930051003,1.4022926051583578e-05,0.0016629009583760087,0.00012206768446948457,5.1586040103500704e-05,0.0016797953007139385,True
near_identity_65536,near_identity,65536,0,2,output_rounding_floor,True,0.008403219339168029,1.3965316929111878e-05,0.0016619007984259675,0.00012206192449495945,5.140330501746381e-05,0.0016788963597798461,True
nonzero_8192,nonzero,8192,0,0,official,True,0.004275886263879125,2.4533194875483572e-05,0.0057375695613631275,0.0005491238377347343,9.492370322812223e-05,0.006070345439087314,True
nonzero_8192,nonzero,8192,0,1,official,True,0.004306285247142481,2.4691332554145955e-05,0.005733789365330679,0.0004676831093095579,9.552539732014765e-05,0.0060831519673379165,True
nonzero_8192,nonzero,8192,0,2,official,True,0.004326427964014012,2.4772149985356277e-05,0.005725774285716513,0.00046560184488456113,9.585742456928617e-05,0.005966968401461086,True
nonzero_8192,nonzero,8192,0,0,bf16_checkpoint,True,0.004275886263879125,3.4520188084384745e-07,8.073224111688065e-05,1.4831042170167404e-05,1.5088183548398325e-06,9.370805367976298e-05,True
nonzero_8192,nonzero,8192,0,1,bf16_checkpoint,True,0.004306285247142481,3.5443013521474423e-07,8.230530837452842e-05,1.8954706929398546e-05,1.5435923262706146e-06,0.00010771398759561725,True
nonzero_8192,nonzero,8192,0,2,bf16_checkpoint,True,0.004326427964014012,3.6356388693982193e-07,8.40332694693734e-05,2.584901148201986e-05,1.5554531679845096e-06,0.00011403156258978644,True
nonzero_8192,nonzero,8192,0,0,fp32_checkpoint,True,0.004275886263879125,5.264153093506116e-12,1.2311256120106492e-09,2.611428360881074e-10,2.303157274272105e-11,1.4915878345974397e-09,True
nonzero_8192,nonzero,8192,0,1,fp32_checkpoint,True,0.004306285247142481,5.4557104043420675e-12,1.2669180259162605e-09,3.051497687346638e-10,2.3471106026622113e-11,1.8022353290259876e-09,True
nonzero_8192,nonzero,8192,0,2,fp32_checkpoint,True,0.004326427964014012,5.441652894886732e-12,1.2577703685693697e-09,2.5089573257516817e-10,2.3619373058954285e-11,1.6151607474706205e-09,True
nonzero_8192,nonzero,8192,0,0,output_rounding_floor,True,0.004275886263879125,7.119501933279553e-06,0.0016650353853941554,0.0001219865271131354,2.8685382895647996e-05,0.0018009933640010867,True
nonzero_8192,nonzero,8192,0,1,output_rounding_floor,True,0.004306285247142481,7.129390627445014e-06,0.0016555778863408686,0.00012257693894637822,2.8681138296416005e-05,0.0017529801815249157,True
nonzero_8192,nonzero,8192,0,2,output_rounding_floor,True,0.004326427964014012,7.184785215108483e-06,0.001660673718566325,0.0001220527631630372,2.8742800341282834e-05,0.001731437003079232,True
correlated_8192,correlated,8192,0,0,official,True,0.08670854518340118,2.840081175341333,32.75434006341761,394.04653867918813,1.6166620566169214,91.28375853347,False
correlated_8192,correlated,8192,0,1,official,True,0.08685716139157315,14.640338807419466,168.55649635402276,2080.1460645392067,4.847801227322202,500.2380860755045,False
correlated_8192,correlated,8192,0,2,official,True,0.08677652889648776,4.112249432402325,47.38895971867764,485.8564133716039,2.5020144198374856,143.67974590104225,False
correlated_8192,correlated,8192,0,0,bf16_checkpoint,True,0.08670854518340118,8.476298781797414e-07,9.775621034661358e-06,5.206663151513524e-06,2.26610720470595e-06,1.1037326438504135e-05,True
correlated_8192,correlated,8192,0,1,bf16_checkpoint,True,0.08685716139157315,7.719247337664522e-07,8.887289446248746e-06,5.576419244507358e-06,2.074201493845393e-06,9.557547567295119e-06,True
correlated_8192,correlated,8192,0,2,bf16_checkpoint,True,0.08677652889648776,7.84669815834057e-07,9.042419947104108e-06,5.365464468332082e-06,2.113873098815236e-06,9.91940290169633e-06,True
correlated_8192,correlated,8192,0,0,fp32_checkpoint,True,0.08670854518340118,1.2917516451746699e-11,1.4897627937851192e-10,7.082792338741761e-11,3.452761514199931e-11,1.620683610296433e-10,True
correlated_8192,correlated,8192,0,1,fp32_checkpoint,True,0.08685716139157315,1.1785670166663628e-11,1.356902525691689e-10,7.469036500395987e-11,3.161557127207004e-11,1.4713116556297365e-10,True
correlated_8192,correlated,8192,0,2,fp32_checkpoint,True,0.08677652889648776,1.1879402848125503e-11,1.3689649723482218e-10,7.279912783708653e-11,3.1827547541940504e-11,1.558182521127729e-10,True
correlated_8192,correlated,8192,0,0,output_rounding_floor,True,0.08670854518340118,0.00014358835599949526,0.0016559885268030389,0.0009764260934677638,0.00046140408259870425,0.0017030734765551018,True
correlated_8192,correlated,8192,0,1,output_rounding_floor,True,0.08685716139157315,0.00014380910482557065,0.001655696577248758,0.0009763508353638484,0.00046192395630061805,0.0017222397663185763,True
correlated_8192,correlated,8192,0,2,output_rounding_floor,True,0.08677652889648776,0.00014373934250067015,0.001656431114825197,0.0009765004402077504,0.0004618935141188149,0.0017078798236913166,True
dynamic_8192,dynamic,8192,0,0,official,True,1.883405726213791,0.014082764832886932,0.00747728683038333,0.2697350644385388,0.06864880985995692,0.00788099424673622,True
dynamic_8192,dynamic,8192,0,1,official,True,1.8868951066592303,0.014046013822839471,0.007443982324861769,0.32659114168187386,0.06856286575295778,0.007937485414254564,True
dynamic_8192,dynamic,8192,0,2,official,True,1.8908919565133844,0.014252447801638538,0.007537420502818483,0.2927699473850893,0.06956681418488037,0.007902029914465977,True
dynamic_8192,dynamic,8192,0,0,bf16_checkpoint,True,1.883405726213791,0.008647800408339035,0.004591575935007748,0.1774150170294524,0.042012254319342635,0.00494442879477822,True
dynamic_8192,dynamic,8192,0,1,bf16_checkpoint,True,1.8868951066592303,0.008650801222033915,0.004584675211411332,0.22972968481664502,0.04226469514536396,0.0049630416879428525,True
dynamic_8192,dynamic,8192,0,2,bf16_checkpoint,True,1.8908919565133844,0.008757222227773519,0.004631265259555581,0.1858982882756255,0.042945937089855724,0.004933354721744448,True
dynamic_8192,dynamic,8192,0,0,fp32_checkpoint,True,1.883405726213791,1.3473441442535124e-07,7.153764722602161e-08,2.9235967282659203e-06,6.557054779143812e-07,7.614159423535095e-08,True
dynamic_8192,dynamic,8192,0,1,fp32_checkpoint,True,1.8868951066592303,1.3230955217901415e-07,7.012024765556245e-08,2.691143020427944e-06,6.459507331246783e-07,7.564662699034918e-08,True
dynamic_8192,dynamic,8192,0,2,fp32_checkpoint,True,1.8908919565133844,1.3462060161902714e-07,7.119423251831589e-08,2.5704013886240773e-06,6.556657377587705e-07,7.684501789477959e-08,True
dynamic_8192,dynamic,8192,0,0,output_rounding_floor,True,1.883405726213791,0.003124518344760611,0.0016589725205103988,0.11721353762231956,0.014544059073916538,0.0016953107122700802,True
dynamic_8192,dynamic,8192,0,1,output_rounding_floor,True,1.8868951066592303,0.003139423088436327,0.0016638037150855259,0.06240708339464618,0.01461938872522417,0.0016968251779907201,True
dynamic_8192,dynamic,8192,0,2,output_rounding_floor,True,1.8908919565133844,0.003145038609425784,0.001663256643824812,0.09776338083273117,0.014611390338979735,0.0017048452770562542,True
retention_256,retention,256,0,0,official,True,0.08831218210399563,7.980887080213318e-05,0.0009037130427617672,0.00014223150181483235,0.00014104791127307614,0.0009037130427617673,True
retention_256,retention,256,0,0,bf16_checkpoint,True,0.08831218210399563,8.34429703350375e-05,0.0009448636456154578,0.00014215858366417589,0.00014215667680061994,0.0009448636456154581,True
retention_256,retention,256,0,0,fp32_checkpoint,True,0.08831218210399563,2.135719224685652e-09,2.4183744233277444e-08,4.14585299424175e-09,4.145797385946004e-09,2.4183744233277447e-08,True
retention_256,retention,256,0,0,output_rounding_floor,True,0.08831218210399563,7.980887080213318e-05,0.0009037130427617672,0.00014223150181483235,0.00014104791127307614,0.0009037130427617673,True
retention_8192,retention,8192,0,0,official,True,0.08601455399999165,0.0027389804237635063,0.031843220668955306,0.004715889572071516,0.004670426795581023,0.0318432206689553,False
retention_8192,retention,8192,0,0,bf16_checkpoint,True,0.08601455399999165,0.0027427595832815272,0.031887156948832096,0.004716276800547675,0.0046713395959136345,0.03188715694883209,False
retention_8192,retention,8192,0,0,fp32_checkpoint,True,0.08601455399999165,3.7195113724631625e-09,4.3242814145888884e-08,8.913555615830404e-09,8.255767874887354e-09,4.324281414588888e-08,True
retention_8192,retention,8192,0,0,output_rounding_floor,True,0.08601455399999165,0.00014218380334272016,0.0016530202940159867,0.0002440365065010941,0.00024173239320762763,0.0016530202940159863,True
retention_65536,retention,65536,0,0,official,True,0.07209344071831607,0.019137735952968044,0.2654573808974262,0.03142748395508039,0.0311767462797543,0.26545738089742604,False
retention_65536,retention,65536,0,0,bf16_checkpoint,True,0.07209344071831607,0.01914157505491161,0.26551063264828334,0.03143055858385267,0.031182413477166757,0.2655106326482832,False
retention_65536,retention,65536,0,0,fp32_checkpoint,True,0.07209344071831607,2.3817170648327977e-08,3.3036529275092545e-07,4.754961270558855e-08,4.259772902470704e-08,3.3036529275092524e-07,True
retention_65536,retention,65536,0,0,output_rounding_floor,True,0.07209344071831607,0.00012930944644611893,0.0017936367741325815,0.00024413551185803462,0.00024104412763058247,0.0017936367741325804,True
varlen,weak,15,0,0,official,True,0.015316488933355155,8.354314278214747e-05,0.005454457816387226,0.0004357666376128208,0.0002524819039260544,0.011472195392070679,True
varlen,weak,15,0,1,official,True,0.014160035045323389,7.6244860844614e-05,0.005384510744540513,0.0004294732165314244,0.00021105043794426395,0.009571114071772231,True
varlen,weak,15,0,2,official,True,0.014448984827261719,7.440178063226003e-05,0.005149273912439992,0.00046557620046025483,0.00021707788649320876,0.008639822945217776,True
varlen,weak,15,0,0,bf16_checkpoint,True,0.015316488933355155,0.0,0.0,0.0,0.0,0.0,True
varlen,weak,15,0,1,bf16_checkpoint,True,0.014160035045323389,0.0,0.0,0.0,0.0,0.0,True
varlen,weak,15,0,2,bf16_checkpoint,True,0.014448984827261719,0.0,0.0,0.0,0.0,0.0,True
varlen,weak,15,0,0,fp32_checkpoint,True,0.015316488933355155,0.0,0.0,0.0,0.0,0.0,True
varlen,weak,15,0,1,fp32_checkpoint,True,0.014160035045323389,0.0,0.0,0.0,0.0,0.0,True
varlen,weak,15,0,2,fp32_checkpoint,True,0.014448984827261719,0.0,0.0,0.0,0.0,0.0,True
varlen,weak,15,0,0,output_rounding_floor,True,0.015316488933355155,2.5223020258769223e-05,0.0016467886581917825,0.00012160226913826566,9.947503333265722e-05,0.002614380771331739,True
varlen,weak,15,0,1,output_rounding_floor,True,0.014160035045323389,2.3615242822240376e-05,0.0016677390095895096,0.00011985725009473758,7.921781952136609e-05,0.002404373964921801,True
varlen,weak,15,0,2,output_rounding_floor,True,0.014448984827261719,2.3732784580865095e-05,0.0016425226314922211,0.00012202332004952049,8.742676363960514e-05,0.00247728195018638,True
varlen,weak,16,1,0,official,True,0.015928318668340196,9.0874760096556e-05,0.005705232422125164,0.00040130400630599555,0.0002669419891919611,0.010399566964996405,True
varlen,weak,16,1,1,official,True,0.011560296110382503,6.195998720297473e-05,0.005359723194921226,0.00029433959759268824,0.00017240962719656787,0.01172685477321939,True
varlen,weak,16,1,2,official,True,0.01178225602458903,6.408411929382612e-05,0.005439036391679615,0.00039076096325794604,0.0001873345549656671,0.012509346594207285,True
varlen,weak,16,1,0,bf16_checkpoint,True,0.015928318668340196,0.0,0.0,0.0,0.0,0.0,True
varlen,weak,16,1,1,bf16_checkpoint,True,0.011560296110382503,0.0,0.0,0.0,0.0,0.0,True
varlen,weak,16,1,2,bf16_checkpoint,True,0.01178225602458903,0.0,0.0,0.0,0.0,0.0,True
varlen,weak,16,1,0,fp32_checkpoint,True,0.015928318668340196,0.0,0.0,0.0,0.0,0.0,True
varlen,weak,16,1,1,fp32_checkpoint,True,0.011560296110382503,0.0,0.0,0.0,0.0,0.0,True
varlen,weak,16,1,2,fp32_checkpoint,True,0.01178225602458903,0.0,0.0,0.0,0.0,0.0,True
varlen,weak,16,1,0,output_rounding_floor,True,0.015928318668340196,2.6330511310649443e-05,0.001653062815913213,0.00013779768479579846,0.00010149023801076749,0.0024378409280492765,True
varlen,weak,16,1,1,output_rounding_floor,True,0.011560296110382503,1.8850214777032487e-05,0.001630599648749722,0.00012036188063324627,5.917296428201122e-05,0.0024677051299469175,True
varlen,weak,16,1,2,output_rounding_floor,True,0.01178225602458903,1.9771524578396307e-05,0.0016780762985572574,0.00011857943107295571,5.95422720114442e-05,0.0026743416122189554,True
varlen,weak,17,2,0,official,True,0.01663582934785739,9.446759305658271e-05,0.00567856228152218,0.0005035903334469211,0.000290938433360418,0.010383624132209439,True
varlen,weak,17,2,1,official,True,0.01425635748768699,8.353716832547438e-05,0.005859643208135333,0.00046774114328388544,0.00025007988091430575,0.010615757549963833,True
varlen,weak,17,2,2,official,True,0.014093317603521135,7.678817480988664e-05,0.005448552070571485,0.0004995484350060198,0.0002569775033861503,0.009474668084921378,True
varlen,weak,17,2,0,bf16_checkpoint,True,0.01663582934785739,7.6038024522601636e-06,0.00045707384304465075,9.457996683655007e-05,4.1694583639294985e-05,0.001389575777992556,True
varlen,weak,17,2,1,bf16_checkpoint,True,0.01425635748768699,8.8500614393646e-06,0.0006207799886477503,8.761604122341574e-05,5.230415930446077e-05,0.0016080120480728326,True
varlen,weak,17,2,2,bf16_checkpoint,True,0.014093317603521135,7.1613361106958785e-06,0.0005081369988360057,9.971976002608879e-05,3.801886350814337e-05,0.0014264466676919224,True
varlen,weak,17,2,0,fp32_checkpoint,True,0.01663582934785739,1.140832419552362e-10,6.857682870492389e-09,1.5553906704268705e-09,5.996728688704295e-10,2.8117648570900684e-08,True
varlen,weak,17,2,1,fp32_checkpoint,True,0.01425635748768699,1.1767133888631209e-10,8.25395540115651e-09,1.2249491074256547e-09,6.2734927929603e-10,2.2426455287264207e-08,True
varlen,weak,17,2,2,fp32_checkpoint,True,0.014093317603521135,1.1025672838170386e-10,7.82333382979724e-09,1.4339420137399195e-09,6.314975140031542e-10,2.350047562502377e-08,True
varlen,weak,17,2,0,output_rounding_floor,True,0.01663582934785739,2.7429992132600678e-05,0.0016488502952895175,0.0001979970800636277,0.00010774206696918635,0.0026235585256582533,True
varlen,weak,17,2,1,output_rounding_floor,True,0.01425635748768699,2.3529145493363296e-05,0.0016504317820091898,0.00012164966530119753,8.29458977443364e-05,0.002351380654349519,True
varlen,weak,17,2,2,output_rounding_floor,True,0.014093317603521135,2.3518449355328498e-05,0.001668766007902394,0.00012091988774411838,7.682862224269241e-05,0.002722439179343565,True
varlen,weak,127,3,0,official,True,0.02782059962091903,0.00019883635589537386,0.007147090954353969,0.001330221815715682,0.0005895722981947425,0.009442846077860206,True
varlen,weak,127,3,1,official,True,0.028112993666227205,0.00020095051698551238,0.007147958676023853,0.0010378862454797078,0.0006028790890166293,0.010588266568644308,True
varlen,weak,127,3,2,official,True,0.030971911893318604,0.00021640613176786644,0.006987173814560363,0.001084274875220101,0.0006354286918071767,0.009929925205291346,True
varlen,weak,127,3,0,bf16_checkpoint,True,0.02782059962091903,6.939484152059003e-05,0.002494369009516612,0.0003899099490638387,0.00021634874929909355,0.003422149002499344,True
varlen,weak,127,3,1,bf16_checkpoint,True,0.028112993666227205,6.942394971844348e-05,0.0024694612940436896,0.0004218940709301497,0.00021579272155739583,0.003301217653631004,True
varlen,weak,127,3,2,bf16_checkpoint,True,0.030971911893318604,7.485184379323349e-05,0.0024167653598866417,0.00048032258174449116,0.0002297226792728675,0.00334299758735951,True
varlen,weak,127,3,0,fp32_checkpoint,True,0.02782059962091903,1.0441062129160781e-09,3.752996797851142e-08,5.824289474321009e-09,3.260354476675166e-09,4.8719970812877375e-08,True
varlen,weak,127,3,1,fp32_checkpoint,True,0.028112993666227205,1.0517723182117517e-09,3.74123201071706e-08,5.740462362402443e-09,3.267853503768909e-09,4.9107087950720536e-08,True
varlen,weak,127,3,2,fp32_checkpoint,True,0.030971911893318604,1.1336196707924054e-09,3.6601539959725725e-08,6.746495782167239e-09,3.503987443254087e-09,4.6992275241833445e-08,True
varlen,weak,127,3,0,output_rounding_floor,True,0.02782059962091903,4.570709566404579e-05,0.0016429227366356778,0.0004806103783918936,0.00016774857716481755,0.0020309908843177977,True
varlen,weak,127,3,1,output_rounding_floor,True,0.028112993666227205,4.6304299563062225e-05,0.001647078219872708,0.0004578093264461791,0.00016915900712084905,0.002026145027248757,True
varlen,weak,127,3,2,output_rounding_floor,True,0.030971911893318604,5.141081793444671e-05,0.0016599174797968246,0.0004052705352885766,0.00019664966307490213,0.0020440654789398503,True
varlen,weak,128,4,0,official,True,0.028875918986247882,0.00019858150709077549,0.006877062758949755,0.0012046620021034654,0.0005725823452086658,0.009197873585105121,True
varlen,weak,128,4,1,official,True,0.02953173214768035,0.00020977040770380124,0.007103220585057292,0.0009842403374820765,0.0006094673973738421,0.00880513489755469,True
varlen,weak,128,4,2,official,True,0.031633068654526614,0.0002145727050018461,0.006783177039991069,0.0013500083249683714,0.0006214167786953411,0.01035432482146632,True
varlen,weak,128,4,0,bf16_checkpoint,True,0.028875918986247882,7.147314450242065e-05,0.0024751816396375,0.0003424029980771369,0.00022014379999732992,0.0032444959602211075,True
varlen,weak,128,4,1,bf16_checkpoint,True,0.02953173214768035,7.269799439499405e-05,0.002461690835859227,0.0003808390164842645,0.00022333445701245327,0.003227192227002517,True
varlen,weak,128,4,2,bf16_checkpoint,True,0.031633068654526614,7.426401940178792e-05,0.002347670414554009,0.00039762719171021477,0.00022783450049087436,0.002832455372381807,True
varlen,weak,128,4,0,fp32_checkpoint,True,0.028875918986247882,1.086831862819007e-09,3.763800083164831e-08,7.32644073186961e-09,3.2807436038673203e-09,4.7629500526904795e-08,True
varlen,weak,128,4,1,fp32_checkpoint,True,0.02953173214768035,1.1144571667871295e-09,3.773761597233868e-08,7.165213575244245e-09,3.4416806143564026e-09,5.053839363539112e-08,True
varlen,weak,128,4,2,fp32_checkpoint,True,0.031633068654526614,1.144564427138052e-09,3.618252910073799e-08,6.09485212299532e-09,3.574001945297334e-09,4.7914387083520713e-08,True
varlen,weak,128,4,0,output_rounding_floor,True,0.028875918986247882,4.8305782052927706e-05,0.0016728742754796226,0.0003816873829864953,0.00018304457398690734,0.0020691307827775786,True
varlen,weak,128,4,1,output_rounding_floor,True,0.02953173214768035,4.912722256943889e-05,0.0016635401649915656,0.00024392039504544938,0.00018751292180607033,0.0022186923889657654,True
varlen,weak,128,4,2,output_rounding_floor,True,0.031633068654526614,5.295724382870544e-05,0.0016741102296165436,0.000465564482571873,0.00020062835627482608,0.002004226741952175,True
varlen,weak,129,5,0,official,True,0.029404339048279746,0.00020158562367489596,0.0068556420650675845,0.0012127424140390558,0.0005832354371961413,0.009069402418469728,True
varlen,weak,129,5,1,official,True,0.030345527470301673,0.0002127814322384269,0.007011953654345609,0.0010971809558787335,0.0006222423137853825,0.010912013836201523,True
varlen,weak,129,5,2,official,True,0.03149995257576141,0.00022339116831735414,0.007091793798103977,0.0013115867543209286,0.0006534223760347256,0.009107190732045366,True
varlen,weak,129,5,0,bf16_checkpoint,True,0.029404339048279746,7.448569877226702e-05,0.002533153309447528,0.00040651683227247576,0.00022806569993792653,0.0034287751790410305,True
varlen,weak,129,5,1,bf16_checkpoint,True,0.030345527470301673,7.242903575598043e-05,0.0023868109007782025,0.00039195874207324094,0.00023177021762602773,0.0031553148053668012,True
varlen,weak,129,5,2,bf16_checkpoint,True,0.03149995257576141,7.961553618725789e-05,0.002527481144480213,0.0005495043295043814,0.00024551827666213533,0.0036233485737314224,True
varlen,weak,129,5,0,fp32_checkpoint,True,0.029404339048279746,1.1370614715059408e-09,3.866985310021661e-08,6.536877112522932e-09,3.537958020750907e-09,6.030908303153956e-08,True
varlen,weak,129,5,1,fp32_checkpoint,True,0.030345527470301673,1.1082995161887255e-09,3.652266441153108e-08,6.426001656137381e-09,3.4526695641586e-09,4.8436893561139e-08,True
varlen,weak,129,5,2,fp32_checkpoint,True,0.03149995257576141,1.219986833004259e-09,3.872979903922188e-08,7.026746236954429e-09,3.806967496665541e-09,5.068872766324447e-08,True
varlen,weak,129,5,0,output_rounding_floor,True,0.029404339048279746,4.8672701369924206e-05,0.0016552897614874878,0.0003439596220046748,0.0001822509541945963,0.0019524552234808498,True
varlen,weak,129,5,1,output_rounding_floor,True,0.030345527470301673,5.10588329084713e-05,0.0016825818222616549,0.00036836241325610697,0.00020079258913052142,0.0021490738475248693,True
varlen,weak,129,5,2,output_rounding_floor,True,0.03149995257576141,5.21965196069809e-05,0.001657034863193575,0.00045549220115034816,0.00019991893809121654,0.001987486025792784,True
varlen,weak,1024,6,0,official,True,0.043146282134751225,0.00035297871399226976,0.008180976355966737,0.0017062008155375313,0.00095855997322199,0.009154949620000779,True
varlen,weak,1024,6,1,official,True,0.04285150963424796,0.00034857266684879554,0.008134431431330667,0.0020299533908348377,0.0009491587116566303,0.008870197555854737,True
varlen,weak,1024,6,2,official,True,0.042128184826425316,0.00034197966106865534,0.008117597814329405,0.0017792159151941989,0.0009295060195879332,0.009046195091079179,True
varlen,weak,1024,6,0,bf16_checkpoint,True,0.043146282134751225,0.00017686966254730764,0.0040993025075699826,0.0008760560204018608,0.00048562071973102123,0.004992042891012842,True
varlen,weak,1024,6,1,bf16_checkpoint,True,0.04285150963424796,0.00017495133988188478,0.0040827345728342655,0.0008870126107679011,0.0004827382265637329,0.0046086882164157955,True
varlen,weak,1024,6,2,bf16_checkpoint,True,0.042128184826425316,0.00017292907665869352,0.004104830943255406,0.0009995930533847064,0.0004765848869140578,0.004715319672020649,True
varlen,weak,1024,6,0,fp32_checkpoint,True,0.043146282134751225,2.7132443680782e-09,6.288477787273534e-08,1.3390342522290322e-08,7.4101252544450635e-09,7.238504121014685e-08,True
varlen,weak,1024,6,1,fp32_checkpoint,True,0.04285150963424796,2.6986228852338872e-09,6.297614502423697e-08,1.4419874155846557e-08,7.460054837309094e-09,7.247565666420444e-08,True
varlen,weak,1024,6,2,fp32_checkpoint,True,0.042128184826425316,2.6326343379268283e-09,6.249104604847543e-08,1.3413524537625454e-08,7.2616142777950224e-09,7.070140013160486e-08,True
varlen,weak,1024,6,0,output_rounding_floor,True,0.043146282134751225,7.181250568150666e-05,0.0016643961455874053,0.0004866931983346645,0.00023200283916074453,0.0017976927232818578,True
varlen,weak,1024,6,1,output_rounding_floor,True,0.04285150963424796,7.09186727287527e-05,0.0016549865648624144,0.00048820663161991407,0.00023025959685450562,0.0017818461367681974,True
varlen,weak,1024,6,2,output_rounding_floor,True,0.042128184826425316,6.981050188643458e-05,0.0016570973132135818,0.0004880939430168818,0.00023009913519125022,0.0018194963956123145,True
