chunk,gate_case,seed,numeric_path,quantity,zero_count,lost_nonzero_count,inf_count,nan_count,first_bad_flat_index,first_bad_token_1based,finite_min,finite_max,max_abs_error,relative_l2_error,count
16,constant_0,0,fp64,prefix,16,0,0,0,,,0.0,0.0,0.0,0.0,16
16,constant_0,0,fp64,decay,0,0,0,0,,,1.0,1.0,0.0,0.0,16
16,constant_0,0,fp64,inverse,0,0,0,0,,,1.0,1.0,0.0,0.0,16
16,constant_0,0,fp64,direct,0,0,0,0,,,1.0,1.0,0.0,0.0,136
16,constant_0,0,fp64,factorized,0,0,0,0,,,1.0,1.0,0.0,0.0,136
16,constant_0,0,fp32,prefix,16,0,0,0,,,0.0,0.0,0.0,0.0,16
16,constant_0,0,fp32,decay,0,0,0,0,,,1.0,1.0,0.0,0.0,16
16,constant_0,0,fp32,inverse,0,0,0,0,,,1.0,1.0,0.0,0.0,16
16,constant_0,0,fp32,direct,0,0,0,0,,,1.0,1.0,0.0,0.0,136
16,constant_0,0,fp32,factorized,0,0,0,0,,,1.0,1.0,0.0,0.0,136
16,constant_0,0,fp32_bf16,prefix,16,0,0,0,,,0.0,0.0,0.0,0.0,16
16,constant_0,0,fp32_bf16,decay,0,0,0,0,,,1.0,1.0,0.0,0.0,16
16,constant_0,0,fp32_bf16,inverse,0,0,0,0,,,1.0,1.0,0.0,0.0,16
16,constant_0,0,fp32_bf16,direct,0,0,0,0,,,1.0,1.0,0.0,0.0,136
16,constant_0,0,fp32_bf16,factorized,0,0,0,0,,,1.0,1.0,0.0,0.0,136
16,constant_0,0,ftz_model_bf16,prefix,16,0,0,0,,,0.0,0.0,0.0,0.0,16
16,constant_0,0,ftz_model_bf16,decay,0,0,0,0,,,1.0,1.0,0.0,0.0,16
16,constant_0,0,ftz_model_bf16,inverse,0,0,0,0,,,1.0,1.0,0.0,0.0,16
16,constant_0,0,ftz_model_bf16,direct,0,0,0,0,,,1.0,1.0,0.0,0.0,136
16,constant_0,0,ftz_model_bf16,factorized,0,0,0,0,,,1.0,1.0,0.0,0.0,136
32,constant_0,0,fp64,prefix,32,0,0,0,,,0.0,0.0,0.0,0.0,32
32,constant_0,0,fp64,decay,0,0,0,0,,,1.0,1.0,0.0,0.0,32
32,constant_0,0,fp64,inverse,0,0,0,0,,,1.0,1.0,0.0,0.0,32
32,constant_0,0,fp64,direct,0,0,0,0,,,1.0,1.0,0.0,0.0,528
32,constant_0,0,fp64,factorized,0,0,0,0,,,1.0,1.0,0.0,0.0,528
32,constant_0,0,fp32,prefix,32,0,0,0,,,0.0,0.0,0.0,0.0,32
32,constant_0,0,fp32,decay,0,0,0,0,,,1.0,1.0,0.0,0.0,32
32,constant_0,0,fp32,inverse,0,0,0,0,,,1.0,1.0,0.0,0.0,32
32,constant_0,0,fp32,direct,0,0,0,0,,,1.0,1.0,0.0,0.0,528
32,constant_0,0,fp32,factorized,0,0,0,0,,,1.0,1.0,0.0,0.0,528
32,constant_0,0,fp32_bf16,prefix,32,0,0,0,,,0.0,0.0,0.0,0.0,32
32,constant_0,0,fp32_bf16,decay,0,0,0,0,,,1.0,1.0,0.0,0.0,32
32,constant_0,0,fp32_bf16,inverse,0,0,0,0,,,1.0,1.0,0.0,0.0,32
32,constant_0,0,fp32_bf16,direct,0,0,0,0,,,1.0,1.0,0.0,0.0,528
32,constant_0,0,fp32_bf16,factorized,0,0,0,0,,,1.0,1.0,0.0,0.0,528
32,constant_0,0,ftz_model_bf16,prefix,32,0,0,0,,,0.0,0.0,0.0,0.0,32
32,constant_0,0,ftz_model_bf16,decay,0,0,0,0,,,1.0,1.0,0.0,0.0,32
32,constant_0,0,ftz_model_bf16,inverse,0,0,0,0,,,1.0,1.0,0.0,0.0,32
32,constant_0,0,ftz_model_bf16,direct,0,0,0,0,,,1.0,1.0,0.0,0.0,528
32,constant_0,0,ftz_model_bf16,factorized,0,0,0,0,,,1.0,1.0,0.0,0.0,528
64,constant_0,0,fp64,prefix,64,0,0,0,,,0.0,0.0,0.0,0.0,64
64,constant_0,0,fp64,decay,0,0,0,0,,,1.0,1.0,0.0,0.0,64
64,constant_0,0,fp64,inverse,0,0,0,0,,,1.0,1.0,0.0,0.0,64
64,constant_0,0,fp64,direct,0,0,0,0,,,1.0,1.0,0.0,0.0,2080
64,constant_0,0,fp64,factorized,0,0,0,0,,,1.0,1.0,0.0,0.0,2080
64,constant_0,0,fp32,prefix,64,0,0,0,,,0.0,0.0,0.0,0.0,64
64,constant_0,0,fp32,decay,0,0,0,0,,,1.0,1.0,0.0,0.0,64
64,constant_0,0,fp32,inverse,0,0,0,0,,,1.0,1.0,0.0,0.0,64
64,constant_0,0,fp32,direct,0,0,0,0,,,1.0,1.0,0.0,0.0,2080
64,constant_0,0,fp32,factorized,0,0,0,0,,,1.0,1.0,0.0,0.0,2080
64,constant_0,0,fp32_bf16,prefix,64,0,0,0,,,0.0,0.0,0.0,0.0,64
64,constant_0,0,fp32_bf16,decay,0,0,0,0,,,1.0,1.0,0.0,0.0,64
64,constant_0,0,fp32_bf16,inverse,0,0,0,0,,,1.0,1.0,0.0,0.0,64
64,constant_0,0,fp32_bf16,direct,0,0,0,0,,,1.0,1.0,0.0,0.0,2080
64,constant_0,0,fp32_bf16,factorized,0,0,0,0,,,1.0,1.0,0.0,0.0,2080
64,constant_0,0,ftz_model_bf16,prefix,64,0,0,0,,,0.0,0.0,0.0,0.0,64
64,constant_0,0,ftz_model_bf16,decay,0,0,0,0,,,1.0,1.0,0.0,0.0,64
64,constant_0,0,ftz_model_bf16,inverse,0,0,0,0,,,1.0,1.0,0.0,0.0,64
64,constant_0,0,ftz_model_bf16,direct,0,0,0,0,,,1.0,1.0,0.0,0.0,2080
64,constant_0,0,ftz_model_bf16,factorized,0,0,0,0,,,1.0,1.0,0.0,0.0,2080
16,constant_-0.1,0,fp64,prefix,0,0,0,0,,,-1.6000000000000003,-0.1,0.0,0.0,16
16,constant_-0.1,0,fp64,decay,0,0,0,0,,,0.20189651799465536,0.9048374180359595,0.0,0.0,16
16,constant_-0.1,0,fp64,inverse,0,0,0,0,,,1.1051709180756477,4.953032424395117,0.0,0.0,16
16,constant_-0.1,0,fp64,direct,0,0,0,0,,,0.2231301601484298,1.0,0.0,0.0,136
16,constant_-0.1,0,fp64,factorized,0,0,0,0,,,0.2231301601484298,1.0000000000000002,2.220446049250313e-16,9.674480313158633e-17,136
16,constant_-0.1,0,fp32,prefix,0,0,0,0,,,-1.600000262260437,-0.10000000149011612,2.622604367008563e-07,1.3870496260833172e-07,16
16,constant_-0.1,0,fp32,decay,0,0,0,0,,,0.20189645886421204,0.904837429523468,5.913044331951056e-08,6.954939747540796e-08,16
16,constant_-0.1,0,fp32,inverse,0,0,0,0,,,1.1051709651947021,4.953033924102783,1.4997076664968745e-06,2.050759324285342e-07,16
16,constant_-0.1,0,fp32,direct,0,0,0,0,,,0.22313010692596436,1.0,9.453599908448851e-08,8.370480320448423e-08,136
16,constant_-0.1,0,fp32,factorized,0,0,0,0,,,0.22313010692596436,1.0000001192092896,1.1923995807405774e-07,8.511556815267978e-08,136
16,constant_-0.1,0,fp32_bf16,prefix,0,0,0,0,,,-1.600000262260437,-0.10000000149011612,2.622604367008563e-07,1.3870496260833172e-07,16
16,constant_-0.1,0,fp32_bf16,decay,0,0,0,0,,,0.2021484375,0.90625,0.0019366360940265004,0.0019639664396712544,16
16,constant_-0.1,0,fp32_bf16,inverse,0,0,0,0,,,1.1015625,4.9375,0.015532424395116706,0.002258562572777581,16
16,constant_-0.1,0,fp32_bf16,direct,0,0,0,0,,,0.22265625,1.0,0.0019366360940265004,0.0016790453569904085,136
16,constant_-0.1,0,fp32_bf16,factorized,0,0,0,0,,,0.22267913818359375,1.0040283203125,0.0050048828125,0.0028171305168039314,136
16,constant_-0.1,0,ftz_model_bf16,prefix,0,0,0,0,,,-1.5999999046325684,-0.10000000894069672,9.536743195148745e-08,5.081348901617763e-08,16
16,constant_-0.1,0,ftz_model_bf16,decay,0,0,0,0,,,0.2021484375,0.90625,0.0019366360940265004,0.0019639664396712544,16
16,constant_-0.1,0,ftz_model_bf16,inverse,0,0,0,0,,,1.1015625,4.9375,0.015532424395116706,0.002258562572777581,16
16,constant_-0.1,0,ftz_model_bf16,direct,0,0,0,0,,,0.22265625,1.0,0.0019366360940265004,0.0016790453569904085,136
16,constant_-0.1,0,ftz_model_bf16,factorized,0,0,0,0,,,0.22267913818359375,1.0040283203125,0.0050048828125,0.0028171305168039314,136
32,constant_-0.1,0,fp64,prefix,0,0,0,0,,,-3.2000000000000015,-0.1,0.0,0.0,32
32,constant_-0.1,0,fp64,decay,0,0,0,0,,,0.040762203978366156,0.9048374180359595,0.0,0.0,32
32,constant_-0.1,0,fp64,inverse,0,0,0,0,,,1.1051709180756477,24.532530197109384,0.0,0.0,32
32,constant_-0.1,0,fp64,direct,0,0,0,0,,,0.045049202393557745,1.0,0.0,0.0,528
32,constant_-0.1,0,fp64,factorized,0,0,0,0,,,0.045049202393557745,1.0000000000000002,2.220446049250313e-16,9.943321584337019e-17,528
32,constant_-0.1,0,fp32,prefix,0,0,0,0,,,-3.1999990940093994,-0.10000000149011612,9.059906020958408e-07,1.793734267386309e-07,32
32,constant_-0.1,0,fp32,decay,0,0,0,0,,,0.040762241929769516,0.904837429523468,5.913044331951056e-08,9.255125539951588e-08,32
32,constant_-0.1,0,fp32,inverse,0,0,0,0,,,1.1051709651947021,24.532508850097656,2.1347011728067855e-05,6.352443847406062e-07,32
32,constant_-0.1,0,fp32,direct,0,0,0,0,,,0.045049238950014114,1.0,3.575972002956007e-07,2.666365306949358e-07,528
32,constant_-0.1,0,fp32,factorized,0,0,0,0,,,0.04504924640059471,1.0000001192092896,3.823011594517034e-07,2.6912322682076685e-07,528
32,constant_-0.1,0,fp32_bf16,prefix,0,0,0,0,,,-3.1999990940093994,-0.10000000149011612,9.059906020958408e-07,1.793734267386309e-07,32
32,constant_-0.1,0,fp32_bf16,decay,0,0,0,0,,,0.040771484375,0.90625,0.0019366360940265004,0.001946302054664292,32
32,constant_-0.1,0,fp32_bf16,inverse,0,0,0,0,,,1.1015625,24.5,0.055353228902930596,0.00211866779320702,32
32,constant_-0.1,0,fp32_bf16,direct,0,0,0,0,,,0.045166015625,1.0,0.0019366360940265004,0.0017279686227689233,528
32,constant_-0.1,0,fp32_bf16,factorized,0,0,0,0,,,0.04491233825683594,1.00494384765625,0.0050048828125,0.0026824363719823415,528
32,constant_-0.1,0,ftz_model_bf16,prefix,0,0,0,0,,,-3.1999995708465576,-0.10000000894069672,4.768371595353926e-07,1.138134781537227e-07,32
32,constant_-0.1,0,ftz_model_bf16,decay,0,0,0,0,,,0.040771484375,0.90625,0.0019366360940265004,0.001946302054664292,32
32,constant_-0.1,0,ftz_model_bf16,inverse,0,0,0,0,,,1.1015625,24.5,0.055353228902930596,0.00211866779320702,32
32,constant_-0.1,0,ftz_model_bf16,direct,0,0,0,0,,,0.045166015625,1.0,0.0019366360940265004,0.0017279686227689233,528
32,constant_-0.1,0,ftz_model_bf16,factorized,0,0,0,0,,,0.04491233825683594,1.00494384765625,0.0050048828125,0.0026824363719823415,528
64,constant_-0.1,0,fp64,prefix,0,0,0,0,,,-6.399999999999993,-0.1,0.0,0.0,64
64,constant_-0.1,0,fp64,decay,0,0,0,0,,,0.0016615572731739456,0.9048374180359595,0.0,0.0,64
64,constant_-0.1,0,fp64,inverse,0,0,0,0,,,1.1051709180756477,601.845037872078,0.0,0.0,64
64,constant_-0.1,0,fp64,direct,0,0,0,0,,,0.0018363047770289186,1.0,0.0,0.0,2080
64,constant_-0.1,0,fp64,factorized,0,0,0,0,,,0.0018363047770289193,1.0000000000000002,2.220446049250313e-16,9.410503934979503e-17,2080
64,constant_-0.1,0,fp32,prefix,0,0,0,0,,,-6.399996280670166,-0.10000000149011612,3.719329827234219e-06,4.655581002257079e-07,64
64,constant_-0.1,0,fp32,decay,0,0,0,0,,,0.001661563408561051,0.904837429523468,5.913044331951056e-08,1.0952182640205293e-07,64
64,constant_-0.1,0,fp32,inverse,0,0,0,0,,,1.1051709651947021,601.8427734375,0.002264434578023611,3.3253568706879627e-06,64
64,constant_-0.1,0,fp32,direct,0,0,0,0,,,0.0018363114213570952,1.0,3.575972002956007e-07,4.616657909271779e-07,2080
64,constant_-0.1,0,fp32,factorized,0,0,0,0,,,0.001836311654187739,1.0000001192092896,3.8739952268329603e-07,4.658534844743492e-07,2080
64,constant_-0.1,0,fp32_bf16,prefix,0,0,0,0,,,-6.399996280670166,-0.10000000149011612,3.719329827234219e-06,4.655581002257079e-07,64
64,constant_-0.1,0,fp32_bf16,decay,0,0,0,0,,,0.0016632080078125,0.90625,0.0019366360940265004,0.0019455785408543226,64
64,constant_-0.1,0,fp32_bf16,inverse,0,0,0,0,,,1.1015625,600.0,1.8450378720780236,0.0019301404800393615,64
64,constant_-0.1,0,fp32_bf16,direct,0,0,0,0,,,0.00183868408203125,1.0,0.0019366360940276106,0.0017455452079852768,2080
64,constant_-0.1,0,fp32_bf16,factorized,0,0,0,0,,,0.001832127571105957,1.0052490234375,0.0052490234375,0.002471444683939884,2080
64,constant_-0.1,0,ftz_model_bf16,prefix,0,0,0,0,,,-6.400001525878906,-0.10000000894069672,1.6212463442855096e-06,1.5989422207444281e-07,64
64,constant_-0.1,0,ftz_model_bf16,decay,0,0,0,0,,,0.0016632080078125,0.90625,0.0019366360940265004,0.0019455785408543226,64
64,constant_-0.1,0,ftz_model_bf16,inverse,0,0,0,0,,,1.1015625,600.0,1.8450378720780236,0.0019301404800393615,64
64,constant_-0.1,0,ftz_model_bf16,direct,0,0,0,0,,,0.00183868408203125,1.0,0.0019366360940276106,0.0017455452079852768,2080
64,constant_-0.1,0,ftz_model_bf16,factorized,0,0,0,0,,,0.001832127571105957,1.0052490234375,0.0052490234375,0.002471444683939884,2080
16,constant_-1,0,fp64,prefix,0,0,0,0,,,-16.0,-1.0,0.0,0.0,16
16,constant_-1,0,fp64,decay,0,0,0,0,,,1.1253517471925912e-07,0.36787944117144233,0.0,0.0,16
16,constant_-1,0,fp64,inverse,0,0,0,0,,,2.718281828459045,8886110.520507872,0.0,0.0,16
16,constant_-1,0,fp64,direct,0,0,0,0,,,3.059023205018258e-07,1.0,0.0,0.0,136
16,constant_-1,0,fp64,factorized,0,0,0,0,,,3.059023205018258e-07,1.0000000000000002,2.220446049250313e-16,8.70470122340765e-17,136
16,constant_-1,0,fp32,prefix,0,0,0,0,,,-16.0,-1.0,0.0,0.0,16
16,constant_-1,0,fp32,decay,0,0,0,0,,,1.1253517584464134e-07,0.3678794503211975,9.149755175741348e-09,2.3873853571792978e-08,16
16,constant_-1,0,fp32,inverse,0,0,0,0,,,2.7182817459106445,8886111.0,0.4794921278953552,5.193459246671323e-08,16
16,constant_-1,0,fp32,direct,0,0,0,0,,,3.0590231858695915e-07,1.0,9.149755175741348e-09,8.51955020209061e-09,136
16,constant_-1,0,fp32,factorized,0,0,0,0,,,3.0590231858695915e-07,1.0000001192092896,1.1920928955078125e-07,4.5895746288134676e-08,136
16,constant_-1,0,fp32_bf16,prefix,0,0,0,0,,,-16.0,-1.0,0.0,0.0,16
16,constant_-1,0,fp32_bf16,decay,0,0,0,0,,,1.126900315284729e-07,0.3671875,0.000691941171442334,0.0020296612965936167,16
16,constant_-1,0,fp32_bf16,inverse,0,0,0,0,,,2.71875,8912896.0,26785.479492127895,0.0029237723694483272,16
16,constant_-1,0,fp32_bf16,direct,0,0,0,0,,,3.0547380447387695e-07,1.0,0.000691941171442334,0.0007202358131202362,136
16,constant_-1,0,fp32_bf16,factorized,0,0,0,0,,,3.063760232180357e-07,1.00439453125,0.00439453125,0.002141791117360449,136
16,constant_-1,0,ftz_model_bf16,prefix,0,0,0,0,,,-16.0,-1.0,1.9073486328125e-06,7.599693767948573e-08,16
16,constant_-1,0,ftz_model_bf16,decay,0,0,0,0,,,1.126900315284729e-07,0.3671875,0.000691941171442334,0.0020296612965936167,16
16,constant_-1,0,ftz_model_bf16,inverse,0,0,0,0,,,2.71875,8912896.0,26785.479492127895,0.0029237723694483272,16
16,constant_-1,0,ftz_model_bf16,direct,0,0,0,0,,,3.0547380447387695e-07,1.0,0.000691941171442334,0.0007202358131202362,136
16,constant_-1,0,ftz_model_bf16,factorized,0,0,0,0,,,3.063760232180357e-07,1.00439453125,0.00439453125,0.002141791117360449,136
32,constant_-1,0,fp64,prefix,0,0,0,0,,,-32.0,-1.0,0.0,0.0,32
32,constant_-1,0,fp64,decay,0,0,0,0,,,1.2664165549094176e-14,0.36787944117144233,0.0,0.0,32
32,constant_-1,0,fp64,inverse,0,0,0,0,,,2.718281828459045,78962960182680.69,0.0,0.0,32
32,constant_-1,0,fp64,direct,0,0,0,0,,,3.442477108469977e-14,1.0,0.0,0.0,528
32,constant_-1,0,fp64,factorized,0,0,0,0,,,3.442477108469976e-14,1.0000000000000002,2.220446049250313e-16,8.922977697627488e-17,528
32,constant_-1,0,fp32,prefix,0,0,0,0,,,-32.0,-1.0,0.0,0.0,32
32,constant_-1,0,fp32,decay,0,0,0,0,,,1.2664165777252073e-14,0.3678794503211975,9.149755175741348e-09,2.3873853571793014e-08,32
32,constant_-1,0,fp32,inverse,0,0,0,0,,,2.7182817459106445,78962956959744.0,3222936.6875,3.8240625882491197e-08,32
32,constant_-1,0,fp32,direct,0,0,0,0,,,3.4424770840998584e-14,1.0,9.149755175741348e-09,8.652772178742138e-09,528
32,constant_-1,0,fp32,factorized,0,0,0,0,,,3.4424770840998584e-14,1.0000001192092896,1.1920928955078125e-07,3.8130448206238006e-08,528
32,constant_-1,0,fp32_bf16,prefix,0,0,0,0,,,-32.0,-1.0,0.0,0.0,32
32,constant_-1,0,fp32_bf16,decay,0,0,0,0,,,1.2656542480726785e-14,0.3671875,0.000691941171442334,0.002029661296593608,32
32,constant_-1,0,fp32_bf16,inverse,0,0,0,0,,,2.71875,79164837199872.0,201877017191.3125,0.002479594757913926,32
32,constant_-1,0,fp32_bf16,direct,0,0,0,0,,,3.441691376337985e-14,1.0,0.000691941171442334,0.0007336372761582286,528
32,constant_-1,0,fp32_bf16,factorized,0,0,0,0,,,3.4409974869475946e-14,1.0045166015625,0.0045166015625,0.002056727149294242,528
32,constant_-1,0,ftz_model_bf16,prefix,0,0,0,0,,,-32.000003814697266,-1.0,5.7220458984375e-06,1.1189929582621047e-07,32
32,constant_-1,0,ftz_model_bf16,decay,0,0,0,0,,,1.2656542480726785e-14,0.3671875,0.000691941171442334,0.002029661296593608,32
32,constant_-1,0,ftz_model_bf16,inverse,0,0,0,0,,,2.71875,79164837199872.0,201877017191.3125,0.002479594757913926,32
32,constant_-1,0,ftz_model_bf16,direct,0,0,0,0,,,3.441691376337985e-14,1.0,0.000691941171442334,0.0007336372761582286,528
32,constant_-1,0,ftz_model_bf16,factorized,0,0,0,0,,,3.4409974869475946e-14,1.0045166015625,0.0045166015625,0.002056727149294242,528
64,constant_-1,0,fp64,prefix,0,0,0,0,,,-64.0,-1.0,0.0,0.0,64
64,constant_-1,0,fp64,decay,0,0,0,0,,,1.603810890548638e-28,0.36787944117144233,0.0,0.0,64
64,constant_-1,0,fp64,inverse,0,0,0,0,,,2.718281828459045,6.235149080811617e+27,0.0,0.0,64
64,constant_-1,0,fp64,direct,0,0,0,0,,,4.359610000063081e-28,1.0,0.0,0.0,2080
64,constant_-1,0,fp64,factorized,0,0,0,0,,,4.359610000063081e-28,1.0000000000000002,2.220446049250313e-16,7.896056518449305e-17,2080
64,constant_-1,0,fp32,prefix,0,0,0,0,,,-64.0,-1.0,0.0,0.0,64
64,constant_-1,0,fp32,decay,0,0,0,0,,,1.6038109389511792e-28,0.3678794503211975,9.149755175741348e-09,2.3873853571793014e-08,64
64,constant_-1,0,fp32,inverse,0,0,0,0,,,2.7182817459106445,6.235148841753849e+27,2.3905776754517397e+20,3.632352741283178e-08,64
64,constant_-1,0,fp32,direct,0,0,0,0,,,4.359610133382778e-28,1.0,9.149755175741348e-09,8.718137352536002e-09,2080
64,constant_-1,0,fp32,factorized,0,0,0,0,,,4.359610133382778e-28,1.0000001192092896,1.1920928955078125e-07,3.51171613415565e-08,2080
64,constant_-1,0,fp32_bf16,prefix,0,0,0,0,,,-64.0,-1.0,0.0,0.0,64
64,constant_-1,0,fp32_bf16,decay,0,0,0,0,,,1.601387637598654e-28,0.3671875,0.000691941171442334,0.002029661296593608,64
64,constant_-1,0,fp32_bf16,inverse,0,0,0,0,,,2.71875,6.22838582265457e+27,6.763258157047236e+24,0.0011081407996572682,64
64,constant_-1,0,fp32_bf16,direct,0,0,0,0,,,4.354512196819985e-28,1.0,0.000691941171442334,0.0007401986328812868,2080
64,constant_-1,0,fp32_bf16,factorized,0,0,0,0,,,4.3537726397213405e-28,1.0045166015625,0.0045166015625,0.0021072877013143996,2080
64,constant_-1,0,ftz_model_bf16,prefix,0,0,0,0,,,-64.00001525878906,-1.0,1.52587890625e-05,2.110792777411011e-07,64
64,constant_-1,0,ftz_model_bf16,decay,0,0,0,0,,,1.601387637598654e-28,0.3671875,0.000691941171442334,0.002029661296593608,64
64,constant_-1,0,ftz_model_bf16,inverse,0,0,0,0,,,2.71875,6.22838582265457e+27,6.763258157047236e+24,0.0011081408066680185,64
64,constant_-1,0,ftz_model_bf16,direct,0,0,0,0,,,4.354512196819985e-28,1.0,0.000691941171442334,0.0007401986328812868,2080
64,constant_-1,0,ftz_model_bf16,factorized,0,0,0,0,,,4.3537726397213405e-28,1.00457763671875,0.00457763671875,0.00215386495681578,2080
16,constant_-3,0,fp64,prefix,0,0,0,0,,,-48.0,-3.0,0.0,0.0,16
16,constant_-3,0,fp64,decay,0,0,0,0,,,1.4251640827409352e-21,0.049787068367863944,0.0,0.0,16
16,constant_-3,0,fp64,inverse,0,0,0,0,,,20.085536923187668,7.016735912097631e+20,0.0,0.0,16
16,constant_-3,0,fp64,direct,0,0,0,0,,,2.8625185805493937e-20,1.0,0.0,0.0,136
16,constant_-3,0,fp64,factorized,0,0,0,0,,,2.8625185805493937e-20,1.0000000000000002,2.220446049250313e-16,6.211244390806207e-17,136
16,constant_-3,0,fp32,prefix,0,0,0,0,,,-48.0,-3.0,0.0,0.0,16
16,constant_-3,0,fp32,decay,0,0,0,0,,,1.4251640378466556e-21,0.049787066876888275,1.490975669315997e-09,2.9989146755330935e-08,16
16,constant_-3,0,fp32,inverse,0,0,0,0,,,20.08553695678711,7.016735586870194e+20,32522743709696.0,4.629784420838344e-08,16
16,constant_-3,0,fp32,direct,0,0,0,0,,,2.862518609581133e-20,1.0,1.490975669315997e-09,1.4455182541754173e-09,136
16,constant_-3,0,fp32,factorized,0,0,0,0,,,2.862518609581133e-20,1.0000001192092896,1.1920928955078125e-07,4.472329844591436e-08,136
16,constant_-3,0,fp32_bf16,prefix,0,0,0,0,,,-48.0,-3.0,0.0,0.0,16
16,constant_-3,0,fp32_bf16,decay,0,0,0,0,,,1.4227506535912076e-21,0.0498046875,1.7619132136055538e-05,0.00037914535893604154,16
16,constant_-3,0,fp32_bf16,inverse,0,0,0,0,,,20.125,7.00976274800963e+20,6.973164088001823e+17,0.0009960329536374349,16
16,constant_-3,0,fp32_bf16,direct,0,0,0,0,,,2.8587361969832636e-20,1.0,1.7619132136055538e-05,1.819833312200697e-05,136
16,constant_-3,0,fp32_bf16,factorized,0,0,0,0,,,2.863285690352305e-20,1.0045166015625,0.0045166015625,0.0022948729780669346,136
16,constant_-3,0,ftz_model_bf16,prefix,0,0,0,0,,,-48.00000762939453,-3.0,7.62939453125e-06,1.2838312667843241e-07,16
16,constant_-3,0,ftz_model_bf16,decay,0,0,0,0,,,1.4227506535912076e-21,0.0498046875,1.7619132136055538e-05,0.00037914535893604154,16
16,constant_-3,0,ftz_model_bf16,inverse,0,0,0,0,,,20.125,7.00976274800963e+20,6.973164088001823e+17,0.0009960329536374349,16
16,constant_-3,0,ftz_model_bf16,direct,0,0,0,0,,,2.8587361969832636e-20,1.0,1.7619132136055538e-05,1.819833312200697e-05,136
16,constant_-3,0,ftz_model_bf16,factorized,0,0,0,0,,,2.863285690352305e-20,1.0045166015625,0.0045166015625,0.0022948729780669346,136
32,constant_-3,0,fp64,prefix,0,0,0,0,,,-96.0,-3.0,0.0,0.0,32
32,constant_-3,0,fp64,decay,0,0,0,0,,,2.031092662734811e-42,0.049787068367863944,0.0,0.0,32
32,constant_-3,0,fp64,inverse,0,0,0,0,,,20.085536923187668,4.923458286012058e+41,0.0,0.0,32
32,constant_-3,0,fp64,direct,0,0,0,0,,,4.0795586671775603e-41,1.0,0.0,0.0,528
32,constant_-3,0,fp64,factorized,0,0,0,0,,,4.0795586671775603e-41,1.0000000000000002,2.220446049250313e-16,7.347927174495946e-17,528
32,constant_-3,0,fp32,prefix,0,0,0,0,,,-96.0,-3.0,0.0,0.0,32
32,constant_-3,0,fp32,decay,0,0,0,0,,,2.03048147480666e-42,0.049787066876888275,1.490975669315997e-09,2.9989146755330935e-08,32
32,constant_-3,0,fp32,inverse,0,0,3,0,29,30,20.08553695678711,6.076030347399616e+37,,,32
32,constant_-3,0,fp32,direct,0,0,0,0,,,4.07960021918884e-41,1.0,1.490975669315997e-09,1.4694891928915316e-09,528
32,constant_-3,0,fp32,factorized,0,0,6,0,464,,4.0783390505709476e-41,1.0000001192092896,,,528
32,constant_-3,0,fp32_bf16,prefix,0,0,0,0,,,-96.0,-3.0,0.0,0.0,32
32,constant_-3,0,fp32_bf16,decay,2,2,0,0,30,31,0.0,0.0498046875,1.7619132136055538e-05,0.00037914535893604154,32
32,constant_-3,0,fp32_bf16,inverse,0,0,3,0,29,30,20.125,6.08121808071599e+37,,,32
32,constant_-3,0,fp32_bf16,direct,1,1,0,0,496,,0.0,1.0,1.7619132136055538e-05,1.8540562140202234e-05,528
32,constant_-3,0,fp32_bf16,factorized,58,58,1,5,464,,0.0,1.0045166015625,,,528
32,constant_-3,0,ftz_model_bf16,prefix,0,0,0,0,,,-96.00001525878906,-3.0,2.288818359375e-05,2.407964644276604e-07,32
32,constant_-3,0,ftz_model_bf16,decay,3,3,0,0,29,30,0.0,0.0498046875,1.7619132136055538e-05,0.00037914535893604154,32
32,constant_-3,0,ftz_model_bf16,inverse,0,0,3,0,29,30,20.125,6.08121808071599e+37,,,32
32,constant_-3,0,ftz_model_bf16,direct,3,3,0,0,465,,0.0,1.0,1.7619132136055538e-05,1.8540562140202234e-05,528
32,constant_-3,0,ftz_model_bf16,factorized,87,87,0,6,435,,0.0,1.00457763671875,,,528
64,constant_-3,0,fp64,prefix,0,0,0,0,,,-192.0,-3.0,0.0,0.0,64
64,constant_-3,0,fp64,decay,0,0,0,0,,,4.125337404615185e-84,0.049787068367863944,0.0,0.0,64
64,constant_-3,0,fp64,inverse,0,0,0,0,,,20.085536923187668,2.4240441494100796e+83,0.0,0.0,64
64,constant_-3,0,fp64,direct,0,0,0,0,,,8.285961676100547e-83,1.0,0.0,0.0,2080
64,constant_-3,0,fp64,factorized,0,0,0,0,,,8.285961676100548e-83,1.0000000000000002,2.220446049250313e-16,6.943973650524525e-17,2080
64,constant_-3,0,fp32,prefix,0,0,0,0,,,-192.0,-3.0,0.0,0.0,64
64,constant_-3,0,fp32,decay,30,30,0,0,34,35,0.0,0.049787066876888275,1.490975669315997e-09,2.9989146755330935e-08,64
64,constant_-3,0,fp32,inverse,0,0,35,0,29,30,20.08553695678711,6.076030347399616e+37,,,64
64,constant_-3,0,fp32,direct,435,435,0,0,630,,0.0,1.0,1.490975669315997e-09,1.4813278336502942e-09,2080
64,constant_-3,0,fp32,factorized,870,870,15,615,464,,0.0,1.0000001192092896,,,2080
64,constant_-3,0,fp32_bf16,prefix,0,0,0,0,,,-192.0,-3.0,0.0,0.0,64
64,constant_-3,0,fp32_bf16,decay,34,34,0,0,30,31,0.0,0.0498046875,1.7619132136055538e-05,0.00037914535893604154,64
64,constant_-3,0,fp32_bf16,inverse,0,0,35,0,29,30,20.125,6.08121808071599e+37,,,64
64,constant_-3,0,fp32_bf16,direct,561,561,0,0,496,,0.0,1.0,1.7619132136055538e-05,1.8709309720406596e-05,2080
64,constant_-3,0,fp32_bf16,factorized,986,986,1,629,464,,0.0,1.0045166015625,,,2080
64,constant_-3,0,ftz_model_bf16,prefix,0,0,0,0,,,-191.9999237060547,-3.0,9.1552734375e-05,3.6590817453091424e-07,64
64,constant_-3,0,ftz_model_bf16,decay,35,35,0,0,29,30,0.0,0.0498046875,1.7619132136055538e-05,0.00037914535893604154,64
64,constant_-3,0,ftz_model_bf16,inverse,0,0,35,0,29,30,20.125,6.08121808071599e+37,,,64
64,constant_-3,0,ftz_model_bf16,direct,595,595,0,0,465,,0.0,1.0,1.7619132136055538e-05,1.8709309720406596e-05,2080
64,constant_-3,0,ftz_model_bf16,factorized,1015,1015,0,630,435,,0.0,1.00457763671875,,,2080
16,constant_-5,0,fp64,prefix,0,0,0,0,,,-80.0,-5.0,0.0,0.0,16
16,constant_-5,0,fp64,decay,0,0,0,0,,,1.8048513878454153e-35,0.006737946999085467,0.0,0.0,16
16,constant_-5,0,fp64,inverse,0,0,0,0,,,148.4131591025766,5.54062238439351e+34,0.0,0.0,16
16,constant_-5,0,fp64,direct,0,0,0,0,,,2.6786369618080778e-33,1.0,0.0,0.0,136
16,constant_-5,0,fp64,factorized,0,0,0,0,,,2.678636961808078e-33,1.0000000000000002,2.220446049250313e-16,9.205414807461514e-17,136
16,constant_-5,0,fp32,prefix,0,0,0,0,,,-80.0,-5.0,0.0,0.0,16
16,constant_-5,0,fp32,decay,0,0,0,0,,,1.8048513285848406e-35,0.0067379469983279705,1.2059301379208943e-12,2.1135097090781697e-10,16
16,constant_-5,0,fp32,inverse,0,0,0,0,,,148.4131622314453,5.540622484676759e+34,1.0028324952600449e+27,1.8101173755951395e-08,16
16,constant_-5,0,fp32,direct,0,0,0,0,,,2.678636997114156e-33,1.0,1.2059301379208943e-12,1.3454918691086662e-12,136
16,constant_-5,0,fp32,factorized,0,0,0,0,,,2.678636997114156e-33,1.0000001192092896,1.1920928955078125e-07,3.650057862437244e-08,136
16,constant_-5,0,fp32_bf16,prefix,0,0,0,0,,,-80.0,-5.0,0.0,0.0,16
16,constant_-5,0,fp32_bf16,decay,0,0,0,0,,,1.8055593228630336e-35,0.006744384765625,6.437766539532999e-06,0.0009555437641525005,16
16,constant_-5,0,fp32_bf16,inverse,0,0,0,0,,,148.0,5.549267267559097e+34,8.644883165587194e+31,0.0015602795996931447,16
16,constant_-5,0,fp32_bf16,direct,0,0,0,0,,,2.68426485998971e-33,1.0,6.437766539532999e-06,6.233915444169895e-06,136
16,constant_-5,0,fp32_bf16,factorized,0,0,0,0,,,2.6722277978372897e-33,1.0045166015625,0.0045166015625,0.0020976203408346007,136
16,constant_-5,0,ftz_model_bf16,prefix,0,0,0,0,,,-80.00001525878906,-5.0,1.52587890625e-05,1.0993664519492633e-07,16
16,constant_-5,0,ftz_model_bf16,decay,0,0,0,0,,,1.8055593228630336e-35,0.006744384765625,6.437766539532999e-06,0.0009555437641525005,16
16,constant_-5,0,ftz_model_bf16,inverse,0,0,0,0,,,148.0,5.549267267559097e+34,8.644883165587194e+31,0.0015602795996931447,16
16,constant_-5,0,ftz_model_bf16,direct,0,0,0,0,,,2.68426485998971e-33,1.0,6.437766539532999e-06,6.233915444169895e-06,136
16,constant_-5,0,ftz_model_bf16,factorized,0,0,0,0,,,2.6722277978372897e-33,1.0045166015625,0.0045166015625,0.0020976203408346007,136
32,constant_-5,0,fp64,prefix,0,0,0,0,,,-160.0,-5.0,0.0,0.0,32
32,constant_-5,0,fp64,decay,0,0,0,0,,,3.257488532207521e-70,0.006737946999085467,0.0,0.0,32
32,constant_-5,0,fp64,inverse,0,0,0,0,,,148.4131591025766,3.0698496406442424e+69,0.0,0.0,32
32,constant_-5,0,fp64,direct,0,0,0,0,,,4.834541638053336e-68,1.0,0.0,0.0,528
32,constant_-5,0,fp64,factorized,0,0,0,0,,,4.834541638053336e-68,1.0000000000000002,2.220446049250313e-16,7.076304981218954e-17,528
32,constant_-5,0,fp32,prefix,0,0,0,0,,,-160.0,-5.0,0.0,0.0,32
32,constant_-5,0,fp32,decay,12,12,0,0,20,21,0.0,0.0067379469983279705,1.2059301379208943e-12,2.1135097090781697e-10,32
32,constant_-5,0,fp32,inverse,0,0,15,0,17,18,148.4131622314453,8.223013026843582e+36,,,32
32,constant_-5,0,fp32,direct,66,66,0,0,231,,0.0,1.0,1.2059301379208943e-12,1.3853390767222746e-12,528
32,constant_-5,0,fp32,factorized,204,204,6,114,170,,0.0,1.0000001192092896,,,528
32,constant_-5,0,fp32_bf16,prefix,0,0,0,0,,,-160.0,-5.0,0.0,0.0,32
32,constant_-5,0,fp32_bf16,decay,14,14,0,0,18,19,0.0,0.006744384765625,6.437766539532999e-06,0.0009555437641525005,32
32,constant_-5,0,fp32_bf16,inverse,0,0,15,0,17,18,148.0,8.224598223919167e+36,,,32
32,constant_-5,0,fp32_bf16,direct,91,91,0,0,190,,0.0,1.0,6.437766539532999e-06,6.33698436556817e-06,528
32,constant_-5,0,fp32_bf16,factorized,238,238,1,119,170,,0.0,1.0045166015625,,,528
32,constant_-5,0,ftz_model_bf16,prefix,0,0,0,0,,,-159.99996948242188,-5.0,3.0517578125e-05,1.2335536458529133e-07,32
32,constant_-5,0,ftz_model_bf16,decay,15,15,0,0,17,18,0.0,0.006744384765625,6.437766539532999e-06,0.0009555437641525005,32
32,constant_-5,0,ftz_model_bf16,inverse,0,0,15,0,17,18,148.0,8.224598223919167e+36,,,32
32,constant_-5,0,ftz_model_bf16,direct,105,105,0,0,171,,0.0,1.0,6.437766539532999e-06,6.33698436556817e-06,528
32,constant_-5,0,ftz_model_bf16,factorized,255,255,0,120,153,,0.0,1.0045166015625,,,528
64,constant_-5,0,fp64,prefix,0,0,0,0,,,-320.0,-5.0,0.0,0.0,64
64,constant_-5,0,fp64,decay,0,0,0,0,,,1.0611231537463512e-139,0.006737946999085467,0.0,0.0,64
64,constant_-5,0,fp64,inverse,0,0,0,0,,,148.4131591025766,9.423976816163585e+138,0.0,0.0,64
64,constant_-5,0,fp64,direct,0,0,0,0,,,1.5748463944438505e-137,1.0,0.0,0.0,2080
64,constant_-5,0,fp64,factorized,0,0,0,0,,,1.5748463944438508e-137,1.0000000000000002,2.220446049250313e-16,6.509312666485735e-17,2080
64,constant_-5,0,fp32,prefix,0,0,0,0,,,-320.0,-5.0,0.0,0.0,64
64,constant_-5,0,fp32,decay,44,44,0,0,20,21,0.0,0.0067379469983279705,1.2059301379208943e-12,2.1135097090781697e-10,64
64,constant_-5,0,fp32,inverse,0,0,47,0,17,18,148.4131622314453,8.223013026843582e+36,,,64
64,constant_-5,0,fp32,direct,946,946,0,0,231,,0.0,1.0,1.2059301379208943e-12,1.404838864613891e-12,2080
64,constant_-5,0,fp32,factorized,748,748,6,1122,170,,0.0,1.0000001192092896,,,2080
64,constant_-5,0,fp32_bf16,prefix,0,0,0,0,,,-320.0,-5.0,0.0,0.0,64
64,constant_-5,0,fp32_bf16,decay,46,46,0,0,18,19,0.0,0.006744384765625,6.437766539532999e-06,0.0009555437641525005,64
64,constant_-5,0,fp32_bf16,inverse,0,0,47,0,17,18,148.0,8.224598223919167e+36,,,64
64,constant_-5,0,fp32_bf16,direct,1035,1035,0,0,190,,0.0,1.0,6.437766539532999e-06,6.3878951159923444e-06,2080
64,constant_-5,0,fp32_bf16,factorized,782,782,1,1127,170,,0.0,1.0045166015625,,,2080
64,constant_-5,0,ftz_model_bf16,prefix,0,0,0,0,,,-319.9998779296875,-5.0,0.0001220703125,3.012767043551334e-07,64
64,constant_-5,0,ftz_model_bf16,decay,47,47,0,0,17,18,0.0,0.006744384765625,6.437766539532999e-06,0.0009555437641525005,64
64,constant_-5,0,ftz_model_bf16,inverse,0,0,47,0,17,18,148.0,8.224598223919167e+36,,,64
64,constant_-5,0,ftz_model_bf16,direct,1081,1081,0,0,171,,0.0,1.0,6.437766539532999e-06,6.3878951159923444e-06,2080
64,constant_-5,0,ftz_model_bf16,factorized,799,799,0,1128,153,,0.0,1.0045166015625,,,2080
16,uniform,0,fp64,prefix,0,0,0,0,,,-42.11477699613478,-4.850265009032765,0.0,0.0,16
16,uniform,0,fp64,decay,0,0,0,0,,,5.126072496557785e-19,0.007826303233331696,0.0,0.0,16
16,uniform,0,fp64,inverse,0,0,0,0,,,127.77424668917347,1.9508112705614505e+18,0.0,0.0,16
16,uniform,0,fp64,direct,0,0,0,0,,,6.549800517217634e-17,1.0,0.0,0.0,136
16,uniform,0,fp64,factorized,0,0,0,0,,,6.549800517217618e-17,1.0,1.1102230246251565e-16,5.576241389930265e-17,136
16,uniform,0,fp32,prefix,0,0,0,0,,,-42.114776611328125,-4.850265026092529,1.1813623821410602e-06,2.2156282926179246e-08,16
16,uniform,0,fp32,decay,0,0,0,0,,,5.126074445142912e-19,0.007826303131878376,1.0145331970357052e-10,1.3298036089328504e-08,16
16,uniform,0,fp32,inverse,0,0,0,0,,,127.77424621582031,1.95081056716587e+18,703395580416.0,3.5987553015353526e-07,16
16,uniform,0,fp32,direct,0,0,0,0,,,6.549806010863515e-17,1.0,5.012254156167018e-07,1.5765313342442274e-07,136
16,uniform,0,fp32,factorized,0,0,0,0,,,6.549802702141065e-17,1.0,5.310277380043971e-07,1.6680582350396913e-07,136
16,uniform,0,fp32_bf16,prefix,0,0,0,0,,,-42.114776611328125,-4.850265026092529,1.1813623821410602e-06,2.2156282926179246e-08,16
16,uniform,0,fp32_bf16,decay,0,0,0,0,,,5.116079001415974e-19,0.0078125,1.380323333169571e-05,0.0017633603508087094,16
16,uniform,0,fp32_bf16,inverse,0,0,0,0,,,128.0,1.9545622382787953e+18,3750967717344768.0,0.0019155075531297942,16
16,uniform,0,fp32_bf16,direct,0,0,0,0,,,6.548581121812447e-17,1.0,0.000934427430208773,0.00031772268394574026,136
16,uniform,0,fp32_bf16,factorized,0,0,0,0,,,6.548581121812447e-17,1.00311279296875,0.00494384765625,0.0021042290423055536,136
16,uniform,0,ftz_model_bf16,prefix,0,0,0,0,,,-42.11477279663086,-4.850265026092529,4.199503919721792e-06,7.916303417268324e-08,16
16,uniform,0,ftz_model_bf16,decay,0,0,0,0,,,5.116079001415974e-19,0.0078125,1.380323333169571e-05,0.0017633603508087094,16
16,uniform,0,ftz_model_bf16,inverse,0,0,0,0,,,128.0,1.9545622382787953e+18,3750967717344768.0,0.0019155075531297942,16
16,uniform,0,ftz_model_bf16,direct,0,0,0,0,,,6.548581121812447e-17,1.0,0.000934427430208773,0.00031772268394574026,136
16,uniform,0,ftz_model_bf16,factorized,0,0,0,0,,,6.548581121812447e-17,1.00311279296875,0.00494384765625,0.0021042290423055536,136
32,uniform,0,fp64,prefix,0,0,0,0,,,-82.3671643078565,-4.850265009032765,0.0,0.0,32
32,uniform,0,fp64,decay,0,0,0,0,,,1.6919793217630913e-36,0.007826303233331696,0.0,0.0,32
32,uniform,0,fp64,inverse,0,0,0,0,,,127.77424668917347,5.9102377147137416e+35,0.0,0.0,32
32,uniform,0,fp64,direct,0,0,0,0,,,2.161913832519382e-34,1.0,0.0,0.0,528
32,uniform,0,fp64,factorized,0,0,0,0,,,2.1619138325193765e-34,1.0,1.1102230246251565e-16,5.154637874054938e-17,528
32,uniform,0,fp32,prefix,0,0,0,0,,,-82.36715698242188,-4.850265026092529,9.892605433492463e-06,8.658421864268653e-08,32
32,uniform,0,fp32,decay,0,0,0,0,,,1.6919917098773082e-36,0.007826303131878376,1.0145331970357052e-10,1.3298036089328504e-08,32
32,uniform,0,fp32,inverse,0,0,0,0,,,127.77424621582031,5.910194331019329e+35,4.338369441279539e+30,7.3458078547880735e-06,32
32,uniform,0,fp32,direct,0,0,0,0,,,2.161930639123965e-34,1.0,9.84971928852385e-07,2.7510443759606214e-07,528
32,uniform,0,fp32,factorized,0,0,0,0,,,2.1619297207690032e-34,1.0,9.84971928852385e-07,2.782043418733467e-07,528
32,uniform,0,fp32_bf16,prefix,0,0,0,0,,,-82.36715698242188,-4.850265026092529,9.892605433492463e-06,8.658421864268653e-08,32
32,uniform,0,fp32_bf16,decay,0,0,0,0,,,1.692711865184094e-36,0.0078125,1.380323333169571e-05,0.0017633603508087094,32
32,uniform,0,fp32_bf16,inverse,0,0,0,0,,,128.0,5.9192184187297035e+35,8.980704015961913e+32,0.0015215689130027453,32
32,uniform,0,fp32_bf16,direct,0,0,0,0,,,2.1666711874356403e-34,1.0,0.000934427430208773,0.00030105603119867576,528
32,uniform,0,fp32_bf16,factorized,0,0,0,0,,,2.1666711874356403e-34,1.0045166015625,0.00494384765625,0.0022742625221938294,528
32,uniform,0,ftz_model_bf16,prefix,0,0,0,0,,,-82.3671646118164,-4.850265026092529,6.4187779429403236e-06,6.40710107022642e-08,32
32,uniform,0,ftz_model_bf16,decay,0,0,0,0,,,1.692711865184094e-36,0.0078125,1.380323333169571e-05,0.0017633603508087094,32
32,uniform,0,ftz_model_bf16,inverse,0,0,0,0,,,128.0,5.9192184187297035e+35,8.980704015961913e+32,0.0015215689130027453,32
32,uniform,0,ftz_model_bf16,direct,0,0,0,0,,,2.1666711874356403e-34,1.0,0.000934427430208773,0.00030105603119867576,528
32,uniform,0,ftz_model_bf16,factorized,0,0,0,0,,,2.1666711874356403e-34,1.0045166015625,0.00494384765625,0.0022742625221938294,528
64,uniform,0,fp64,prefix,0,0,0,0,,,-163.20315844357415,-4.850265009032765,0.0,0.0,64
64,uniform,0,fp64,decay,0,0,0,0,,,1.3236368785745842e-71,0.007826303233331696,0.0,0.0,64
64,uniform,0,fp64,inverse,0,0,0,0,,,127.77424668917347,7.554942115823287e+70,0.0,0.0,64
64,uniform,0,fp64,direct,0,0,0,0,,,1.691267050498769e-69,1.0,0.0,0.0,2080
64,uniform,0,fp64,factorized,0,0,0,0,,,1.6912670504987647e-69,1.0,1.1102230246251565e-16,5.299987705701337e-17,2080
64,uniform,0,fp32,prefix,0,0,0,0,,,-163.20315551757812,-4.850265026092529,1.855473504974725e-05,8.039638071663963e-08,64
64,uniform,0,fp32,decay,22,22,0,0,42,43,0.0,0.007826303131878376,1.0145331970357052e-10,1.3298036089328504e-08,64
64,uniform,0,fp32,inverse,0,0,29,0,35,36,127.77424621582031,3.7513388994361558e+37,,,64
64,uniform,0,fp32,direct,246,246,0,0,946,,0.0,1.0,6.246752366600994e-06,9.874582430147605e-07,2080
64,uniform,0,fp32,factorized,770,770,28,407,665,,0.0,1.0,,,2080
64,uniform,0,fp32_bf16,prefix,0,0,0,0,,,-163.20315551757812,-4.850265026092529,1.855473504974725e-05,8.039638071663963e-08,64
64,uniform,0,fp32_bf16,decay,28,28,0,0,36,37,0.0,0.0078125,1.380323333169571e-05,0.0017633603508087094,64
64,uniform,0,fp32_bf16,inverse,0,0,29,0,35,36,128.0,3.7550690880923873e+37,,,64
64,uniform,0,fp32_bf16,direct,362,362,0,0,741,,0.0,1.0,0.0019055033295836132,0.00042645518708190185,2080
64,uniform,0,fp32_bf16,factorized,980,980,1,434,665,,0.0,1.0045166015625,,,2080
64,uniform,0,ftz_model_bf16,prefix,0,0,0,0,,,-163.2031707763672,-4.850265026092529,1.607667888947617e-05,7.055259831648258e-08,64
64,uniform,0,ftz_model_bf16,decay,29,29,0,0,35,36,0.0,0.0078125,1.380323333169571e-05,0.0017633603508087094,64
64,uniform,0,ftz_model_bf16,inverse,0,0,29,0,35,36,128.0,3.7550690880923873e+37,,,64
64,uniform,0,ftz_model_bf16,direct,421,421,0,0,666,,0.0,1.0,0.0019055033295836132,0.0004264551870819019,2080
64,uniform,0,ftz_model_bf16,factorized,1015,1015,0,435,630,,0.0,1.0045166015625,,,2080
16,mixed,0,fp64,prefix,0,0,0,0,,,-5.149999996647239,-0.009999999776482582,0.0,0.0,16
16,mixed,0,fp64,decay,0,0,0,0,,,0.005799404746286162,0.9900498339704614,0.0,0.0,16
16,mixed,0,fp64,inverse,0,0,0,0,,,1.0100501668584043,172.43148973873267,0.0,0.0,16
16,mixed,0,fp64,direct,0,0,0,0,,,0.00585768973166576,1.0,0.0,0.0,136
16,mixed,0,fp64,factorized,0,0,0,0,,,0.00585768973166576,1.0,2.220446049250313e-16,7.757928206222387e-17,136
16,mixed,0,fp32,prefix,0,0,0,0,,,-5.150003433227539,-0.009999999776482582,3.4365803003311157e-06,4.100350439126606e-07,16
16,mixed,0,fp32,decay,0,0,0,0,,,0.005799384787678719,0.9900498390197754,1.9958607443831822e-08,4.9040988783009345e-08,16
16,mixed,0,fp32,inverse,0,0,0,0,,,1.0100501775741577,172.4320831298828,0.0005933911501472267,2.1552548165455726e-06,16
16,mixed,0,fp32,direct,0,0,0,0,,,0.005857671145349741,1.0,2.7979794692267745e-06,1.3000607802919217e-06,136
16,mixed,0,fp32,factorized,0,0,0,0,,,0.005857669748365879,1.0,2.7979794692267745e-06,1.2867689263927938e-06,136
16,mixed,0,fp32_bf16,prefix,0,0,0,0,,,-5.150003433227539,-0.009999999776482582,3.4365803003311157e-06,4.100350439126606e-07,16
16,mixed,0,fp32_bf16,decay,0,0,0,0,,,0.00579833984375,0.98828125,0.0017685839704614237,0.0017860078966992687,16
16,mixed,0,fp32_bf16,inverse,0,0,0,0,,,1.0078125,172.0,0.4700148877838899,0.001823559952216889,16
16,mixed,0,fp32_bf16,direct,0,0,0,0,,,0.005859375,1.0,0.0018955744362042504,0.0012035245741071506,136
16,mixed,0,fp32_bf16,factorized,0,0,0,0,,,0.005843639373779297,1.0030517578125,0.004638671875,0.001993018845278213,136
16,mixed,0,ftz_model_bf16,prefix,0,0,0,0,,,-5.150002479553223,-0.009999999776482582,2.4829059839248657e-06,3.067362403983595e-07,16
16,mixed,0,ftz_model_bf16,decay,0,0,0,0,,,0.00579833984375,0.98828125,0.0017685839704614237,0.0017860078966992687,16
16,mixed,0,ftz_model_bf16,inverse,0,0,0,0,,,1.0078125,172.0,0.4700148877838899,0.001823559952216889,16
16,mixed,0,ftz_model_bf16,direct,0,0,0,0,,,0.005859375,1.0,0.0018955744362042504,0.0012035245741071506,136
16,mixed,0,ftz_model_bf16,factorized,0,0,0,0,,,0.005843639373779297,1.0030517578125,0.004638671875,0.001993018845278213,136
32,mixed,0,fp64,prefix,0,0,0,0,,,-25.26999999396503,-0.009999999776482582,0.0,0.0,32
32,mixed,0,fp64,decay,0,0,0,0,,,1.0601771628996213e-11,0.9900498339704614,0.0,0.0,32
32,mixed,0,fp64,inverse,0,0,0,0,,,1.0100501668584043,94323857841.35977,0.0,0.0,32
32,mixed,0,fp64,direct,0,0,0,0,,,1.0708321202862321e-11,1.0,0.0,0.0,528
32,mixed,0,fp64,factorized,0,0,0,0,,,1.0708321202862322e-11,1.0000000000000002,2.220446049250313e-16,7.84227099512949e-17,528
32,mixed,0,fp32,prefix,0,0,0,0,,,-25.27000617980957,-0.009999999776482582,6.185844540596008e-06,2.710420106670216e-07,32
32,mixed,0,fp32,decay,0,0,0,0,,,1.0601706144919287e-11,0.9900498390197754,1.9958607443831822e-08,4.904243654139663e-08,32
32,mixed,0,fp32,inverse,0,0,0,0,,,1.0100501775741577,94324441088.0,583246.6402282715,5.741268458309026e-06,32
32,mixed,0,fp32,direct,0,0,0,0,,,1.0708257197622473e-11,1.0,2.7979794692267745e-06,1.119491498325863e-06,528
32,mixed,0,fp32,factorized,0,0,0,0,,,1.0708255462898997e-11,1.0,2.7979794692267745e-06,1.1068459371845789e-06,528
32,mixed,0,fp32_bf16,prefix,0,0,0,0,,,-25.27000617980957,-0.009999999776482582,6.185844540596008e-06,2.710420106670216e-07,32
32,mixed,0,fp32_bf16,decay,0,0,0,0,,,1.0629719326971099e-11,0.98828125,0.0017685839704614237,0.001786007895839098,32
32,mixed,0,fp32_bf16,inverse,0,0,0,0,,,1.0078125,94489280512.0,268759341.4082031,0.001708294617953067,32
32,mixed,0,fp32_bf16,direct,0,0,0,0,,,1.0686562745831907e-11,1.0,0.0018955744362042504,0.0011843793071825068,528
32,mixed,0,fp32_bf16,factorized,0,0,0,0,,,1.071276400921306e-11,1.00439453125,0.005415061503882379,0.002058661985267202,528
32,mixed,0,ftz_model_bf16,prefix,0,0,0,0,,,-25.270004272460938,-0.009999999776482582,4.582107067108154e-06,1.9247354709045206e-07,32
32,mixed,0,ftz_model_bf16,decay,0,0,0,0,,,1.0629719326971099e-11,0.98828125,0.0017685839704614237,0.001786007895839098,32
32,mixed,0,ftz_model_bf16,inverse,0,0,0,0,,,1.0078125,94489280512.0,268111570.59179688,0.001705912453983508,32
32,mixed,0,ftz_model_bf16,direct,0,0,0,0,,,1.0686562745831907e-11,1.0,0.0018955744362042504,0.0011843793071825068,528
32,mixed,0,ftz_model_bf16,factorized,0,0,0,0,,,1.071276400921306e-11,1.00439453125,0.004856876869938298,0.0020920073500671527,528
64,mixed,0,fp64,prefix,0,0,0,0,,,-55.52999998815358,-0.009999999776482582,0.0,0.0,64
64,mixed,0,fp64,decay,0,0,0,0,,,7.64940094322899e-25,0.9900498339704614,0.0,0.0,64
64,mixed,0,fp64,inverse,0,0,0,0,,,1.0100501668584043,1.30729191399644e+24,0.0,0.0,64
64,mixed,0,fp64,direct,0,0,0,0,,,7.726278699075276e-25,1.0,0.0,0.0,2080
64,mixed,0,fp64,factorized,0,0,0,0,,,7.726278699075277e-25,1.0000000000000002,2.220446049250313e-16,7.912606235440016e-17,2080
64,mixed,0,fp32,prefix,0,0,0,0,,,-55.52996826171875,-0.009999999776482582,3.172643482685089e-05,3.4950234130247925e-07,64
64,mixed,0,fp32,decay,0,0,0,0,,,7.649643855534109e-25,0.9900498390197754,1.9958607443831822e-08,4.904243654139663e-08,64
64,mixed,0,fp32,inverse,0,0,0,0,,,1.0100501775741577,1.307250424292015e+24,4.148970442513292e+19,2.927996711536426e-05,64
64,mixed,0,fp32,direct,0,0,0,0,,,7.72651095517691e-25,1.0,1.2376060909091713e-05,2.8189453774185164e-06,2080
64,mixed,0,fp32,factorized,0,0,0,0,,,7.726524267204686e-25,1.0000001192092896,1.2435665553867103e-05,2.8316608389205672e-06,2080
64,mixed,0,fp32_bf16,prefix,0,0,0,0,,,-55.52996826171875,-0.009999999776482582,3.172643482685089e-05,3.4950234130247925e-07,64
64,mixed,0,fp32_bf16,decay,0,0,0,0,,,7.6578830146510765e-25,0.98828125,0.0017685839704614237,0.001786007895839098,64
64,mixed,0,fp32_bf16,inverse,0,0,0,0,,,1.0078125,1.303373149272022e+24,3.9187647244179593e+21,0.0022744259363747664,64
64,mixed,0,fp32_bf16,direct,0,0,0,0,,,7.722506500006782e-25,1.0,0.0018955744362042504,0.001180274539330479,2080
64,mixed,0,fp32_bf16,factorized,0,0,0,0,,,7.717710225703038e-25,1.00439453125,0.005415061503882379,0.0021634605082747195,2080
64,mixed,0,ftz_model_bf16,prefix,0,0,0,0,,,-55.53001022338867,-0.009999999776482582,1.1913478374481201e-05,1.504057164217092e-07,64
64,mixed,0,ftz_model_bf16,decay,0,0,0,0,,,7.6578830146510765e-25,0.98828125,0.0017685839704614237,0.001786007895839098,64
64,mixed,0,ftz_model_bf16,inverse,0,0,0,0,,,1.0078125,1.303373149272022e+24,3.9187647244179593e+21,0.0022744259363747664,64
64,mixed,0,ftz_model_bf16,direct,0,0,0,0,,,7.722506500006782e-25,1.0,0.0018955744362042504,0.001180274539330479,2080
64,mixed,0,ftz_model_bf16,factorized,0,0,0,0,,,7.717710225703038e-25,1.00439453125,0.004856876869938298,0.0021552859192995395,2080
16,uniform,1,fp64,prefix,0,0,0,0,,,-28.790379734781563,-0.30526637359811815,0.0,0.0,16
16,uniform,1,fp64,decay,0,0,0,0,,,3.1368730950202116e-13,0.7369270503350676,0.0,0.0,16
16,uniform,1,fp64,inverse,0,0,0,0,,,1.3569864202234372,3187887969033.56,0.0,0.0,16
16,uniform,1,fp64,direct,0,0,0,0,,,4.256694191906695e-13,1.0,0.0,0.0,136
16,uniform,1,fp64,factorized,0,0,0,0,,,4.2566941919066907e-13,1.0,1.1102230246251565e-16,6.655001959247499e-17,136
16,uniform,1,fp32,prefix,0,0,0,0,,,-28.790380477905273,-0.3052663803100586,7.431237101229726e-07,1.8751743325075723e-08,16
16,uniform,1,fp32,decay,0,0,0,0,,,3.136870646049117e-13,0.7369270324707031,1.7864364432185198e-08,2.616850587647198e-08,16
16,uniform,1,fp32,inverse,0,0,0,0,,,1.356986403465271,3187890454528.0,2485494.4399414062,6.519182562861504e-07,16
16,uniform,1,fp32,direct,0,0,0,0,,,4.2566869625469683e-13,1.0,3.5887870952766576e-07,1.1776241620120143e-07,136
16,uniform,1,fp32,factorized,0,0,0,0,,,4.256690757254572e-13,1.0000001192092896,4.184833543030564e-07,1.341804220810606e-07,136
16,uniform,1,fp32_bf16,prefix,0,0,0,0,,,-28.790380477905273,-0.3052663803100586,7.431237101229726e-07,1.8751743325075723e-08,16
16,uniform,1,fp32_bf16,decay,0,0,0,0,,,3.1441516057384433e-13,0.73828125,0.0013541996649324428,0.0018391816871234942,16
16,uniform,1,fp32_bf16,inverse,0,0,0,0,,,1.359375,3195455668224.0,7567699190.439941,0.002211088362488579,16
16,uniform,1,fp32_bf16,direct,0,0,0,0,,,4.263256414560601e-13,1.0,0.001557567576187413,0.000572206287120124,136
16,uniform,1,fp32_bf16,factorized,0,0,0,0,,,4.2740810890506964e-13,1.00469970703125,0.00469970703125,0.002966171089924965,136
16,uniform,1,ftz_model_bf16,prefix,0,0,0,0,,,-28.79038429260254,-0.3052663803100586,4.557820975747973e-06,1.0735504716757134e-07,16
16,uniform,1,ftz_model_bf16,decay,0,0,0,0,,,3.1441516057384433e-13,0.73828125,0.0013541996649324428,0.0018391816871234942,16
16,uniform,1,ftz_model_bf16,inverse,0,0,0,0,,,1.359375,3195455668224.0,7567699190.439941,0.002211088362488579,16
16,uniform,1,ftz_model_bf16,direct,0,0,0,0,,,4.263256414560601e-13,1.0,0.001557567576187413,0.000572206287120124,136
16,uniform,1,ftz_model_bf16,factorized,0,0,0,0,,,4.2740810890506964e-13,1.00469970703125,0.00469970703125,0.002966171089924965,136
32,uniform,1,fp64,prefix,0,0,0,0,,,-78.79413369828333,-0.30526637359811815,0.0,0.0,32
32,uniform,1,fp64,decay,0,0,0,0,,,6.027573689260372e-35,0.7369270503350676,0.0,0.0,32
32,uniform,1,fp64,inverse,0,0,0,0,,,1.3569864202234372,1.6590423469757819e+34,0.0,0.0,32
32,uniform,1,fp64,direct,0,0,0,0,,,8.179335643222388e-35,1.0,0.0,0.0,528
32,uniform,1,fp64,factorized,0,0,0,0,,,8.179335643222409e-35,1.0,1.1102230246251565e-16,6.034721452587942e-17,528
32,uniform,1,fp32,prefix,0,0,0,0,,,-78.79414367675781,-0.3052663803100586,1.110298546791455e-05,8.591109598426448e-08,32
32,uniform,1,fp32,decay,0,0,0,0,,,6.027513735678066e-35,0.7369270324707031,1.7864364432185198e-08,2.616850587647198e-08,32
32,uniform,1,fp32,inverse,0,0,0,0,,,1.356986403465271,1.659058891823367e+34,1.6544847585139687e+29,9.988150791805425e-06,32
32,uniform,1,fp32,direct,0,0,0,0,,,8.179261884576773e-35,1.0,7.695901387827497e-07,1.859630865573918e-07,528
32,uniform,1,fp32,factorized,0,0,0,0,,,8.17925442294271e-35,1.0000001192092896,7.695901387827497e-07,1.9327152013827193e-07,528
32,uniform,1,fp32_bf16,prefix,0,0,0,0,,,-78.79414367675781,-0.3052663803100586,1.110298546791455e-05,8.591109598426448e-08,32
32,uniform,1,fp32_bf16,decay,0,0,0,0,,,6.018531076210112e-35,0.73828125,0.0013541996649324428,0.0018391816871234942,32
32,uniform,1,fp32_bf16,inverse,0,0,0,0,,,1.359375,1.6550446236579763e+34,3.997723317805563e+31,0.0023937052367702574,32
32,uniform,1,fp32_bf16,direct,0,0,0,0,,,8.162632772109964e-35,1.0,0.001557567576187413,0.00047534466779246027,528
32,uniform,1,fp32_bf16,factorized,0,0,0,0,,,8.181440681723121e-35,1.00469970703125,0.00469970703125,0.002727950611248313,528
32,uniform,1,ftz_model_bf16,prefix,0,0,0,0,,,-78.79415130615234,-0.3052663803100586,1.7607869011726507e-05,1.7639067781534645e-07,32
32,uniform,1,ftz_model_bf16,decay,0,0,0,0,,,6.018531076210112e-35,0.73828125,0.0013541996649324428,0.0018391816871234942,32
32,uniform,1,ftz_model_bf16,inverse,0,0,0,0,,,1.359375,1.6550446236579763e+34,3.997723317805563e+31,0.0023937052367702574,32
32,uniform,1,ftz_model_bf16,direct,0,0,0,0,,,8.162632772109964e-35,1.0,0.001557567576187413,0.00047534466779246027,528
32,uniform,1,ftz_model_bf16,factorized,0,0,0,0,,,8.181440681723121e-35,1.00469970703125,0.00469970703125,0.002727950611248313,528
64,uniform,1,fp64,prefix,0,0,0,0,,,-158.68204990237183,-0.30526637359811815,0.0,0.0,64
64,uniform,1,fp64,decay,0,0,0,0,,,1.2169180989139153e-69,0.7369270503350676,0.0,0.0,64
64,uniform,1,fp64,inverse,0,0,0,0,,,1.3569864202234372,8.217479885396461e+68,0.0,0.0,64
64,uniform,1,fp64,direct,0,0,0,0,,,1.6513413347503239e-69,1.0,0.0,0.0,2080
64,uniform,1,fp64,factorized,0,0,0,0,,,1.6513413347503046e-69,1.0000000000000002,2.220446049250313e-16,6.573056494536879e-17,2080
64,uniform,1,fp32,prefix,0,0,0,0,,,-158.6820526123047,-0.3052663803100586,1.7295672051886868e-05,7.278292636605698e-08,64
64,uniform,1,fp32,decay,23,23,0,0,41,42,0.0,0.7369270324707031,1.7864364432185198e-08,2.616850587647198e-08,64
64,uniform,1,fp32,inverse,0,0,30,0,34,35,1.356986403465271,7.388095875238162e+37,,,64
64,uniform,1,fp32,direct,307,307,0,0,861,,0.0,1.0,2.1208583053100583e-06,6.009254514123626e-07,2080
64,uniform,1,fp32,factorized,782,782,28,437,629,,0.0,1.0000001192092896,,,2080
64,uniform,1,fp32_bf16,prefix,0,0,0,0,,,-158.6820526123047,-0.3052663803100586,1.7295672051886868e-05,7.278292636605698e-08,64
64,uniform,1,fp32_bf16,decay,29,29,0,0,35,36,0.0,0.73828125,0.0013541996649324428,0.0018391816871234942,64
64,uniform,1,fp32_bf16,inverse,0,0,30,0,34,35,1.359375,7.377215376606283e+37,,,64
64,uniform,1,fp32_bf16,direct,432,432,0,0,666,,0.0,1.0,0.001557567576187413,0.00046044527070746564,2080
64,uniform,1,fp32_bf16,factorized,986,986,1,464,629,,0.0,1.00469970703125,,,2080
64,uniform,1,ftz_model_bf16,prefix,0,0,0,0,,,-158.68203735351562,-0.3052663803100586,1.7607869011726507e-05,1.0047347527726923e-07,64
64,uniform,1,ftz_model_bf16,decay,30,30,0,0,34,35,0.0,0.73828125,0.0013541996649324428,0.0018391816871234942,64
64,uniform,1,ftz_model_bf16,inverse,0,0,30,0,34,35,1.359375,7.377215376606283e+37,,,64
64,uniform,1,ftz_model_bf16,direct,497,497,0,0,595,,0.0,1.0,0.001557567576187413,0.00046044527070746564,2080
64,uniform,1,ftz_model_bf16,factorized,1020,1020,0,465,595,,0.0,1.00469970703125,,,2080
16,mixed,1,fp64,prefix,0,0,0,0,,,-5.149999996647239,-0.009999999776482582,0.0,0.0,16
16,mixed,1,fp64,decay,0,0,0,0,,,0.005799404746286162,0.9900498339704614,0.0,0.0,16
16,mixed,1,fp64,inverse,0,0,0,0,,,1.0100501668584043,172.43148973873267,0.0,0.0,16
16,mixed,1,fp64,direct,0,0,0,0,,,0.00585768973166576,1.0,0.0,0.0,136
16,mixed,1,fp64,factorized,0,0,0,0,,,0.00585768973166576,1.0000000000000002,2.220446049250313e-16,8.031083652497974e-17,136
16,mixed,1,fp32,prefix,0,0,0,0,,,-5.150001049041748,-0.009999999776482582,1.0523945093154907e-06,1.319143051308854e-07,16
16,mixed,1,fp32,decay,0,0,0,0,,,0.005799398757517338,0.9900498390197754,2.7531234514377445e-08,1.6875401307465478e-08,16
16,mixed,1,fp32,inverse,0,0,0,0,,,1.0100501775741577,172.43167114257812,0.00018140384545972665,6.867698079393078e-07,16
16,mixed,1,fp32,direct,0,0,0,0,,,0.00585768511518836,1.0,8.920186296279553e-07,1.8457901988670976e-07,136
16,mixed,1,fp32,factorized,0,0,0,0,,,0.005857683718204498,1.0000001192092896,8.324139848525647e-07,1.7504525184927536e-07,136
16,mixed,1,fp32_bf16,prefix,0,0,0,0,,,-5.150001049041748,-0.009999999776482582,1.0523945093154907e-06,1.319143051308854e-07,16
16,mixed,1,fp32_bf16,decay,0,0,0,0,,,0.00579833984375,0.98828125,0.0018955744362042504,0.0012995679581355674,16
16,mixed,1,fp32_bf16,inverse,0,0,0,0,,,1.0078125,172.0,0.4314897387326653,0.0018488136941413745,16
16,mixed,1,fp32_bf16,direct,0,0,0,0,,,0.005859375,1.0,0.0018955744362042504,0.001189740040796319,136
16,mixed,1,fp32_bf16,factorized,0,0,0,0,,,0.005843639373779297,1.0052490234375,0.0052490234375,0.0024682779037806914,136
16,mixed,1,ftz_model_bf16,prefix,0,0,0,0,,,-5.150001049041748,-0.009999999776482582,1.0523945093154907e-06,1.3191440503035693e-07,16
16,mixed,1,ftz_model_bf16,decay,0,0,0,0,,,0.00579833984375,0.98828125,0.0018955744362042504,0.0012995679581355674,16
16,mixed,1,ftz_model_bf16,inverse,0,0,0,0,,,1.0078125,172.0,0.4314897387326653,0.0018488136941413745,16
16,mixed,1,ftz_model_bf16,direct,0,0,0,0,,,0.005859375,1.0,0.0018955744362042504,0.001189740040796319,136
16,mixed,1,ftz_model_bf16,factorized,0,0,0,0,,,0.005843639373779297,1.0052490234375,0.0052490234375,0.0024682779037806914,136
32,mixed,1,fp64,prefix,0,0,0,0,,,-10.299999993294477,-0.009999999776482582,0.0,0.0,32
32,mixed,1,fp64,decay,0,0,0,0,,,3.363309541124647e-05,0.9900498339704614,0.0,0.0,32
32,mixed,1,fp64,inverse,0,0,0,0,,,1.0100501668584043,29732.618653518668,0.0,0.0,32
32,mixed,1,fp64,direct,0,0,0,0,,,3.397111363209413e-05,1.0,0.0,0.0,528
32,mixed,1,fp64,factorized,0,0,0,0,,,3.397111363209413e-05,1.0000000000000002,2.220446049250313e-16,8.29358977499253e-17,528
32,mixed,1,fp32,prefix,0,0,0,0,,,-10.300004959106445,-0.009999999776482582,4.9658119678497314e-06,4.1311132256837753e-07,32
32,mixed,1,fp32,decay,0,0,0,0,,,3.3632928534643725e-05,0.9900498390197754,2.7531234514377445e-08,2.1419637189363125e-08,32
32,mixed,1,fp32,inverse,0,0,0,0,,,1.0100501775741577,29732.765625,0.14697148133200244,4.4195553423453624e-06,32
32,mixed,1,fp32,direct,0,0,0,0,,,3.397095133550465e-05,1.0,2.7979794692267745e-06,1.001464944320536e-06,528
32,mixed,1,fp32,factorized,0,0,0,0,,,3.397094405954704e-05,1.0000001192092896,2.7979794692267745e-06,9.991249147829374e-07,528
32,mixed,1,fp32_bf16,prefix,0,0,0,0,,,-10.300004959106445,-0.009999999776482582,4.9658119678497314e-06,4.1311132256837753e-07,32
32,mixed,1,fp32_bf16,decay,0,0,0,0,,,3.361701965332031e-05,0.98828125,0.0018955744362042504,0.0012995779347082107,32
32,mixed,1,fp32_bf16,inverse,0,0,0,0,,,1.0078125,29696.0,53.88699235628883,0.0011272454123922822,32
32,mixed,1,fp32_bf16,direct,0,0,0,0,,,3.3855438232421875e-05,1.0,0.0018955744362042504,0.001204269133023991,528
32,mixed,1,fp32_bf16,factorized,0,0,0,0,,,3.387965261936188e-05,1.0052490234375,0.0052490234375,0.00237988932443581,528
32,mixed,1,ftz_model_bf16,prefix,0,0,0,0,,,-10.300004005432129,-0.009999999776482582,4.0121376514434814e-06,3.2199682492102447e-07,32
32,mixed,1,ftz_model_bf16,decay,0,0,0,0,,,3.361701965332031e-05,0.98828125,0.0018955744362042504,0.0012995779347082107,32
32,mixed,1,ftz_model_bf16,inverse,0,0,0,0,,,1.0078125,29696.0,53.88699235628883,0.0011272454123922822,32
32,mixed,1,ftz_model_bf16,direct,0,0,0,0,,,3.3855438232421875e-05,1.0,0.0018955744362042504,0.001204269133023991,528
32,mixed,1,ftz_model_bf16,factorized,0,0,0,0,,,3.387965261936188e-05,1.0052490234375,0.0052490234375,0.00237988932443581,528
64,mixed,1,fp64,prefix,0,0,0,0,,,-20.599999986588955,-0.009999999776482582,0.0,0.0,64
64,mixed,1,fp64,decay,0,0,0,0,,,1.1311851069420084e-09,0.9900498339704614,0.0,0.0,64
64,mixed,1,fp64,inverse,0,0,0,0,,,1.0100501668584043,884028611.9955662,0.0,0.0,64
64,mixed,1,fp64,direct,0,0,0,0,,,1.1425537060145176e-09,1.0,0.0,0.0,2080
64,mixed,1,fp64,factorized,0,0,0,0,,,1.1425537060145176e-09,1.0000000000000002,2.220446049250313e-16,8.570819157457286e-17,2080
64,mixed,1,fp32,prefix,0,0,0,0,,,-20.600011825561523,-0.009999999776482582,1.1838972568511963e-05,6.225955180887826e-07,64
64,mixed,1,fp32,decay,0,0,0,0,,,1.1311717118545062e-09,0.9900498390197754,2.7531234514377445e-08,2.1422356315711407e-08,64
64,mixed,1,fp32,inverse,0,0,0,0,,,1.0100501775741577,884039104.0,10492.004433751106,1.1288087329937775e-05,64
64,mixed,1,fp32,direct,0,0,0,0,,,1.1425403956266678e-09,1.0,4.693493386276337e-06,1.9785017173971885e-06,2080
64,mixed,1,fp32,factorized,0,0,0,0,,,1.1425401735820628e-09,1.0000001192092896,4.693493386276337e-06,1.9815355683122704e-06,2080
64,mixed,1,fp32_bf16,prefix,0,0,0,0,,,-20.600011825561523,-0.009999999776482582,1.1838972568511963e-05,6.225955180887826e-07,64
64,mixed,1,fp32_bf16,decay,0,0,0,0,,,1.127773430198431e-09,0.98828125,0.0018955744362042504,0.0012995779356282447,64
64,mixed,1,fp32_bf16,inverse,0,0,0,0,,,1.0078125,884998144.0,2078356.9267812967,0.0020071670342403946,64
64,mixed,1,fp32_bf16,direct,0,0,0,0,,,1.1423253454267979e-09,1.0,0.0019157502250392033,0.0012547597388496568,2080
64,mixed,1,fp32_bf16,factorized,0,0,0,0,,,1.1365841601218563e-09,1.0052490234375,0.0052490234375,0.0022613934759889535,2080
64,mixed,1,ftz_model_bf16,prefix,0,0,0,0,,,-20.600008010864258,-0.009999999776482582,8.024275302886963e-06,4.4053295583091017e-07,64
64,mixed,1,ftz_model_bf16,decay,0,0,0,0,,,1.127773430198431e-09,0.98828125,0.0018955744362042504,0.0012995779356282447,64
64,mixed,1,ftz_model_bf16,inverse,0,0,0,0,,,1.0078125,884998144.0,2078356.9267812967,0.0020071670342403946,64
64,mixed,1,ftz_model_bf16,direct,0,0,0,0,,,1.1423253454267979e-09,1.0,0.0019157502250392033,0.0012547597388496568,2080
64,mixed,1,ftz_model_bf16,factorized,0,0,0,0,,,1.1365841601218563e-09,1.0052490234375,0.0052490234375,0.0022613934759889535,2080
16,uniform,2,fp64,prefix,0,0,0,0,,,-42.684379877223535,-4.587803328232959,0.0,0.0,16
16,uniform,2,fp64,decay,0,0,0,0,,,2.9000758437373785e-19,0.010175185384292575,0.0,0.0,16
16,uniform,2,fp64,inverse,0,0,0,0,,,98.27830768997084,3.4481856816243896e+18,0.0,0.0,16
16,uniform,2,fp64,direct,0,0,0,0,,,2.8501454609507366e-17,1.0,0.0,0.0,136
16,uniform,2,fp64,factorized,0,0,0,0,,,2.850145460950739e-17,1.0,1.1102230246251565e-16,4.6892451793798965e-17,136
16,uniform,2,fp32,prefix,0,0,0,0,,,-42.68437957763672,-4.587803363800049,2.067465153743342e-06,3.3817705164433064e-08,16
16,uniform,2,fp32,decay,0,0,0,0,,,2.9000766160471326e-19,0.010175185278058052,1.1127127092988576e-09,9.364871680230352e-08,16
16,uniform,2,fp32,inverse,0,0,0,0,,,98.27831268310547,3.4481847380601733e+18,1145918067136.0,4.250821683318801e-07,16
16,uniform,2,fp32,direct,0,0,0,0,,,2.850145099141288e-17,1.0,4.1034914088911023e-07,1.3644892730492202e-07,136
16,uniform,2,fp32,factorized,0,0,0,0,,,2.850146422630268e-17,1.0,3.507444961137196e-07,1.2304930274472719e-07,136
16,uniform,2,fp32_bf16,prefix,0,0,0,0,,,-42.68437957763672,-4.587803363800049,2.067465153743342e-06,3.3817705164433064e-08,16
16,uniform,2,fp32_bf16,decay,0,0,0,0,,,2.896852679609707e-19,0.01019287109375,1.7685709457425022e-05,0.0017598805199120018,16
16,uniform,2,fp32_bf16,inverse,0,0,0,0,,,98.5,3.440750115311059e+18,7435566313330688.0,0.0021321416858157962,16
16,uniform,2,fp32_bf16,direct,0,0,0,0,,,2.8406096919120216e-17,1.0,0.0012292304999460546,0.000425478035650047,136
16,uniform,2,fp32_bf16,factorized,0,0,0,0,,,2.8533998894155616e-17,1.003997802734375,0.005126953125,0.0023354471630442396,136
16,uniform,2,ftz_model_bf16,prefix,0,0,0,0,,,-42.684383392333984,-4.587803363800049,3.5151104498254426e-06,7.346170308214905e-08,16
16,uniform,2,ftz_model_bf16,decay,0,0,0,0,,,2.896852679609707e-19,0.01019287109375,1.7685709457425022e-05,0.0017598805199120018,16
16,uniform,2,ftz_model_bf16,inverse,0,0,0,0,,,98.5,3.440750115311059e+18,7435566313330688.0,0.0021321416858157962,16
16,uniform,2,ftz_model_bf16,direct,0,0,0,0,,,2.8406096919120216e-17,1.0,0.0012292304999460546,0.000425478035650047,136
16,uniform,2,ftz_model_bf16,factorized,0,0,0,0,,,2.8533998894155616e-17,1.003997802734375,0.005126953125,0.0023354471630442396,136
32,uniform,2,fp64,prefix,0,0,0,0,,,-78.86696133435514,-4.587803328232959,0.0,0.0,32
32,uniform,2,fp64,decay,0,0,0,0,,,5.60420338384394e-35,0.010175185384292575,0.0,0.0,32
32,uniform,2,fp64,inverse,0,0,0,0,,,98.27830768997084,1.7843749262970127e+34,0.0,0.0,32
32,uniform,2,fp64,direct,0,0,0,0,,,5.50771624514594e-33,1.0,0.0,0.0,528
32,uniform,2,fp64,factorized,0,0,0,0,,,5.507716245145905e-33,1.0,1.1102230246251565e-16,5.4218999544221836e-17,528
32,uniform,2,fp32,prefix,0,0,0,0,,,-78.8669662475586,-4.587803363800049,1.0513101571518746e-05,9.38367469878477e-08,32
32,uniform,2,fp32,decay,0,0,0,0,,,5.604175631235617e-35,0.010175185278058052,1.1127127092988576e-09,9.364871680230352e-08,32
32,uniform,2,fp32,inverse,0,0,0,0,,,98.27831268310547,1.7843837324044853e+34,8.8061074726611e+28,4.986712751878491e-06,32
32,uniform,2,fp32,direct,0,0,0,0,,,5.507707883774794e-33,1.0,3.211661740665228e-06,7.913142602858663e-07,528
32,uniform,2,fp32,factorized,0,0,0,0,,,5.507689149333578e-33,1.0,3.211661740665228e-06,7.962658752111033e-07,528
32,uniform,2,fp32_bf16,prefix,0,0,0,0,,,-78.8669662475586,-4.587803363800049,1.0513101571518746e-05,9.38367469878477e-08,32
32,uniform,2,fp32_bf16,decay,0,0,0,0,,,5.604757064720667e-35,0.01019287109375,1.7685709457425022e-05,0.0017598805199120018,32
32,uniform,2,fp32_bf16,inverse,0,0,0,0,,,98.5,1.784852045121347e+34,1.1471201449396913e+31,0.0006456125524211135,32
32,uniform,2,fp32_bf16,direct,0,0,0,0,,,5.5129744658084626e-33,1.0,0.0012292304999460546,0.0004886052574157784,528
32,uniform,2,fp32_bf16,factorized,0,0,0,0,,,5.520685708749857e-33,1.0040283203125,0.005126953125,0.0021503951035387915,528
32,uniform,2,ftz_model_bf16,prefix,0,0,0,0,,,-78.86695098876953,-4.587803363800049,1.0345585607751673e-05,7.220509217727603e-08,32
32,uniform,2,ftz_model_bf16,decay,0,0,0,0,,,5.604757064720667e-35,0.01019287109375,1.7685709457425022e-05,0.0017598805199120018,32
32,uniform,2,ftz_model_bf16,inverse,0,0,0,0,,,98.5,1.784852045121347e+34,1.1471201449396913e+31,0.0006456125524211135,32
32,uniform,2,ftz_model_bf16,direct,0,0,0,0,,,5.5129744658084626e-33,1.0,0.0012292304999460546,0.0004886052574157784,528
32,uniform,2,ftz_model_bf16,factorized,0,0,0,0,,,5.520685708749857e-33,1.0040283203125,0.005126953125,0.0021503951035387915,528
64,uniform,2,fp64,prefix,0,0,0,0,,,-156.05153001044133,-4.587803328232959,0.0,0.0,64
64,uniform,2,fp64,decay,0,0,0,0,,,1.689202143724758e-68,0.010175185384292575,0.0,0.0,64
64,uniform,2,fp64,inverse,0,0,0,0,,,98.27830768997084,5.919954599364645e+67,0.0,0.0,64
64,uniform,2,fp64,direct,0,0,0,0,,,1.660119280315388e-66,1.0,0.0,0.0,2080
64,uniform,2,fp64,factorized,0,0,0,0,,,1.6601192803154013e-66,1.0000000000000002,2.220446049250313e-16,7.338226201619022e-17,2080
64,uniform,2,fp32,prefix,0,0,0,0,,,-156.0515594482422,-4.587803363800049,3.7165746846312686e-05,1.6132960485190344e-07,64
64,uniform,2,fp32,decay,21,21,0,0,43,44,0.0,0.010175185278058052,1.1127127092988576e-09,9.364871680230352e-08,64
64,uniform,2,fp32,inverse,0,0,28,0,36,37,98.27831268310547,3.2330067609136586e+38,,,64
64,uniform,2,fp32,direct,192,192,0,0,990,,0.0,1.0,5.097176386636981e-06,8.799496143282015e-07,2080
64,uniform,2,fp32,factorized,756,756,28,378,702,,0.0,1.0000001192092896,,,2080
64,uniform,2,fp32_bf16,prefix,0,0,0,0,,,-156.0515594482422,-4.587803363800049,3.7165746846312686e-05,1.6132960485190344e-07,64
64,uniform,2,fp32_bf16,decay,27,27,0,0,37,38,0.0,0.01019287109375,1.7685709457425022e-05,0.0017598805199120018,64
64,uniform,2,fp32_bf16,inverse,0,0,28,0,36,37,98.5,3.2300240297573456e+38,,,64
64,uniform,2,fp32_bf16,direct,287,287,0,0,820,,0.0,1.0,0.0014760407430579603,0.0004336328583408182,2080
64,uniform,2,fp32_bf16,factorized,972,972,1,405,702,,0.0,1.008544921875,,,2080
64,uniform,2,ftz_model_bf16,prefix,0,0,0,0,,,-156.051513671875,-4.587803363800049,2.5279454945348334e-05,1.354971176806991e-07,64
64,uniform,2,ftz_model_bf16,decay,29,29,0,0,35,36,0.0,0.01019287109375,1.7685709457425022e-05,0.0017598805199120018,64
64,uniform,2,ftz_model_bf16,inverse,0,0,28,0,36,37,98.5,3.2300240297573456e+38,,,64
64,uniform,2,ftz_model_bf16,direct,342,342,0,0,703,,0.0,1.0,0.0014760407430579603,0.00043363289415447,2080
64,uniform,2,ftz_model_bf16,factorized,1044,1044,0,406,630,,0.0,1.0040283203125,,,2080
16,mixed,2,fp64,prefix,0,0,0,0,,,-25.10999999754131,-5.0,0.0,0.0,16
16,mixed,2,fp64,decay,0,0,0,0,,,1.2441294213906073e-11,0.006737946999085467,0.0,0.0,16
16,mixed,2,fp64,inverse,0,0,0,0,,,148.4131591025766,80377489898.2989,0.0,0.0,16
16,mixed,2,fp64,direct,0,0,0,0,,,1.8464517776104078e-09,1.0,0.0,0.0,136
16,mixed,2,fp64,factorized,0,0,0,0,,,1.8464517776104076e-09,1.0000000000000002,2.220446049250313e-16,9.023255143487177e-17,136
16,mixed,2,fp32,prefix,0,0,0,0,,,-25.110002517700195,-5.0,2.520158886909485e-06,7.987995575656331e-08,16
16,mixed,2,fp32,decay,0,0,0,0,,,1.2441262429996325e-11,0.0067379469983279705,3.112192496307299e-11,5.691356147323861e-09,16
16,mixed,2,fp32,inverse,0,0,0,0,,,148.4131622314453,80377692160.0,202261.70109558105,2.1736011408019316e-06,16
16,mixed,2,fp32,direct,0,0,0,0,,,1.8464471063239785e-09,1.0,6.761250543885211e-07,3.109223712280391e-07,136
16,mixed,2,fp32,factorized,0,0,0,0,,,1.8464471063239785e-09,1.0000001192092896,7.357296991639117e-07,3.192143427771743e-07,136
16,mixed,2,fp32_bf16,prefix,0,0,0,0,,,-25.110002517700195,-5.0,2.520158886909485e-06,7.987995575656331e-08,16
16,mixed,2,fp32_bf16,decay,0,0,0,0,,,1.2448708730516955e-11,0.006744384765625,6.437766539532999e-06,0.0009557361569880549,16
16,mixed,2,fp32_bf16,inverse,0,0,0,0,,,148.0,80530636800.0,155693881.94889832,0.0017889424074579538,16
16,mixed,2,fp32_bf16,direct,0,0,0,0,,,1.8480932340025902e-09,1.0,0.0017685839704614237,0.001094737628831243,136
16,mixed,2,fp32_bf16,factorized,0,0,0,0,,,1.8424088921165094e-09,1.00439453125,0.00439453125,0.002389970458283161,136
16,mixed,2,ftz_model_bf16,prefix,0,0,0,0,,,-25.110000610351562,-5.0,2.3283064365386963e-06,8.644943355046111e-08,16
16,mixed,2,ftz_model_bf16,decay,0,0,0,0,,,1.2448708730516955e-11,0.006744384765625,6.437766539532999e-06,0.0009557361569880549,16
16,mixed,2,ftz_model_bf16,inverse,0,0,0,0,,,148.0,80530636800.0,155693881.94889832,0.0017889424074579538,16
16,mixed,2,ftz_model_bf16,direct,0,0,0,0,,,1.8480932340025902e-09,1.0,0.0017685839704614237,0.001094737628831243,136
16,mixed,2,ftz_model_bf16,factorized,0,0,0,0,,,1.8424088921165094e-09,1.00439453125,0.00439453125,0.002389970458283161,136
32,mixed,2,fp64,prefix,0,0,0,0,,,-40.23999999463558,-5.0,0.0,0.0,32
32,mixed,2,fp64,decay,0,0,0,0,,,3.3418738388202213e-18,0.006737946999085467,0.0,0.0,32
32,mixed,2,fp64,inverse,0,0,0,0,,,148.4131591025766,2.9923331885952614e+17,0.0,0.0,32
32,mixed,2,fp64,direct,0,0,0,0,,,4.959780537415639e-16,1.0,0.0,0.0,528
32,mixed,2,fp64,factorized,0,0,0,0,,,4.959780537415639e-16,1.0000000000000002,2.220446049250313e-16,8.466304593182687e-17,528
32,mixed,2,fp32,prefix,0,0,0,0,,,-40.239994049072266,-5.0,5.945563316345215e-06,9.449276899418603e-08,32
32,mixed,2,fp32,decay,0,0,0,0,,,3.341893633546406e-18,0.0067379469983279705,3.112192496307299e-11,5.691356147328615e-09,32
32,mixed,2,fp32,inverse,0,0,0,0,,,148.4131622314453,2.992315397434245e+17,1779116101632.0,3.5552799822314696e-06,32
32,mixed,2,fp32,direct,0,0,0,0,,,4.959809892977028e-16,1.0,6.4393526777450916e-06,1.3590493313477862e-06,528
32,mixed,2,fp32,factorized,0,0,0,0,,,4.959809892977028e-16,1.0000001192092896,6.4393526777450916e-06,1.3574841311386077e-06,528
32,mixed,2,fp32_bf16,prefix,0,0,0,0,,,-40.239994049072266,-5.0,5.945563316345215e-06,9.449276899418603e-08,32
32,mixed,2,fp32_bf16,decay,0,0,0,0,,,3.347474207548995e-18,0.006744384765625,6.437766539532999e-06,0.0009557361569880549,32
32,mixed,2,fp32_bf16,inverse,0,0,0,0,,,148.0,2.99489375220138e+17,981677751148736.0,0.0018819090742413012,32
32,mixed,2,fp32_bf16,direct,0,0,0,0,,,4.961309141293668e-16,1.0,0.0018955744362042504,0.001131861171453384,528
32,mixed,2,fp32_bf16,factorized,0,0,0,0,,,4.954261827172513e-16,1.00439453125,0.004945283217038576,0.0022268540426171757,528
32,mixed,2,ftz_model_bf16,prefix,0,0,0,0,,,-40.2400016784668,-5.0,3.3620744943618774e-06,6.11317698090334e-08,32
32,mixed,2,ftz_model_bf16,decay,0,0,0,0,,,3.347474207548995e-18,0.006744384765625,6.437766539532999e-06,0.0009557361569880549,32
32,mixed,2,ftz_model_bf16,inverse,0,0,0,0,,,148.0,2.99489375220138e+17,981677751148736.0,0.0018819090742413012,32
32,mixed,2,ftz_model_bf16,direct,0,0,0,0,,,4.961309141293668e-16,1.0,0.0018955744362042504,0.001131861171453384,528
32,mixed,2,ftz_model_bf16,factorized,0,0,0,0,,,4.954261827172513e-16,1.00439453125,0.004945283217038576,0.0022268540426171757,528
64,mixed,2,fp64,prefix,0,0,0,0,,,-65.50999998860061,-5.0,0.0,0.0,64
64,mixed,2,fp64,decay,0,0,0,0,,,3.5429783252088884e-29,0.006737946999085467,0.0,0.0,64
64,mixed,2,fp64,inverse,0,0,0,0,,,148.4131591025766,2.8224841029504223e+28,0.0,0.0,64
64,mixed,2,fp64,direct,0,0,0,0,,,5.258246058762072e-27,1.0,0.0,0.0,2080
64,mixed,2,fp64,factorized,0,0,0,0,,,5.258246058762071e-27,1.0000000000000002,2.220446049250313e-16,7.973509340983988e-17,2080
64,mixed,2,fp32,prefix,0,0,0,0,,,-65.50994873046875,-5.0,5.1258131861686707e-05,5.570255363684614e-07,64
64,mixed,2,fp32,decay,0,0,0,0,,,3.543159800225933e-29,0.0067379469983279705,3.112192496307299e-11,5.691356147328615e-09,64
64,mixed,2,fp32,inverse,0,0,0,0,,,148.4131622314453,2.822339329006382e+28,1.4477394404049434e+24,5.12917204014207e-05,64
64,mixed,2,fp32,direct,0,0,0,0,,,5.2585155941381656e-27,1.0,1.5208649456921464e-05,4.726370070290107e-06,2080
64,mixed,2,fp32,factorized,0,0,0,0,,,5.2585155941381656e-27,1.0000001192092896,1.5149044812146073e-05,4.7341618002028354e-06,2080
64,mixed,2,fp32_bf16,prefix,0,0,0,0,,,-65.50994873046875,-5.0,5.1258131861686707e-05,5.570255363684614e-07,64
64,mixed,2,fp32_bf16,decay,0,0,0,0,,,3.549874073494553e-29,0.006744384765625,6.437766539532999e-06,0.0009557361569880549,64
64,mixed,2,fp32_bf16,inverse,0,0,0,0,,,148.0,2.81631358937424e+28,6.170513576182162e+25,0.002186076719243456,64
64,mixed,2,fp32_bf16,direct,0,0,0,0,,,5.2506581851510546e-27,1.0,0.0018955744362042504,0.0011738173598369833,2080
64,mixed,2,fp32_bf16,factorized,0,0,0,0,,,5.2538136287719386e-27,1.00439453125,0.005506614238257379,0.0024105108961366187,2080
64,mixed,2,ftz_model_bf16,prefix,0,0,0,0,,,-65.51001739501953,-5.0,1.7406418919563293e-05,1.4112796081173203e-07,64
64,mixed,2,ftz_model_bf16,decay,0,0,0,0,,,3.549874073494553e-29,0.006744384765625,6.437766539532999e-06,0.0009557361569880549,64
64,mixed,2,ftz_model_bf16,inverse,0,0,0,0,,,148.0,2.81631358937424e+28,6.170513576182162e+25,0.002186076719243456,64
64,mixed,2,ftz_model_bf16,direct,0,0,0,0,,,5.2506581851510546e-27,1.0,0.0018955744362042504,0.0011738173598369833,2080
64,mixed,2,ftz_model_bf16,factorized,0,0,0,0,,,5.2538136287719386e-27,1.00439453125,0.005506614238257379,0.0024105108961366187,2080
16,uniform,3,fp64,prefix,0,0,0,0,,,-35.374120969724366,-0.1705409782526024,0.0,0.0,16
16,uniform,3,fp64,decay,0,0,0,0,,,4.3372500496878163e-16,0.8432085357082658,0.0,0.0,16
16,uniform,3,fp64,inverse,0,0,0,0,,,1.185946248943074,2305608366001350.0,0.0,0.0,16
16,uniform,3,fp64,direct,0,0,0,0,,,5.143745427155431e-16,1.0,0.0,0.0,136
16,uniform,3,fp64,factorized,0,0,0,0,,,5.143745427155427e-16,1.0000000000000002,2.220446049250313e-16,7.417149551322335e-17,136
16,uniform,3,fp32,prefix,0,0,0,0,,,-35.374122619628906,-0.1705409735441208,1.649904540101943e-06,3.1044119989422016e-08,16
16,uniform,3,fp32,decay,0,0,0,0,,,4.3372427943274856e-16,0.8432085514068604,1.5698594535429322e-08,1.8267059059355423e-08,16
16,uniform,3,fp32,inverse,0,0,0,0,,,1.1859462261199951,2305612264243200.0,3898241850.0,1.5188531877778108e-06,16
16,uniform,3,fp32,direct,0,0,0,0,,,5.143730921374683e-16,1.0,4.17688727605281e-07,1.1744071759408771e-07,136
16,uniform,3,fp32,factorized,0,0,0,0,,,5.143736744726195e-16,1.0000001192092896,4.17688727605281e-07,1.2738117266291775e-07,136
16,uniform,3,fp32_bf16,prefix,0,0,0,0,,,-35.374122619628906,-0.1705409735441208,1.649904540101943e-06,3.1044119989422016e-08,16
16,uniform,3,fp32_bf16,decay,0,0,0,0,,,4.3368086899420177e-16,0.84375,0.0005414642917341839,0.0006424196512580747,16
16,uniform,3,fp32_bf16,inverse,0,0,0,0,,,1.1875,2304576371818496.0,3276933641988.5,0.0012509872242353816,16
16,uniform,3,fp32_bf16,direct,0,0,0,0,,,5.134781488891349e-16,1.0,0.0012942548004386545,0.0005103134791103708,136
16,uniform,3,fp32_bf16,factorized,0,0,0,0,,,5.149960319306146e-16,1.001953125,0.0032958984375,0.001698052607781081,136
16,uniform,3,ftz_model_bf16,prefix,0,0,0,0,,,-35.37411880493164,-0.1705409735441208,2.848335327598761e-06,5.663377778410627e-08,16
16,uniform,3,ftz_model_bf16,decay,0,0,0,0,,,4.3368086899420177e-16,0.84375,0.0005414642917341839,0.0006424196512580747,16
16,uniform,3,ftz_model_bf16,inverse,0,0,0,0,,,1.1875,2304576371818496.0,3276933641988.5,0.0012509872242353816,16
16,uniform,3,ftz_model_bf16,direct,0,0,0,0,,,5.134781488891349e-16,1.0,0.0012942548004386545,0.0005103134791103708,136
16,uniform,3,ftz_model_bf16,factorized,0,0,0,0,,,5.149960319306146e-16,1.001953125,0.0032958984375,0.001698052607781081,136
32,uniform,3,fp64,prefix,0,0,0,0,,,-70.03338565359593,-0.1705409782526024,0.0,0.0,32
32,uniform,3,fp64,decay,0,0,0,0,,,3.8449178188551923e-31,0.8432085357082658,0.0,0.0,32
32,uniform,3,fp64,inverse,0,0,0,0,,,1.185946248943074,2.600835823059921e+30,0.0,0.0,32
32,uniform,3,fp64,direct,0,0,0,0,,,4.559865864765706e-31,1.0,0.0,0.0,528
32,uniform,3,fp64,factorized,0,0,0,0,,,4.559865864765701e-31,1.0000000000000002,2.220446049250313e-16,8.503630953768388e-17,528
32,uniform,3,fp32,prefix,0,0,0,0,,,-70.03337860107422,-0.1705409735441208,8.797689659445496e-06,9.25080728049566e-08,32
32,uniform,3,fp32,decay,0,0,0,0,,,3.8449449257063245e-31,0.8432085514068604,1.5698594535429322e-08,1.8267059059355423e-08,32
32,uniform,3,fp32,inverse,0,0,0,0,,,1.1859462261199951,2.600817424093199e+30,1.8398966721705967e+25,7.1453197185640415e-06,32
32,uniform,3,fp32,direct,0,0,0,0,,,4.5598930501165585e-31,1.0,4.17688727605281e-07,1.4289357113626557e-07,528
32,uniform,3,fp32,factorized,0,0,0,0,,,4.559897752093962e-31,1.0000001192092896,4.17688727605281e-07,1.4743592453457177e-07,528
32,uniform,3,fp32_bf16,prefix,0,0,0,0,,,-70.03337860107422,-0.1705409735441208,8.797689659445496e-06,9.25080728049566e-08,32
32,uniform,3,fp32_bf16,decay,0,0,0,0,,,3.8518598887744717e-31,0.84375,0.0005414642917341839,0.0006424196512580747,32
32,uniform,3,fp32_bf16,inverse,0,0,0,0,,,1.1875,2.594722322342157e+30,6.113500717763763e+27,0.0018561002323651836,32
32,uniform,3,fp32_bf16,direct,0,0,0,0,,,4.5606021083089745e-31,1.0,0.0019297822981627633,0.0005924998730422672,528
32,uniform,3,fp32_bf16,factorized,0,0,0,0,,,4.574083617919685e-31,1.00494384765625,0.00494384765625,0.0018250426310428573,528
32,uniform,3,ftz_model_bf16,prefix,0,0,0,0,,,-70.03337860107422,-0.1705409735441208,9.702215166385031e-06,9.445577529734623e-08,32
32,uniform,3,ftz_model_bf16,decay,0,0,0,0,,,3.8518598887744717e-31,0.84375,0.0005414642917341839,0.0006424196512580747,32
32,uniform,3,ftz_model_bf16,inverse,0,0,0,0,,,1.1875,2.594722322342157e+30,6.113500717763763e+27,0.0018561002323651836,32
32,uniform,3,ftz_model_bf16,direct,0,0,0,0,,,4.5606021083089745e-31,1.0,0.0019297822981627633,0.0005924998730422672,528
32,uniform,3,ftz_model_bf16,factorized,0,0,0,0,,,4.574083617919685e-31,1.00494384765625,0.00494384765625,0.0018250426310428573,528
64,uniform,3,fp64,prefix,0,0,0,0,,,-135.17105908270523,-0.1705409782526024,0.0,0.0,64
64,uniform,3,fp64,decay,0,0,0,0,,,1.976764473766217e-59,0.8432085357082658,0.0,0.0,64
64,uniform,3,fp64,inverse,0,0,0,0,,,1.185946248943074,5.058771610230109e+58,0.0,0.0,64
64,uniform,3,fp64,direct,0,0,0,0,,,2.344336412706977e-59,1.0,0.0,0.0,2080
64,uniform,3,fp64,factorized,0,0,0,0,,,2.344336412706975e-59,1.0000000000000002,2.220446049250313e-16,8.745479362271969e-17,2080
64,uniform,3,fp32,prefix,0,0,0,0,,,-135.17103576660156,-0.1705409735441208,2.9278175020408526e-05,1.428560616761887e-07,64
64,uniform,3,fp32,decay,17,17,0,0,47,48,0.0,0.8432085514068604,1.5698594535429322e-08,1.8267059059355423e-08,64
64,uniform,3,fp32,inverse,0,0,23,0,41,42,1.1859462261199951,2.6347000164974587e+38,,,64
64,uniform,3,fp32,direct,141,141,0,0,1128,,0.0,1.0,3.8497514627255924e-06,8.741353997878264e-07,2080
64,uniform,3,fp32,factorized,697,697,21,255,902,,0.0,1.0000001192092896,,,2080
64,uniform,3,fp32_bf16,prefix,0,0,0,0,,,-135.17103576660156,-0.1705409735441208,2.9278175020408526e-05,1.428560616761887e-07,64
64,uniform,3,fp32_bf16,decay,21,21,0,0,43,44,0.0,0.84375,0.0005414642917341839,0.0006424196512580747,64
64,uniform,3,fp32_bf16,inverse,0,0,23,0,41,42,1.1875,2.6318714316541334e+38,,,64
64,uniform,3,fp32_bf16,direct,232,232,0,0,946,,0.0,1.0,0.0019297822981627633,0.000651625705284998,2080
64,uniform,3,fp32_bf16,factorized,861,861,3,273,902,,0.0,1.00494384765625,,,2080
64,uniform,3,ftz_model_bf16,prefix,0,0,0,0,,,-135.17103576660156,-0.1705409735441208,2.9278175020408526e-05,1.3336311155705562e-07,64
64,uniform,3,ftz_model_bf16,decay,24,24,0,0,40,41,0.0,0.84375,0.0005414642917341839,0.0006424196512580747,64
64,uniform,3,ftz_model_bf16,inverse,0,0,23,0,41,42,1.1875,2.6318714316541334e+38,,,64
64,uniform,3,ftz_model_bf16,direct,287,287,0,0,820,,0.0,1.0,0.0019297822981627633,0.000651625705284998,2080
64,uniform,3,ftz_model_bf16,factorized,984,984,0,276,820,,0.0,1.00494384765625,,,2080
16,mixed,3,fp64,prefix,0,0,0,0,,,-10.139999996870756,-0.009999999776482582,0.0,0.0,16
16,mixed,3,fp64,decay,0,0,0,0,,,3.946880294905106e-05,0.9900498339704614,0.0,0.0,16
16,mixed,3,fp64,inverse,0,0,0,0,,,1.0100501668584043,25336.466405907115,0.0,0.0,16
16,mixed,3,fp64,direct,0,0,0,0,,,3.9865471004390504e-05,1.0,0.0,0.0,136
16,mixed,3,fp64,factorized,0,0,0,0,,,3.9865471004390504e-05,1.0000000000000002,2.220446049250313e-16,8.512201029885606e-17,136
16,mixed,3,fp32,prefix,0,0,0,0,,,-10.14000129699707,-0.009999999776482582,1.300126314163208e-06,9.243390298800377e-08,16
16,mixed,3,fp32,decay,0,0,0,0,,,3.946875222027302e-05,0.9900498390197754,2.7531234514377445e-08,1.7023719675956893e-08,16
16,mixed,3,fp32,inverse,0,0,0,0,,,1.0100501775741577,25336.5,0.033594092885323334,9.927664599023377e-07,16
16,mixed,3,fp32,direct,0,0,0,0,,,3.986542651546188e-05,1.0,6.761250543885211e-07,1.320577684937213e-07,136
16,mixed,3,fp32,factorized,0,0,0,0,,,3.986541923950426e-05,1.0000001192092896,6.761250543885211e-07,1.374306150136418e-07,136
16,mixed,3,fp32_bf16,prefix,0,0,0,0,,,-10.14000129699707,-0.009999999776482582,1.300126314163208e-06,9.243390298800377e-08,16
16,mixed,3,fp32_bf16,decay,0,0,0,0,,,3.9577484130859375e-05,0.98828125,0.0018955744362042504,0.001284820751801126,16
16,mixed,3,fp32_bf16,inverse,0,0,0,0,,,1.0078125,25344.0,11.66067600169481,0.00029282810943061845,16
16,mixed,3,fp32_bf16,direct,0,0,0,0,,,3.981590270996094e-05,1.0,0.0018955744362042504,0.0011826970938129055,136
16,mixed,3,fp32_bf16,factorized,0,0,0,0,,,3.9886683225631714e-05,1.0052490234375,0.0052490234375,0.0024761295661932707,136
16,mixed,3,ftz_model_bf16,prefix,0,0,0,0,,,-10.14000129699707,-0.009999999776482582,1.300126314163208e-06,9.243394358994083e-08,16
16,mixed,3,ftz_model_bf16,decay,0,0,0,0,,,3.9577484130859375e-05,0.98828125,0.0018955744362042504,0.001284820751801126,16
16,mixed,3,ftz_model_bf16,inverse,0,0,0,0,,,1.0078125,25344.0,11.66067600169481,0.00029282810943061845,16
16,mixed,3,ftz_model_bf16,direct,0,0,0,0,,,3.981590270996094e-05,1.0,0.0018955744362042504,0.0011826970938129055,136
16,mixed,3,ftz_model_bf16,factorized,0,0,0,0,,,3.9886683225631714e-05,1.0052490234375,0.0052490234375,0.0024761295661932707,136
32,mixed,3,fp64,prefix,0,0,0,0,,,-20.279999993741512,-0.009999999776482582,0.0,0.0,32
32,mixed,3,fp64,decay,0,0,0,0,,,1.557786406231022e-09,0.9900498339704614,0.0,0.0,32
32,mixed,3,fp64,inverse,0,0,0,0,,,1.0100501668584043,641936529.9376599,0.0,0.0,32
32,mixed,3,fp64,direct,0,0,0,0,,,1.5734424195433977e-09,1.0,0.0,0.0,528
32,mixed,3,fp64,factorized,0,0,0,0,,,1.5734424195433979e-09,1.0000000000000002,2.220446049250313e-16,7.394394158756769e-17,528
32,mixed,3,fp32,prefix,0,0,0,0,,,-20.280004501342773,-0.009999999776482582,4.507601261138916e-06,1.851899614829737e-07,32
32,mixed,3,fp32,decay,0,0,0,0,,,1.557779349958821e-09,0.9900498390197754,2.7531234514377445e-08,1.7023764419096614e-08,32
32,mixed,3,fp32,inverse,0,0,0,0,,,1.0100501775741577,641939392.0,2862.0623401403427,4.077483017454586e-06,32
32,mixed,3,fp32,direct,0,0,0,0,,,1.573435715052085e-09,1.0,1.5221895296457788e-06,4.715025995593763e-07,528
32,mixed,3,fp32,factorized,0,0,0,0,,,1.5734352709628752e-09,1.0000001192092896,1.5817941744211694e-06,4.703169670194818e-07,528
32,mixed,3,fp32_bf16,prefix,0,0,0,0,,,-20.280004501342773,-0.009999999776482582,4.507601261138916e-06,1.851899614829737e-07,32
32,mixed,3,fp32_bf16,decay,0,0,0,0,,,1.5570549294352531e-09,0.98828125,0.0018955744362042504,0.001284820751979786,32
32,mixed,3,fp32_bf16,inverse,0,0,0,0,,,1.0078125,641728512.0,1986857.2826396227,0.0020071770933760193,32
32,mixed,3,fp32_bf16,direct,0,0,0,0,,,1.57160684466362e-09,1.0,0.0018955744362042504,0.0011856255864959558,528
32,mixed,3,fp32_bf16,factorized,0,0,0,0,,,1.569219421071466e-09,1.0052490234375,0.005485237972253421,0.0024123989308277144,528
32,mixed,3,ftz_model_bf16,prefix,0,0,0,0,,,-20.28000259399414,-0.009999999776482582,2.637505531311035e-06,1.1879461981424017e-07,32
32,mixed,3,ftz_model_bf16,decay,0,0,0,0,,,1.5570549294352531e-09,0.98828125,0.0018955744362042504,0.001284820751979786,32
32,mixed,3,ftz_model_bf16,inverse,0,0,0,0,,,1.0078125,641728512.0,1986857.2826396227,0.0020071770933760193,32
32,mixed,3,ftz_model_bf16,direct,0,0,0,0,,,1.57160684466362e-09,1.0,0.0018955744362042504,0.0011856255864959558,528
32,mixed,3,ftz_model_bf16,factorized,0,0,0,0,,,1.569219421071466e-09,1.0052490234375,0.005485237972253421,0.0024123989308277144,528
64,mixed,3,fp64,prefix,0,0,0,0,,,-45.54999998770654,-0.009999999776482582,0.0,0.0,64
64,mixed,3,fp64,decay,0,0,0,0,,,1.6515295725616018e-20,0.9900498339704614,0.0,0.0,64
64,mixed,3,fp64,inverse,0,0,0,0,,,1.0100501668584043,6.0549929993015615e+19,0.0,0.0,64
64,mixed,3,fp64,direct,0,0,0,0,,,1.6681277203374352e-20,1.0,0.0,0.0,2080
64,mixed,3,fp64,factorized,0,0,0,0,,,1.6681277203374352e-20,1.0000000000000002,2.220446049250313e-16,7.906237676391385e-17,2080
64,mixed,3,fp32,prefix,0,0,0,0,,,-45.549964904785156,-0.009999999776482582,3.5082921385765076e-05,4.511300963591725e-07,64
64,mixed,3,fp32,decay,0,0,0,0,,,1.6515875851145885e-20,0.9900498390197754,2.7531234514377445e-08,1.7023764419096614e-08,64
64,mixed,3,fp32,inverse,0,0,0,0,,,1.0100501775741577,6.054780516329901e+19,2124829716602880.0,3.266396170420169e-05,64
64,mixed,3,fp32,direct,0,0,0,0,,,1.6681833808300738e-20,1.0,2.165545100407673e-05,6.628339229507248e-06,2080
64,mixed,3,fp32,factorized,0,0,0,0,,,1.6681862888869148e-20,1.0000001192092896,2.165545100407673e-05,6.640193829901576e-06,2080
64,mixed,3,fp32_bf16,prefix,0,0,0,0,,,-45.549964904785156,-0.009999999776482582,3.5082921385765076e-05,4.511300963591725e-07,64
64,mixed,3,fp32_bf16,decay,0,0,0,0,,,1.6517142471458857e-20,0.98828125,0.0018955744362042504,0.001284820751979786,64
64,mixed,3,fp32_bf16,inverse,0,0,0,0,,,1.0078125,6.052837899185947e+19,3.858757715041485e+16,0.0004256813698597505,64
64,mixed,3,fp32_bf16,direct,0,0,0,0,,,1.6728900708272432e-20,1.0,0.0018955744362042504,0.0011921800115351976,2080
64,mixed,3,fp32_bf16,factorized,0,0,0,0,,,1.664618264701713e-20,1.0052490234375,0.005485237972253421,0.0022084743064134937,2080
64,mixed,3,ftz_model_bf16,prefix,0,0,0,0,,,-45.55000686645508,-0.009999999776482582,6.878748536109924e-06,8.504764047085795e-08,64
64,mixed,3,ftz_model_bf16,decay,0,0,0,0,,,1.6517142471458857e-20,0.98828125,0.0018955744362042504,0.001284820751979786,64
64,mixed,3,ftz_model_bf16,inverse,0,0,0,0,,,1.0078125,6.052837899185947e+19,3.858757715041485e+16,0.0004256813698597505,64
64,mixed,3,ftz_model_bf16,direct,0,0,0,0,,,1.6728900708272432e-20,1.0,0.0018955744362042504,0.0011921800115351976,2080
64,mixed,3,ftz_model_bf16,factorized,0,0,0,0,,,1.664618264701713e-20,1.0052490234375,0.005485237972253421,0.0022084743064134937,2080
16,uniform,4,fp64,prefix,0,0,0,0,,,-38.89401074151841,-2.3855469241653795,0.0,0.0,16
16,uniform,4,fp64,decay,0,0,0,0,,,1.2839430354642287e-17,0.09203862766157954,0.0,0.0,16
16,uniform,4,fp64,inverse,0,0,0,0,,,10.865003373115682,7.788507530152498e+16,0.0,0.0,16
16,uniform,4,fp64,direct,0,0,0,0,,,1.395004541120727e-16,1.0,0.0,0.0,136
16,uniform,4,fp64,factorized,0,0,0,0,,,1.3950045411207233e-16,1.0000000000000002,2.220446049250313e-16,8.683873791636357e-17,136
16,uniform,4,fp32,prefix,0,0,0,0,,,-38.89400863647461,-2.385546922683716,4.957212006218015e-06,8.402574293307043e-08,16
16,uniform,4,fp32,decay,0,0,0,0,,,1.2839457763378693e-17,0.09203862398862839,3.672951151556525e-09,4.070930868666087e-08,16
16,uniform,4,fp32,inverse,0,0,0,0,,,10.86500358581543,7.788491117586022e+16,164125664752.0,2.1667223146138014e-06,16
16,uniform,4,fp32,direct,0,0,0,0,,,1.3950084716840571e-16,1.0,9.362612467533893e-07,2.688599576606369e-07,136
16,uniform,4,fp32,factorized,0,0,0,0,,,1.395007545241771e-16,1.0,8.766566019779987e-07,2.6030837229097615e-07,136
16,uniform,4,fp32_bf16,prefix,0,0,0,0,,,-38.89400863647461,-2.385546922683716,4.957212006218015e-06,8.402574293307043e-08,16
16,uniform,4,fp32_bf16,decay,0,0,0,0,,,1.2847795743953228e-17,0.091796875,0.000241752661579539,0.0026265514369760747,16
16,uniform,4,fp32_bf16,inverse,0,0,0,0,,,10.875,7.768709357214106e+16,197981729383920.0,0.0025128480363376298,16
16,uniform,4,fp32_bf16,direct,0,0,0,0,,,1.3964523981613297e-16,1.0,0.0010790661339805663,0.0003470198482000418,136
16,uniform,4,fp32_bf16,factorized,0,0,0,0,,,1.3971977871549135e-16,1.0048828125,0.0048828125,0.0024505774505785977,136
16,uniform,4,ftz_model_bf16,prefix,0,0,0,0,,,-38.89400863647461,-2.385546922683716,3.5070696142724955e-06,5.0977716513379725e-08,16
16,uniform,4,ftz_model_bf16,decay,0,0,0,0,,,1.2847795743953228e-17,0.091796875,0.000241752661579539,0.0026265514369760747,16
16,uniform,4,ftz_model_bf16,inverse,0,0,0,0,,,10.875,7.768709357214106e+16,197981729383920.0,0.0025128480363376298,16
16,uniform,4,ftz_model_bf16,direct,0,0,0,0,,,1.3964523981613297e-16,1.0,0.0010790661339805663,0.0003470198482000418,136
16,uniform,4,ftz_model_bf16,factorized,0,0,0,0,,,1.3971977871549135e-16,1.0048828125,0.0048828125,0.0024505774505785977,136
32,uniform,4,fp64,prefix,0,0,0,0,,,-70.0973779919136,-2.3855469241653795,0.0,0.0,32
32,uniform,4,fp64,decay,0,0,0,0,,,3.6065797692335745e-31,0.09203862766157954,0.0,0.0,32
32,uniform,4,fp64,inverse,0,0,0,0,,,10.865003373115682,2.7727100576857826e+30,0.0,0.0,32
32,uniform,4,fp64,direct,0,0,0,0,,,3.918550135813367e-30,1.0,0.0,0.0,528
32,uniform,4,fp64,factorized,0,0,0,0,,,3.9185501358133566e-30,1.0000000000000002,2.220446049250313e-16,7.957227284883161e-17,528
32,uniform,4,fp32,prefix,0,0,0,0,,,-70.09738159179688,-2.385546922683716,4.957212006218015e-06,4.708980170514421e-08,32
32,uniform,4,fp32,decay,0,0,0,0,,,3.606566661401943e-31,0.09203862398862839,3.672951151556525e-09,4.070930868666087e-08,32
32,uniform,4,fp32,inverse,0,0,0,0,,,10.86500358581543,2.7727200265503915e+30,9.968864608857994e+24,3.496925293662291e-06,32
32,uniform,4,fp32,direct,0,0,0,0,,,3.918523772081921e-30,1.0,9.362612467533893e-07,2.3287071161768338e-07,528
32,uniform,4,fp32,factorized,0,0,0,0,,,3.918535809144073e-30,1.0,8.766566019779987e-07,2.2795578884955094e-07,528
32,uniform,4,fp32_bf16,prefix,0,0,0,0,,,-70.09738159179688,-2.385546922683716,4.957212006218015e-06,4.708980170514421e-08,32
32,uniform,4,fp32_bf16,decay,0,0,0,0,,,3.6053408558929055e-31,0.091796875,0.000241752661579539,0.0026265514369760747,32
32,uniform,4,fp32_bf16,inverse,0,0,0,0,,,10.875,2.772985687999252e+30,4.8263215786911284e+27,0.0015433173814974174,32
32,uniform,4,fp32_bf16,direct,0,0,0,0,,,3.9196526228169024e-30,1.0,0.0010790661339805663,0.00037525022868376733,528
32,uniform,4,fp32_bf16,factorized,0,0,0,0,,,3.920808180783535e-30,1.00537109375,0.00537109375,0.0024942241896206627,528
32,uniform,4,ftz_model_bf16,prefix,0,0,0,0,,,-70.09737396240234,-2.385546922683716,7.411006777147122e-06,8.395614689855738e-08,32
32,uniform,4,ftz_model_bf16,decay,0,0,0,0,,,3.6053408558929055e-31,0.091796875,0.000241752661579539,0.0026265514369760747,32
32,uniform,4,ftz_model_bf16,inverse,0,0,0,0,,,10.875,2.772985687999252e+30,4.8263215786911284e+27,0.0015433173814974174,32
32,uniform,4,ftz_model_bf16,direct,0,0,0,0,,,3.9196526228169024e-30,1.0,0.0010790661339805663,0.00037525022868376733,528
32,uniform,4,ftz_model_bf16,factorized,0,0,0,0,,,3.920808180783535e-30,1.00537109375,0.00537109375,0.0024942241896206627,528
64,uniform,4,fp64,prefix,0,0,0,0,,,-151.84445490441664,-2.3855469241653795,0.0,0.0,64
64,uniform,4,fp64,decay,0,0,0,0,,,1.1344650669600792e-66,0.09203862766157954,0.0,0.0,64
64,uniform,4,fp64,inverse,0,0,0,0,,,10.865003373115682,8.814727126676604e+65,0.0,0.0,64
64,uniform,4,fp64,direct,0,0,0,0,,,1.2325966779203028e-65,1.0,0.0,0.0,2080
64,uniform,4,fp64,factorized,0,0,0,0,,,1.232596677920317e-65,1.0000000000000002,2.220446049250313e-16,8.523378148504637e-17,2080
64,uniform,4,fp32,prefix,0,0,0,0,,,-151.8444366455078,-2.385546922683716,2.7837955713039264e-05,1.2252163241603003e-07,64
64,uniform,4,fp32,decay,22,22,0,0,42,43,0.0,0.09203862398862839,3.672951151556525e-09,4.070930868666087e-08,64
64,uniform,4,fp32,inverse,0,0,25,0,39,40,10.86500358581543,2.9763636966420442e+38,,,64
64,uniform,4,fp32,direct,185,185,0,0,946,,0.0,1.0,4.597234426473307e-06,7.774465670850029e-07,2080
64,uniform,4,fp32,factorized,858,858,6,319,819,,0.0,1.0000001192092896,,,2080
64,uniform,4,fp32_bf16,prefix,0,0,0,0,,,-151.8444366455078,-2.385546922683716,2.7837955713039264e-05,1.2252163241603003e-07,64
64,uniform,4,fp32_bf16,decay,24,24,0,0,40,41,0.0,0.091796875,0.000241752661579539,0.0026265514369760747,64
64,uniform,4,fp32_bf16,inverse,0,0,25,0,39,40,10.875,2.9774707105582116e+38,,,64
64,uniform,4,fp32_bf16,direct,292,292,0,0,820,,0.0,1.0,0.0015198512162198918,0.00039785244631198235,2080
64,uniform,4,fp32_bf16,factorized,936,936,1,324,819,,0.0,1.01171875,,,2080
64,uniform,4,ftz_model_bf16,prefix,0,0,0,0,,,-151.84446716308594,-2.385546922683716,2.4767829984284617e-05,7.539327551845092e-08,64
64,uniform,4,ftz_model_bf16,decay,26,26,0,0,38,39,0.0,0.091796875,0.000241752661579539,0.0026265514369760747,64
64,uniform,4,ftz_model_bf16,inverse,0,0,25,0,39,40,10.875,2.9774707105582116e+38,,,64
64,uniform,4,ftz_model_bf16,direct,356,356,0,0,780,,0.0,1.0,0.0015198512162198918,0.00039785244631198235,2080
64,uniform,4,ftz_model_bf16,factorized,1014,1014,0,325,741,,0.0,1.00537109375,,,2080
16,mixed,4,fp64,prefix,0,0,0,0,,,-5.149999996647239,-0.009999999776482582,0.0,0.0,16
16,mixed,4,fp64,decay,0,0,0,0,,,0.005799404746286162,0.9900498339704614,0.0,0.0,16
16,mixed,4,fp64,inverse,0,0,0,0,,,1.0100501668584043,172.43148973873267,0.0,0.0,16
16,mixed,4,fp64,direct,0,0,0,0,,,0.00585768973166576,1.0,0.0,0.0,136
16,mixed,4,fp64,factorized,0,0,0,0,,,0.00585768973166576,1.0000000000000002,2.220446049250313e-16,7.791715027208148e-17,136
16,mixed,4,fp32,prefix,0,0,0,0,,,-5.150000095367432,-0.009999999776482582,1.30385160446167e-07,2.2917719678064178e-08,16
16,mixed,4,fp32,decay,0,0,0,0,,,0.0057994043454527855,0.9900498390197754,2.7531234514377445e-08,1.6019789806246808e-08,16
16,mixed,4,fp32,inverse,0,0,0,0,,,1.0100501775741577,172.43150329589844,2.3768556900449767e-05,1.1275603555385826e-07,16
16,mixed,4,fp32,direct,0,0,0,0,,,0.005857690703123808,1.0,2.3336926513461975e-07,2.841328055516044e-08,136
16,mixed,4,fp32,factorized,0,0,0,0,,,0.005857689306139946,1.0000001192092896,2.3336926513461975e-07,4.57421278442185e-08,136
16,mixed,4,fp32_bf16,prefix,0,0,0,0,,,-5.150000095367432,-0.009999999776482582,1.30385160446167e-07,2.2917719678064178e-08,16
16,mixed,4,fp32_bf16,decay,0,0,0,0,,,0.00579833984375,0.98828125,0.0018955744362042504,0.0012932845835567411,16
16,mixed,4,fp32_bf16,inverse,0,0,0,0,,,1.0078125,172.0,0.4314897387326653,0.0021294041885470297,16
16,mixed,4,fp32_bf16,direct,0,0,0,0,,,0.005859375,1.0,0.0018955744362042504,0.0011993351717780386,136
16,mixed,4,fp32_bf16,factorized,0,0,0,0,,,0.005843639373779297,1.0052490234375,0.0052490234375,0.0025240105960464805,136
16,mixed,4,ftz_model_bf16,prefix,0,0,0,0,,,-5.150000095367432,-0.009999999776482582,1.30385160446167e-07,2.3146327478236237e-08,16
16,mixed,4,ftz_model_bf16,decay,0,0,0,0,,,0.00579833984375,0.98828125,0.0018955744362042504,0.0012932845835567411,16
16,mixed,4,ftz_model_bf16,inverse,0,0,0,0,,,1.0078125,172.0,0.4314897387326653,0.0021294041885470297,16
16,mixed,4,ftz_model_bf16,direct,0,0,0,0,,,0.005859375,1.0,0.0018955744362042504,0.0011993351717780386,136
16,mixed,4,ftz_model_bf16,factorized,0,0,0,0,,,0.005843639373779297,1.0052490234375,0.0052490234375,0.0025240105960464805,136
32,mixed,4,fp64,prefix,0,0,0,0,,,-15.289999993517995,-0.009999999776482582,0.0,0.0,32
32,mixed,4,fp64,decay,0,0,0,0,,,2.2889556315296003e-07,0.9900498339704614,0.0,0.0,32
32,mixed,4,fp64,inverse,0,0,0,0,,,1.0100501668584043,4368804.647085918,0.0,0.0,32
32,mixed,4,fp64,direct,0,0,0,0,,,2.311960017557957e-07,1.0,0.0,0.0,528
32,mixed,4,fp64,factorized,0,0,0,0,,,2.311960017557957e-07,1.0000000000000002,2.220446049250313e-16,7.990182179057617e-17,528
32,mixed,4,fp32,prefix,0,0,0,0,,,-15.290002822875977,-0.009999999776482582,2.8293579816818237e-06,1.7665117981372465e-07,32
32,mixed,4,fp32,decay,0,0,0,0,,,2.28894919018785e-07,0.9900498390197754,2.7531234514377445e-08,1.695197301791836e-08,32
32,mixed,4,fp32,inverse,0,0,0,0,,,1.0100501775741577,4368817.0,12.35291408188641,2.488681148954024e-06,32
32,mixed,4,fp32,direct,0,0,0,0,,,2.3119540060179133e-07,1.0,1.9034908170789677e-06,4.980604077020652e-07,528
32,mixed,4,fp32,factorized,0,0,0,0,,,2.311953579692272e-07,1.0000001192092896,1.9034908170789677e-06,4.989804877404035e-07,528
32,mixed,4,fp32_bf16,prefix,0,0,0,0,,,-15.290002822875977,-0.009999999776482582,2.8293579816818237e-06,1.7665117981372465e-07,32
32,mixed,4,fp32_bf16,decay,0,0,0,0,,,2.2910535335540771e-07,0.98828125,0.0018955744362042504,0.0012932926779118449,32
32,mixed,4,fp32_bf16,inverse,0,0,0,0,,,1.0078125,4358144.0,12614.959553427063,0.0022617582124081614,32
32,mixed,4,fp32_bf16,direct,0,0,0,0,,,2.3096799850463867e-07,1.0,0.0018955744362042504,0.0011945006810968842,528
32,mixed,4,fp32_bf16,factorized,0,0,0,0,,,2.3089523892849684e-07,1.0052490234375,0.0052490234375,0.002459469352461838,528
32,mixed,4,ftz_model_bf16,prefix,0,0,0,0,,,-15.290002822875977,-0.009999999776482582,2.8293579816818237e-06,1.6918551344725375e-07,32
32,mixed,4,ftz_model_bf16,decay,0,0,0,0,,,2.2910535335540771e-07,0.98828125,0.0018955744362042504,0.0012932926779118449,32
32,mixed,4,ftz_model_bf16,inverse,0,0,0,0,,,1.0078125,4358144.0,12614.959553427063,0.0022617582124081614,32
32,mixed,4,ftz_model_bf16,direct,0,0,0,0,,,2.3096799850463867e-07,1.0,0.0018955744362042504,0.0011945006810968842,528
32,mixed,4,ftz_model_bf16,factorized,0,0,0,0,,,2.3089523892849684e-07,1.0052490234375,0.0052490234375,0.002459469352461838,528
64,mixed,4,fp64,prefix,0,0,0,0,,,-25.589999986812472,-0.009999999776482582,0.0,0.0,64
64,mixed,4,fp64,decay,0,0,0,0,,,7.698466314734497e-12,0.9900498339704614,0.0,0.0,64
64,mixed,4,fp64,inverse,0,0,0,0,,,1.0100501668584043,129896002543.5258,0.0,0.0,64
64,mixed,4,fp64,direct,0,0,0,0,,,7.775837185751383e-12,1.0,0.0,0.0,2080
64,mixed,4,fp64,factorized,0,0,0,0,,,7.775837185751383e-12,1.0000000000000002,2.220446049250313e-16,8.290841906150408e-17,2080
64,mixed,4,fp32,prefix,0,0,0,0,,,-25.590009689331055,-0.009999999776482582,9.702518582344055e-06,3.062528401104165e-07,64
64,mixed,4,fp32,decay,0,0,0,0,,,7.698391403521132e-12,0.9900498390197754,2.7531234514377445e-08,1.6951973034508367e-08,64
64,mixed,4,fp32,inverse,0,0,0,0,,,1.0100501775741577,129897267200.0,1264656.4741973877,8.739725104411009e-06,64
64,mixed,4,fp32,direct,0,0,0,0,,,7.77576353999665e-12,1.0,2.4307685794200395e-06,8.857796956750063e-07,2080
64,mixed,4,fp32,factorized,0,0,0,0,,,7.775761805273174e-12,1.0000001192092896,2.4307685794200395e-06,8.808402407614484e-07,2080
64,mixed,4,fp32_bf16,prefix,0,0,0,0,,,-25.590009689331055,-0.009999999776482582,9.702518582344055e-06,3.062528401104165e-07,64
64,mixed,4,fp32_bf16,decay,0,0,0,0,,,7.673861546209082e-12,0.98828125,0.0018955744362042504,0.0012932926779118446,64
64,mixed,4,fp32_bf16,inverse,0,0,0,0,,,1.0078125,129922760704.0,248655959.5052185,0.0012494635523603178,64
64,mixed,4,fp32_bf16,direct,0,0,0,0,,,7.787548383930698e-12,1.0,0.0018955744362042504,0.0012031042038733398,2080
64,mixed,4,fp32_bf16,factorized,0,0,0,0,,,7.73381358953884e-12,1.0052490234375,0.0052490234375,0.002397730001341942,2080
64,mixed,4,ftz_model_bf16,prefix,0,0,0,0,,,-25.59000587463379,-0.009999999776482582,7.33695924282074e-06,2.339121739375941e-07,64
64,mixed,4,ftz_model_bf16,decay,0,0,0,0,,,7.673861546209082e-12,0.98828125,0.0018955744362042504,0.0012932926779118446,64
64,mixed,4,ftz_model_bf16,inverse,0,0,0,0,,,1.0078125,129922760704.0,248655959.5052185,0.0012494635523603178,64
64,mixed,4,ftz_model_bf16,direct,0,0,0,0,,,7.787548383930698e-12,1.0,0.0018955744362042504,0.0012031042038733398,2080
64,mixed,4,ftz_model_bf16,factorized,0,0,0,0,,,7.73381358953884e-12,1.0052490234375,0.0052490234375,0.002397730001341942,2080
