gate_case,seed,chunk,quantity,zero_count,lost_nonzero_count,inf_count,nan_count,first_bad_flat_index,first_bad_token_1based,finite_min,finite_max,max_abs_error,relative_l2_error,count,model_zero_mask_mismatches,model_inf_mask_mismatches,model_nan_mask_mismatches,model_finite_max_abs_difference
constant_0,0,16,decay,0,0,0,0,,,1.0,1.0,0.0,0.0,16,0,0,0,0.0
constant_0,0,16,inverse,0,0,0,0,,,1.0,1.0,0.0,0.0,16,0,0,0,0.0
constant_0,0,16,direct,0,0,0,0,,,1.0,1.0,0.0,0.0,136,0,0,0,0.0
constant_0,0,16,factorized,0,0,0,0,,,1.0,1.0,0.0,0.0,136,0,0,0,0.0
constant_0,0,32,decay,0,0,0,0,,,1.0,1.0,0.0,0.0,32,0,0,0,0.0
constant_0,0,32,inverse,0,0,0,0,,,1.0,1.0,0.0,0.0,32,0,0,0,0.0
constant_0,0,32,direct,0,0,0,0,,,1.0,1.0,0.0,0.0,528,0,0,0,0.0
constant_0,0,32,factorized,0,0,0,0,,,1.0,1.0,0.0,0.0,528,0,0,0,0.0
constant_0,0,64,decay,0,0,0,0,,,1.0,1.0,0.0,0.0,64,0,0,0,0.0
constant_0,0,64,inverse,0,0,0,0,,,1.0,1.0,0.0,0.0,64,0,0,0,0.0
constant_0,0,64,direct,0,0,0,0,,,1.0,1.0,0.0,0.0,2080,0,0,0,0.0
constant_0,0,64,factorized,0,0,0,0,,,1.0,1.0,0.0,0.0,2080,0,0,0,0.0
constant_-0.1,0,16,decay,0,0,0,0,,,0.2021484375,0.90625,0.0019366360940265004,0.0019639664396712544,16,0,0,0,0.0
constant_-0.1,0,16,inverse,0,0,0,0,,,1.1015625,4.9375,0.015532424395116706,0.002258562572777581,16,0,0,0,0.0
constant_-0.1,0,16,direct,0,0,0,0,,,0.22265625,1.0,0.0019366360940265004,0.0016790453569904085,136,0,0,0,0.0
constant_-0.1,0,16,factorized,0,0,0,0,,,0.22267913818359375,1.0040283203125,0.0050048828125,0.0028171305168039314,136,0,0,0,0.0
constant_-0.1,0,32,decay,0,0,0,0,,,0.040771484375,0.90625,0.0019366360940265004,0.001946302054664292,32,0,0,0,0.0
constant_-0.1,0,32,inverse,0,0,0,0,,,1.1015625,24.5,0.055353228902930596,0.00211866779320702,32,0,0,0,0.0
constant_-0.1,0,32,direct,0,0,0,0,,,0.045166015625,1.0,0.0019366360940265004,0.0017279686227689233,528,0,0,0,0.0
constant_-0.1,0,32,factorized,0,0,0,0,,,0.04491233825683594,1.00494384765625,0.0050048828125,0.0026824363719823415,528,0,0,0,0.0
constant_-0.1,0,64,decay,0,0,0,0,,,0.0016632080078125,0.90625,0.0019366360940265004,0.0019455785408543226,64,0,0,0,0.0
constant_-0.1,0,64,inverse,0,0,0,0,,,1.1015625,600.0,1.8450378720780236,0.0019301404800393615,64,0,0,0,0.0
constant_-0.1,0,64,direct,0,0,0,0,,,0.00183868408203125,1.0,0.0019366360940276106,0.0017455452079852768,2080,0,0,0,0.0
constant_-0.1,0,64,factorized,0,0,0,0,,,0.001832127571105957,1.0052490234375,0.0052490234375,0.002471444683939884,2080,0,0,0,0.0
constant_-1,0,16,decay,0,0,0,0,,,1.126900315284729e-07,0.3671875,0.000691941171442334,0.0020296612965936167,16,0,0,0,0.0
constant_-1,0,16,inverse,0,0,0,0,,,2.71875,8912896.0,26785.479492127895,0.0029237723694483272,16,0,0,0,0.0
constant_-1,0,16,direct,0,0,0,0,,,3.0547380447387695e-07,1.0,0.000691941171442334,0.0007202358131202362,136,0,0,0,0.0
constant_-1,0,16,factorized,0,0,0,0,,,3.063760232180357e-07,1.00439453125,0.00439453125,0.002141791117360449,136,0,0,0,0.0
constant_-1,0,32,decay,0,0,0,0,,,1.2656542480726785e-14,0.3671875,0.000691941171442334,0.002029661296593608,32,0,0,0,0.0
constant_-1,0,32,inverse,0,0,0,0,,,2.71875,79164837199872.0,201877017191.3125,0.002479594757913926,32,0,0,0,0.0
constant_-1,0,32,direct,0,0,0,0,,,3.441691376337985e-14,1.0,0.000691941171442334,0.0007336372761582286,528,0,0,0,0.0
constant_-1,0,32,factorized,0,0,0,0,,,3.4409974869475946e-14,1.0045166015625,0.0045166015625,0.002056727149294242,528,0,0,0,0.0
constant_-1,0,64,decay,0,0,0,0,,,1.601387637598654e-28,0.3671875,0.000691941171442334,0.002029661296593608,64,0,0,0,0.0
constant_-1,0,64,inverse,0,0,0,0,,,2.71875,6.22838582265457e+27,6.763258157047236e+24,0.0011081408066680185,64,0,0,0,0.0
constant_-1,0,64,direct,0,0,0,0,,,4.354512196819985e-28,1.0,0.000691941171442334,0.0007401986328812868,2080,0,0,0,0.0
constant_-1,0,64,factorized,0,0,0,0,,,4.3537726397213405e-28,1.00457763671875,0.00457763671875,0.00215386495681578,2080,0,0,0,0.0
constant_-3,0,16,decay,0,0,0,0,,,1.4227506535912076e-21,0.0498046875,1.7619132136055538e-05,0.00037914535893604154,16,0,0,0,0.0
constant_-3,0,16,inverse,0,0,0,0,,,20.125,7.00976274800963e+20,6.973164088001823e+17,0.0009960329536374349,16,0,0,0,0.0
constant_-3,0,16,direct,0,0,0,0,,,2.8587361969832636e-20,1.0,1.7619132136055538e-05,1.819833312200697e-05,136,0,0,0,0.0
constant_-3,0,16,factorized,0,0,0,0,,,2.863285690352305e-20,1.0045166015625,0.0045166015625,0.0022948729780669346,136,0,0,0,0.0
constant_-3,0,32,decay,3,3,0,0,29,30,0.0,0.0498046875,1.7619132136055538e-05,0.00037914535893604154,32,0,0,0,0.0
constant_-3,0,32,inverse,0,0,3,0,29,30,20.125,6.08121808071599e+37,,,32,0,0,0,0.0
constant_-3,0,32,direct,3,3,0,0,465,,0.0,1.0,1.7619132136055538e-05,1.8540562140202234e-05,528,0,0,0,0.0
constant_-3,0,32,factorized,87,87,0,6,435,,0.0,1.00457763671875,,,528,0,0,0,0.0
constant_-3,0,64,decay,35,35,0,0,29,30,0.0,0.0498046875,1.7619132136055538e-05,0.00037914535893604154,64,0,0,0,0.0
constant_-3,0,64,inverse,0,0,35,0,29,30,20.125,6.08121808071599e+37,,,64,0,0,0,0.0
constant_-3,0,64,direct,595,595,0,0,465,,0.0,1.0,1.7619132136055538e-05,1.8709309720406596e-05,2080,0,0,0,0.0
constant_-3,0,64,factorized,1015,1015,0,630,435,,0.0,1.00457763671875,,,2080,0,0,0,0.0
constant_-5,0,16,decay,0,0,0,0,,,1.8055593228630336e-35,0.006744384765625,6.437766539532999e-06,0.0009555437641525005,16,0,0,0,0.0
constant_-5,0,16,inverse,0,0,0,0,,,148.0,5.549267267559097e+34,8.644883165587194e+31,0.0015602795996931447,16,0,0,0,0.0
constant_-5,0,16,direct,0,0,0,0,,,2.68426485998971e-33,1.0,6.437766539532999e-06,6.233915444169895e-06,136,0,0,0,0.0
constant_-5,0,16,factorized,0,0,0,0,,,2.6722277978372897e-33,1.0045166015625,0.0045166015625,0.0020976203408346007,136,0,0,0,0.0
constant_-5,0,32,decay,15,15,0,0,17,18,0.0,0.006744384765625,6.437766539532999e-06,0.0009555437641525005,32,0,0,0,0.0
constant_-5,0,32,inverse,0,0,15,0,17,18,148.0,8.224598223919167e+36,,,32,0,0,0,0.0
constant_-5,0,32,direct,105,105,0,0,171,,0.0,1.0,6.437766539532999e-06,6.33698436556817e-06,528,0,0,0,0.0
constant_-5,0,32,factorized,255,255,0,120,153,,0.0,1.0045166015625,,,528,0,0,0,0.0
constant_-5,0,64,decay,47,47,0,0,17,18,0.0,0.006744384765625,6.437766539532999e-06,0.0009555437641525005,64,0,0,0,0.0
constant_-5,0,64,inverse,0,0,47,0,17,18,148.0,8.224598223919167e+36,,,64,0,0,0,0.0
constant_-5,0,64,direct,1081,1081,0,0,171,,0.0,1.0,6.437766539532999e-06,6.3878951159923444e-06,2080,0,0,0,0.0
constant_-5,0,64,factorized,799,799,0,1128,153,,0.0,1.0045166015625,,,2080,0,0,0,0.0
uniform,0,16,decay,0,0,0,0,,,5.116079001415974e-19,0.0078125,1.380323333169571e-05,0.0017633603508087094,16,0,0,0,0.0
uniform,0,16,inverse,0,0,0,0,,,128.0,1.9545622382787953e+18,3750967717344768.0,0.0019155075531297942,16,0,0,0,0.0
uniform,0,16,direct,0,0,0,0,,,6.548581121812447e-17,1.0,0.000934427430208773,0.00031772268394574026,136,0,0,0,0.0
uniform,0,16,factorized,0,0,0,0,,,6.548581121812447e-17,1.00311279296875,0.00494384765625,0.0021042290423055536,136,0,0,0,0.0
uniform,0,32,decay,0,0,0,0,,,1.692711865184094e-36,0.0078125,1.380323333169571e-05,0.0017633603508087094,32,0,0,0,0.0
uniform,0,32,inverse,0,0,0,0,,,128.0,5.9192184187297035e+35,8.980704015961913e+32,0.0015215689130027453,32,0,0,0,0.0
uniform,0,32,direct,0,0,0,0,,,2.1666711874356403e-34,1.0,0.000934427430208773,0.00030105603119867576,528,0,0,0,0.0
uniform,0,32,factorized,0,0,0,0,,,2.1666711874356403e-34,1.0045166015625,0.00494384765625,0.0022742625221938294,528,0,0,0,0.0
uniform,0,64,decay,29,29,0,0,35,36,0.0,0.0078125,1.380323333169571e-05,0.0017633603508087094,64,0,0,0,0.0
uniform,0,64,inverse,0,0,29,0,35,36,128.0,3.7550690880923873e+37,,,64,0,0,0,0.0
uniform,0,64,direct,421,421,0,0,666,,0.0,1.0,0.0019055033295836132,0.0004264551870819019,2080,0,0,0,0.0
uniform,0,64,factorized,1015,1015,0,435,630,,0.0,1.0045166015625,,,2080,0,0,0,0.0
mixed,0,16,decay,0,0,0,0,,,0.00579833984375,0.98828125,0.0017685839704614237,0.0017860078966992687,16,0,0,0,0.0
mixed,0,16,inverse,0,0,0,0,,,1.0078125,172.0,0.4700148877838899,0.001823559952216889,16,0,0,0,0.0
mixed,0,16,direct,0,0,0,0,,,0.005859375,1.0,0.0018955744362042504,0.0012035245741071506,136,0,0,0,0.0
mixed,0,16,factorized,0,0,0,0,,,0.005843639373779297,1.0030517578125,0.004638671875,0.001993018845278213,136,0,0,0,0.0
mixed,0,32,decay,0,0,0,0,,,1.0629719326971099e-11,0.98828125,0.0017685839704614237,0.001786007895839098,32,0,0,0,0.0
mixed,0,32,inverse,0,0,0,0,,,1.0078125,94489280512.0,268111570.59179688,0.001705912453983508,32,0,0,0,0.0
mixed,0,32,direct,0,0,0,0,,,1.0686562745831907e-11,1.0,0.0018955744362042504,0.0011843793071825068,528,0,0,0,0.0
mixed,0,32,factorized,0,0,0,0,,,1.071276400921306e-11,1.00439453125,0.004856876869938298,0.0020920073500671527,528,0,0,0,0.0
mixed,0,64,decay,0,0,0,0,,,7.6578830146510765e-25,0.98828125,0.0017685839704614237,0.001786007895839098,64,0,0,0,0.0
mixed,0,64,inverse,0,0,0,0,,,1.0078125,1.303373149272022e+24,3.9187647244179593e+21,0.0022744259363747664,64,0,0,0,0.0
mixed,0,64,direct,0,0,0,0,,,7.722506500006782e-25,1.0,0.0018955744362042504,0.001180274539330479,2080,0,0,0,0.0
mixed,0,64,factorized,0,0,0,0,,,7.717710225703038e-25,1.00439453125,0.004856876869938298,0.0021552859192995395,2080,0,0,0,0.0
uniform,1,16,decay,0,0,0,0,,,3.1441516057384433e-13,0.73828125,0.0013541996649324428,0.0018391816871234942,16,0,0,0,0.0
uniform,1,16,inverse,0,0,0,0,,,1.359375,3195455668224.0,7567699190.439941,0.002211088362488579,16,0,0,0,0.0
uniform,1,16,direct,0,0,0,0,,,4.263256414560601e-13,1.0,0.001557567576187413,0.000572206287120124,136,0,0,0,0.0
uniform,1,16,factorized,0,0,0,0,,,4.2740810890506964e-13,1.00469970703125,0.00469970703125,0.002966171089924965,136,0,0,0,0.0
uniform,1,32,decay,0,0,0,0,,,6.018531076210112e-35,0.73828125,0.0013541996649324428,0.0018391816871234942,32,0,0,0,0.0
uniform,1,32,inverse,0,0,0,0,,,1.359375,1.6550446236579763e+34,3.997723317805563e+31,0.0023937052367702574,32,0,0,0,0.0
uniform,1,32,direct,0,0,0,0,,,8.162632772109964e-35,1.0,0.001557567576187413,0.00047534466779246027,528,0,0,0,0.0
uniform,1,32,factorized,0,0,0,0,,,8.181440681723121e-35,1.00469970703125,0.00469970703125,0.002727950611248313,528,0,0,0,0.0
uniform,1,64,decay,30,30,0,0,34,35,0.0,0.73828125,0.0013541996649324428,0.0018391816871234942,64,0,0,0,0.0
uniform,1,64,inverse,0,0,30,0,34,35,1.359375,7.377215376606283e+37,,,64,0,0,0,0.0
uniform,1,64,direct,497,497,0,0,595,,0.0,1.0,0.001557567576187413,0.00046044527070746564,2080,0,0,0,0.0
uniform,1,64,factorized,1020,1020,0,465,595,,0.0,1.00469970703125,,,2080,0,0,0,0.0
mixed,1,16,decay,0,0,0,0,,,0.00579833984375,0.98828125,0.0018955744362042504,0.0012995679581355674,16,0,0,0,0.0
mixed,1,16,inverse,0,0,0,0,,,1.0078125,172.0,0.4314897387326653,0.0018488136941413745,16,0,0,0,0.0
mixed,1,16,direct,0,0,0,0,,,0.005859375,1.0,0.0018955744362042504,0.001189740040796319,136,0,0,0,0.0
mixed,1,16,factorized,0,0,0,0,,,0.005843639373779297,1.0052490234375,0.0052490234375,0.0024682779037806914,136,0,0,0,0.0
mixed,1,32,decay,0,0,0,0,,,3.361701965332031e-05,0.98828125,0.0018955744362042504,0.0012995779347082107,32,0,0,0,0.0
mixed,1,32,inverse,0,0,0,0,,,1.0078125,29696.0,53.88699235628883,0.0011272454123922822,32,0,0,0,0.0
mixed,1,32,direct,0,0,0,0,,,3.3855438232421875e-05,1.0,0.0018955744362042504,0.001204269133023991,528,0,0,0,0.0
mixed,1,32,factorized,0,0,0,0,,,3.387965261936188e-05,1.0052490234375,0.0052490234375,0.00237988932443581,528,0,0,0,0.0
mixed,1,64,decay,0,0,0,0,,,1.127773430198431e-09,0.98828125,0.0018955744362042504,0.0012995779356282447,64,0,0,0,0.0
mixed,1,64,inverse,0,0,0,0,,,1.0078125,884998144.0,2078356.9267812967,0.0020071670342403946,64,0,0,0,0.0
mixed,1,64,direct,0,0,0,0,,,1.1423253454267979e-09,1.0,0.0019157502250392033,0.0012547597388496568,2080,0,0,0,0.0
mixed,1,64,factorized,0,0,0,0,,,1.1365841601218563e-09,1.0052490234375,0.0052490234375,0.0022613934759889535,2080,0,0,0,0.0
uniform,2,16,decay,0,0,0,0,,,2.896852679609707e-19,0.01019287109375,1.7685709457425022e-05,0.0017598805199120018,16,0,0,0,0.0
uniform,2,16,inverse,0,0,0,0,,,98.5,3.440750115311059e+18,7435566313330688.0,0.0021321416858157962,16,0,0,0,0.0
uniform,2,16,direct,0,0,0,0,,,2.8406096919120216e-17,1.0,0.0012292304999460546,0.000425478035650047,136,0,0,0,0.0
uniform,2,16,factorized,0,0,0,0,,,2.8533998894155616e-17,1.003997802734375,0.005126953125,0.0023354471630442396,136,0,0,0,0.0
uniform,2,32,decay,0,0,0,0,,,5.604757064720667e-35,0.01019287109375,1.7685709457425022e-05,0.0017598805199120018,32,0,0,0,0.0
uniform,2,32,inverse,0,0,0,0,,,98.5,1.784852045121347e+34,1.1471201449396913e+31,0.0006456125524211135,32,0,0,0,0.0
uniform,2,32,direct,0,0,0,0,,,5.5129744658084626e-33,1.0,0.0012292304999460546,0.0004886052574157784,528,0,0,0,0.0
uniform,2,32,factorized,0,0,0,0,,,5.520685708749857e-33,1.0040283203125,0.005126953125,0.0021503951035387915,528,0,0,0,0.0
uniform,2,64,decay,29,29,0,0,35,36,0.0,0.01019287109375,1.7685709457425022e-05,0.0017598805199120018,64,0,0,0,0.0
uniform,2,64,inverse,0,0,28,0,36,37,98.5,3.2300240297573456e+38,,,64,0,0,0,0.0
uniform,2,64,direct,342,342,0,0,703,,0.0,1.0,0.0014760407430579603,0.00043363289415447,2080,0,0,0,0.0
uniform,2,64,factorized,1044,1044,0,406,630,,0.0,1.0040283203125,,,2080,0,0,0,0.0
mixed,2,16,decay,0,0,0,0,,,1.2448708730516955e-11,0.006744384765625,6.437766539532999e-06,0.0009557361569880549,16,0,0,0,0.0
mixed,2,16,inverse,0,0,0,0,,,148.0,80530636800.0,155693881.94889832,0.0017889424074579538,16,0,0,0,0.0
mixed,2,16,direct,0,0,0,0,,,1.8480932340025902e-09,1.0,0.0017685839704614237,0.001094737628831243,136,0,0,0,0.0
mixed,2,16,factorized,0,0,0,0,,,1.8424088921165094e-09,1.00439453125,0.00439453125,0.002389970458283161,136,0,0,0,0.0
mixed,2,32,decay,0,0,0,0,,,3.347474207548995e-18,0.006744384765625,6.437766539532999e-06,0.0009557361569880549,32,0,0,0,0.0
mixed,2,32,inverse,0,0,0,0,,,148.0,2.99489375220138e+17,981677751148736.0,0.0018819090742413012,32,0,0,0,0.0
mixed,2,32,direct,0,0,0,0,,,4.961309141293668e-16,1.0,0.0018955744362042504,0.001131861171453384,528,0,0,0,0.0
mixed,2,32,factorized,0,0,0,0,,,4.954261827172513e-16,1.00439453125,0.004945283217038576,0.0022268540426171757,528,0,0,0,0.0
mixed,2,64,decay,0,0,0,0,,,3.549874073494553e-29,0.006744384765625,6.437766539532999e-06,0.0009557361569880549,64,0,0,0,0.0
mixed,2,64,inverse,0,0,0,0,,,148.0,2.81631358937424e+28,6.170513576182162e+25,0.002186076719243456,64,0,0,0,0.0
mixed,2,64,direct,0,0,0,0,,,5.2506581851510546e-27,1.0,0.0018955744362042504,0.0011738173598369833,2080,0,0,0,0.0
mixed,2,64,factorized,0,0,0,0,,,5.2538136287719386e-27,1.00439453125,0.005506614238257379,0.0024105108961366187,2080,0,0,0,0.0
uniform,3,16,decay,0,0,0,0,,,4.3368086899420177e-16,0.84375,0.0005414642917341839,0.0006424196512580747,16,0,0,0,0.0
uniform,3,16,inverse,0,0,0,0,,,1.1875,2304576371818496.0,3276933641988.5,0.0012509872242353816,16,0,0,0,0.0
uniform,3,16,direct,0,0,0,0,,,5.134781488891349e-16,1.0,0.0012942548004386545,0.0005103134791103708,136,0,0,0,0.0
uniform,3,16,factorized,0,0,0,0,,,5.149960319306146e-16,1.001953125,0.0032958984375,0.001698052607781081,136,0,0,0,0.0
uniform,3,32,decay,0,0,0,0,,,3.8518598887744717e-31,0.84375,0.0005414642917341839,0.0006424196512580747,32,0,0,0,0.0
uniform,3,32,inverse,0,0,0,0,,,1.1875,2.594722322342157e+30,6.113500717763763e+27,0.0018561002323651836,32,0,0,0,0.0
uniform,3,32,direct,0,0,0,0,,,4.5606021083089745e-31,1.0,0.0019297822981627633,0.0005924998730422672,528,0,0,0,0.0
uniform,3,32,factorized,0,0,0,0,,,4.574083617919685e-31,1.00494384765625,0.00494384765625,0.0018250426310428573,528,0,0,0,0.0
uniform,3,64,decay,24,24,0,0,40,41,0.0,0.84375,0.0005414642917341839,0.0006424196512580747,64,0,0,0,0.0
uniform,3,64,inverse,0,0,23,0,41,42,1.1875,2.6318714316541334e+38,,,64,0,0,0,0.0
uniform,3,64,direct,287,287,0,0,820,,0.0,1.0,0.0019297822981627633,0.000651625705284998,2080,0,0,0,0.0
uniform,3,64,factorized,984,984,0,276,820,,0.0,1.00494384765625,,,2080,0,0,0,0.0
mixed,3,16,decay,0,0,0,0,,,3.9577484130859375e-05,0.98828125,0.0018955744362042504,0.001284820751801126,16,0,0,0,0.0
mixed,3,16,inverse,0,0,0,0,,,1.0078125,25344.0,11.66067600169481,0.00029282810943061845,16,0,0,0,0.0
mixed,3,16,direct,0,0,0,0,,,3.981590270996094e-05,1.0,0.0018955744362042504,0.0011826970938129055,136,0,0,0,0.0
mixed,3,16,factorized,0,0,0,0,,,3.9886683225631714e-05,1.0052490234375,0.0052490234375,0.0024761295661932707,136,0,0,0,0.0
mixed,3,32,decay,0,0,0,0,,,1.5570549294352531e-09,0.98828125,0.0018955744362042504,0.001284820751979786,32,0,0,0,0.0
mixed,3,32,inverse,0,0,0,0,,,1.0078125,641728512.0,1986857.2826396227,0.0020071770933760193,32,0,0,0,0.0
mixed,3,32,direct,0,0,0,0,,,1.57160684466362e-09,1.0,0.0018955744362042504,0.0011856255864959558,528,0,0,0,0.0
mixed,3,32,factorized,0,0,0,0,,,1.569219421071466e-09,1.0052490234375,0.005485237972253421,0.0024123989308277144,528,0,0,0,0.0
mixed,3,64,decay,0,0,0,0,,,1.6517142471458857e-20,0.98828125,0.0018955744362042504,0.001284820751979786,64,0,0,0,0.0
mixed,3,64,inverse,0,0,0,0,,,1.0078125,6.052837899185947e+19,3.858757715041485e+16,0.0004256813698597505,64,0,0,0,0.0
mixed,3,64,direct,0,0,0,0,,,1.6728900708272432e-20,1.0,0.0018955744362042504,0.0011921800115351976,2080,0,0,0,0.0
mixed,3,64,factorized,0,0,0,0,,,1.664618264701713e-20,1.0052490234375,0.005485237972253421,0.0022084743064134937,2080,0,0,0,0.0
uniform,4,16,decay,0,0,0,0,,,1.2847795743953228e-17,0.091796875,0.000241752661579539,0.0026265514369760747,16,0,0,0,0.0
uniform,4,16,inverse,0,0,0,0,,,10.875,7.768709357214106e+16,197981729383920.0,0.0025128480363376298,16,0,0,0,0.0
uniform,4,16,direct,0,0,0,0,,,1.3964523981613297e-16,1.0,0.0010790661339805663,0.0003470198482000418,136,0,0,0,0.0
uniform,4,16,factorized,0,0,0,0,,,1.3971977871549135e-16,1.0048828125,0.0048828125,0.0024505774505785977,136,0,0,0,0.0
uniform,4,32,decay,0,0,0,0,,,3.6053408558929055e-31,0.091796875,0.000241752661579539,0.0026265514369760747,32,0,0,0,0.0
uniform,4,32,inverse,0,0,0,0,,,10.875,2.772985687999252e+30,4.8263215786911284e+27,0.0015433173814974174,32,0,0,0,0.0
uniform,4,32,direct,0,0,0,0,,,3.9196526228169024e-30,1.0,0.0010790661339805663,0.00037525022868376733,528,0,0,0,0.0
uniform,4,32,factorized,0,0,0,0,,,3.920808180783535e-30,1.00537109375,0.00537109375,0.0024942241896206627,528,0,0,0,0.0
uniform,4,64,decay,26,26,0,0,38,39,0.0,0.091796875,0.000241752661579539,0.0026265514369760747,64,0,0,0,0.0
uniform,4,64,inverse,0,0,25,0,39,40,10.875,2.9774707105582116e+38,,,64,0,0,0,0.0
uniform,4,64,direct,356,356,0,0,780,,0.0,1.0,0.0015198512162198918,0.00039785244631198235,2080,0,0,0,0.0
uniform,4,64,factorized,1014,1014,0,325,741,,0.0,1.00537109375,,,2080,0,0,0,0.0
mixed,4,16,decay,0,0,0,0,,,0.00579833984375,0.98828125,0.0018955744362042504,0.0012932845835567411,16,0,0,0,0.0
mixed,4,16,inverse,0,0,0,0,,,1.0078125,172.0,0.4314897387326653,0.0021294041885470297,16,0,0,0,0.0
mixed,4,16,direct,0,0,0,0,,,0.005859375,1.0,0.0018955744362042504,0.0011993351717780386,136,0,0,0,0.0
mixed,4,16,factorized,0,0,0,0,,,0.005843639373779297,1.0052490234375,0.0052490234375,0.0025240105960464805,136,0,0,0,0.0
mixed,4,32,decay,0,0,0,0,,,2.2910535335540771e-07,0.98828125,0.0018955744362042504,0.0012932926779118449,32,0,0,0,0.0
mixed,4,32,inverse,0,0,0,0,,,1.0078125,4358144.0,12614.959553427063,0.0022617582124081614,32,0,0,0,0.0
mixed,4,32,direct,0,0,0,0,,,2.3096799850463867e-07,1.0,0.0018955744362042504,0.0011945006810968842,528,0,0,0,0.0
mixed,4,32,factorized,0,0,0,0,,,2.3089523892849684e-07,1.0052490234375,0.0052490234375,0.002459469352461838,528,0,0,0,0.0
mixed,4,64,decay,0,0,0,0,,,7.673861546209082e-12,0.98828125,0.0018955744362042504,0.0012932926779118446,64,0,0,0,0.0
mixed,4,64,inverse,0,0,0,0,,,1.0078125,129922760704.0,248655959.5052185,0.0012494635523603178,64,0,0,0,0.0
mixed,4,64,direct,0,0,0,0,,,7.787548383930698e-12,1.0,0.0018955744362042504,0.0012031042038733398,2080,0,0,0,0.0
mixed,4,64,factorized,0,0,0,0,,,7.73381358953884e-12,1.0052490234375,0.0052490234375,0.002397730001341942,2080,0,0,0,0.0
