shape,method,seed,case,batch,repeats,relative_error,max_abs_error,exact
gram,sm80_w1,0,random,8,1,1.2230388312715921e-07,9.000301361083984e-06,False
gram,sm80_w4,0,random,8,1,1.2230388312715921e-07,9.000301361083984e-06,False
gram,sm80_w8,0,random,8,1,1.2230388312715921e-07,9.000301361083984e-06,False
gram,sm80_pad_w4,0,random,8,1,1.2230388312715921e-07,9.000301361083984e-06,False
gram,sm80_transpose_w4,0,random,8,1,1.2230388312715921e-07,9.000301361083984e-06,False
gram,tc_direct,0,random,8,1,1.2230388312715921e-07,9.000301361083984e-06,False
gram,tc_transpose,0,random,8,1,1.2230388312715921e-07,9.000301361083984e-06,False
gram,sm80_w1,0,random,8,32,4.466340459243244e-06,0.0070018768310546875,False
gram,sm80_w4,0,random,8,32,4.466340459243244e-06,0.0070018768310546875,False
gram,sm80_w8,0,random,8,32,4.466340459243244e-06,0.0070018768310546875,False
gram,sm80_pad_w4,0,random,8,32,4.466340459243244e-06,0.0070018768310546875,False
gram,sm80_transpose_w4,0,random,8,32,4.466340459243244e-06,0.0070018768310546875,False
gram,tc_direct,0,random,8,32,4.466340459243244e-06,0.0070018768310546875,False
gram,tc_transpose,0,random,8,32,4.466340459243244e-06,0.0070018768310546875,False
gram,sm80_w1,0,integer,8,1,0.0,0.0,True
gram,sm80_w4,0,integer,8,1,0.0,0.0,True
gram,sm80_w8,0,integer,8,1,0.0,0.0,True
gram,sm80_pad_w4,0,integer,8,1,0.0,0.0,True
gram,sm80_transpose_w4,0,integer,8,1,0.0,0.0,True
gram,tc_direct,0,integer,8,1,0.0,0.0,True
gram,tc_transpose,0,integer,8,1,0.0,0.0,True
gram,sm80_w1,0,integer,8,32,0.0,0.0,True
gram,sm80_w4,0,integer,8,32,0.0,0.0,True
gram,sm80_w8,0,integer,8,32,0.0,0.0,True
gram,sm80_pad_w4,0,integer,8,32,0.0,0.0,True
gram,sm80_transpose_w4,0,integer,8,32,0.0,0.0,True
gram,tc_direct,0,integer,8,32,0.0,0.0,True
gram,tc_transpose,0,integer,8,32,0.0,0.0,True
gram,sm80_w1,0,zero,8,1,0.0,0.0,True
gram,sm80_w4,0,zero,8,1,0.0,0.0,True
gram,sm80_w8,0,zero,8,1,0.0,0.0,True
gram,sm80_pad_w4,0,zero,8,1,0.0,0.0,True
gram,sm80_transpose_w4,0,zero,8,1,0.0,0.0,True
gram,tc_direct,0,zero,8,1,0.0,0.0,True
gram,tc_transpose,0,zero,8,1,0.0,0.0,True
gram,sm80_w1,0,zero,8,32,0.0,0.0,True
gram,sm80_w4,0,zero,8,32,0.0,0.0,True
gram,sm80_w8,0,zero,8,32,0.0,0.0,True
gram,sm80_pad_w4,0,zero,8,32,0.0,0.0,True
gram,sm80_transpose_w4,0,zero,8,32,0.0,0.0,True
gram,tc_direct,0,zero,8,32,0.0,0.0,True
gram,tc_transpose,0,zero,8,32,0.0,0.0,True
projection,sm80_w1,0,random,8,1,1.2333801423799406e-07,1.062825322151184e-05,False
projection,sm80_w4,0,random,8,1,1.2333801423799406e-07,1.062825322151184e-05,False
projection,sm80_w8,0,random,8,1,1.2333801423799406e-07,1.062825322151184e-05,False
projection,sm80_pad_w4,0,random,8,1,1.2333801423799406e-07,1.062825322151184e-05,False
projection,sm80_transpose_w4,0,random,8,1,1.2333801423799406e-07,1.062825322151184e-05,False
projection,tc_direct,0,random,8,1,1.2333801423799406e-07,1.062825322151184e-05,False
projection,tc_transpose,0,random,8,1,1.2333801423799406e-07,1.062825322151184e-05,False
projection,sm80_w1,0,random,8,32,4.391000952213025e-06,0.00888204574584961,False
projection,sm80_w4,0,random,8,32,4.391000952213025e-06,0.00888204574584961,False
projection,sm80_w8,0,random,8,32,4.391000952213025e-06,0.00888204574584961,False
projection,sm80_pad_w4,0,random,8,32,4.391000952213025e-06,0.00888204574584961,False
projection,sm80_transpose_w4,0,random,8,32,4.391000952213025e-06,0.00888204574584961,False
projection,tc_direct,0,random,8,32,4.391000952213025e-06,0.00888204574584961,False
projection,tc_transpose,0,random,8,32,4.391000952213025e-06,0.00888204574584961,False
projection,sm80_w1,0,integer,8,1,0.0,0.0,True
projection,sm80_w4,0,integer,8,1,0.0,0.0,True
projection,sm80_w8,0,integer,8,1,0.0,0.0,True
projection,sm80_pad_w4,0,integer,8,1,0.0,0.0,True
projection,sm80_transpose_w4,0,integer,8,1,0.0,0.0,True
projection,tc_direct,0,integer,8,1,0.0,0.0,True
projection,tc_transpose,0,integer,8,1,0.0,0.0,True
projection,sm80_w1,0,integer,8,32,0.0,0.0,True
projection,sm80_w4,0,integer,8,32,0.0,0.0,True
projection,sm80_w8,0,integer,8,32,0.0,0.0,True
projection,sm80_pad_w4,0,integer,8,32,0.0,0.0,True
projection,sm80_transpose_w4,0,integer,8,32,0.0,0.0,True
projection,tc_direct,0,integer,8,32,0.0,0.0,True
projection,tc_transpose,0,integer,8,32,0.0,0.0,True
projection,sm80_w1,0,zero,8,1,0.0,0.0,True
projection,sm80_w4,0,zero,8,1,0.0,0.0,True
projection,sm80_w8,0,zero,8,1,0.0,0.0,True
projection,sm80_pad_w4,0,zero,8,1,0.0,0.0,True
projection,sm80_transpose_w4,0,zero,8,1,0.0,0.0,True
projection,tc_direct,0,zero,8,1,0.0,0.0,True
projection,tc_transpose,0,zero,8,1,0.0,0.0,True
projection,sm80_w1,0,zero,8,32,0.0,0.0,True
projection,sm80_w4,0,zero,8,32,0.0,0.0,True
projection,sm80_w8,0,zero,8,32,0.0,0.0,True
projection,sm80_pad_w4,0,zero,8,32,0.0,0.0,True
projection,sm80_transpose_w4,0,zero,8,32,0.0,0.0,True
projection,tc_direct,0,zero,8,32,0.0,0.0,True
projection,tc_transpose,0,zero,8,32,0.0,0.0,True
local_mix,sm80_w1,0,random,8,1,2.597280541686535e-08,1.430511474609375e-06,False
local_mix,sm80_w4,0,random,8,1,2.597280541686535e-08,1.430511474609375e-06,False
local_mix,sm80_w8,0,random,8,1,2.597280541686535e-08,1.430511474609375e-06,False
local_mix,sm80_pad_w4,0,random,8,1,2.597280541686535e-08,1.430511474609375e-06,False
local_mix,sm80_transpose_w4,0,random,8,1,2.597280541686535e-08,1.430511474609375e-06,False
local_mix,tc_direct,0,random,8,1,2.597280541686535e-08,1.430511474609375e-06,False
local_mix,tc_transpose,0,random,8,1,2.597280541686535e-08,1.430511474609375e-06,False
local_mix,sm80_w1,0,random,8,32,6.201627328633011e-07,0.000518798828125,False
local_mix,sm80_w4,0,random,8,32,6.201627328633011e-07,0.000518798828125,False
local_mix,sm80_w8,0,random,8,32,6.201627328633011e-07,0.000518798828125,False
local_mix,sm80_pad_w4,0,random,8,32,6.201627328633011e-07,0.000518798828125,False
local_mix,sm80_transpose_w4,0,random,8,32,6.201627328633011e-07,0.000518798828125,False
local_mix,tc_direct,0,random,8,32,6.201627328633011e-07,0.000518798828125,False
local_mix,tc_transpose,0,random,8,32,6.201627328633011e-07,0.000518798828125,False
local_mix,sm80_w1,0,integer,8,1,0.0,0.0,True
local_mix,sm80_w4,0,integer,8,1,0.0,0.0,True
local_mix,sm80_w8,0,integer,8,1,0.0,0.0,True
local_mix,sm80_pad_w4,0,integer,8,1,0.0,0.0,True
local_mix,sm80_transpose_w4,0,integer,8,1,0.0,0.0,True
local_mix,tc_direct,0,integer,8,1,0.0,0.0,True
local_mix,tc_transpose,0,integer,8,1,0.0,0.0,True
local_mix,sm80_w1,0,integer,8,32,0.0,0.0,True
local_mix,sm80_w4,0,integer,8,32,0.0,0.0,True
local_mix,sm80_w8,0,integer,8,32,0.0,0.0,True
local_mix,sm80_pad_w4,0,integer,8,32,0.0,0.0,True
local_mix,sm80_transpose_w4,0,integer,8,32,0.0,0.0,True
local_mix,tc_direct,0,integer,8,32,0.0,0.0,True
local_mix,tc_transpose,0,integer,8,32,0.0,0.0,True
local_mix,sm80_w1,0,zero,8,1,0.0,0.0,True
local_mix,sm80_w4,0,zero,8,1,0.0,0.0,True
local_mix,sm80_w8,0,zero,8,1,0.0,0.0,True
local_mix,sm80_pad_w4,0,zero,8,1,0.0,0.0,True
local_mix,sm80_transpose_w4,0,zero,8,1,0.0,0.0,True
local_mix,tc_direct,0,zero,8,1,0.0,0.0,True
local_mix,tc_transpose,0,zero,8,1,0.0,0.0,True
local_mix,sm80_w1,0,zero,8,32,0.0,0.0,True
local_mix,sm80_w4,0,zero,8,32,0.0,0.0,True
local_mix,sm80_w8,0,zero,8,32,0.0,0.0,True
local_mix,sm80_pad_w4,0,zero,8,32,0.0,0.0,True
local_mix,sm80_transpose_w4,0,zero,8,32,0.0,0.0,True
local_mix,tc_direct,0,zero,8,32,0.0,0.0,True
local_mix,tc_transpose,0,zero,8,32,0.0,0.0,True
state_update,sm80_w1,0,random,8,1,2.7215688679277106e-08,1.8775463104248047e-06,False
state_update,sm80_w4,0,random,8,1,2.7215688679277106e-08,1.8775463104248047e-06,False
state_update,sm80_w8,0,random,8,1,2.7215688679277106e-08,1.8775463104248047e-06,False
state_update,sm80_pad_w4,0,random,8,1,2.7215688679277106e-08,1.8775463104248047e-06,False
state_update,sm80_transpose_w4,0,random,8,1,2.7215688679277106e-08,1.8775463104248047e-06,False
state_update,tc_direct,0,random,8,1,2.7215688679277106e-08,1.8775463104248047e-06,False
state_update,tc_transpose,0,random,8,1,2.7215688679277106e-08,1.8775463104248047e-06,False
state_update,sm80_w1,0,random,8,32,6.173844245066485e-07,0.0006866455078125,False
state_update,sm80_w4,0,random,8,32,6.173844245066485e-07,0.0006866455078125,False
state_update,sm80_w8,0,random,8,32,6.173844245066485e-07,0.0006866455078125,False
state_update,sm80_pad_w4,0,random,8,32,6.173844245066485e-07,0.0006866455078125,False
state_update,sm80_transpose_w4,0,random,8,32,6.173844245066485e-07,0.0006866455078125,False
state_update,tc_direct,0,random,8,32,6.173844245066485e-07,0.0006866455078125,False
state_update,tc_transpose,0,random,8,32,6.173844245066485e-07,0.0006866455078125,False
state_update,sm80_w1,0,integer,8,1,0.0,0.0,True
state_update,sm80_w4,0,integer,8,1,0.0,0.0,True
state_update,sm80_w8,0,integer,8,1,0.0,0.0,True
state_update,sm80_pad_w4,0,integer,8,1,0.0,0.0,True
state_update,sm80_transpose_w4,0,integer,8,1,0.0,0.0,True
state_update,tc_direct,0,integer,8,1,0.0,0.0,True
state_update,tc_transpose,0,integer,8,1,0.0,0.0,True
state_update,sm80_w1,0,integer,8,32,0.0,0.0,True
state_update,sm80_w4,0,integer,8,32,0.0,0.0,True
state_update,sm80_w8,0,integer,8,32,0.0,0.0,True
state_update,sm80_pad_w4,0,integer,8,32,0.0,0.0,True
state_update,sm80_transpose_w4,0,integer,8,32,0.0,0.0,True
state_update,tc_direct,0,integer,8,32,0.0,0.0,True
state_update,tc_transpose,0,integer,8,32,0.0,0.0,True
state_update,sm80_w1,0,zero,8,1,0.0,0.0,True
state_update,sm80_w4,0,zero,8,1,0.0,0.0,True
state_update,sm80_w8,0,zero,8,1,0.0,0.0,True
state_update,sm80_pad_w4,0,zero,8,1,0.0,0.0,True
state_update,sm80_transpose_w4,0,zero,8,1,0.0,0.0,True
state_update,tc_direct,0,zero,8,1,0.0,0.0,True
state_update,tc_transpose,0,zero,8,1,0.0,0.0,True
state_update,sm80_w1,0,zero,8,32,0.0,0.0,True
state_update,sm80_w4,0,zero,8,32,0.0,0.0,True
state_update,sm80_w8,0,zero,8,32,0.0,0.0,True
state_update,sm80_pad_w4,0,zero,8,32,0.0,0.0,True
state_update,sm80_transpose_w4,0,zero,8,32,0.0,0.0,True
state_update,tc_direct,0,zero,8,32,0.0,0.0,True
state_update,tc_transpose,0,zero,8,32,0.0,0.0,True
square,sm80_w1,0,random,8,1,3.062601566744373e-08,1.430511474609375e-06,False
square,sm80_w4,0,random,8,1,3.062601566744373e-08,1.430511474609375e-06,False
square,sm80_w8,0,random,8,1,3.062601566744373e-08,1.430511474609375e-06,False
square,sm80_pad_w4,0,random,8,1,3.062601566744373e-08,1.430511474609375e-06,False
square,sm80_transpose_w4,0,random,8,1,3.062601566744373e-08,1.430511474609375e-06,False
square,tc_direct,0,random,8,1,3.062601566744373e-08,1.430511474609375e-06,False
square,tc_transpose,0,random,8,1,3.062601566744373e-08,1.430511474609375e-06,False
square,sm80_w1,0,random,8,32,6.720961981807821e-07,0.00048828125,False
square,sm80_w4,0,random,8,32,6.720961981807821e-07,0.00048828125,False
square,sm80_w8,0,random,8,32,6.720961981807821e-07,0.00048828125,False
square,sm80_pad_w4,0,random,8,32,6.720961981807821e-07,0.00048828125,False
square,sm80_transpose_w4,0,random,8,32,6.720961981807821e-07,0.00048828125,False
square,tc_direct,0,random,8,32,6.720961981807821e-07,0.00048828125,False
square,tc_transpose,0,random,8,32,6.720961981807821e-07,0.00048828125,False
square,sm80_w1,0,integer,8,1,0.0,0.0,True
square,sm80_w4,0,integer,8,1,0.0,0.0,True
square,sm80_w8,0,integer,8,1,0.0,0.0,True
square,sm80_pad_w4,0,integer,8,1,0.0,0.0,True
square,sm80_transpose_w4,0,integer,8,1,0.0,0.0,True
square,tc_direct,0,integer,8,1,0.0,0.0,True
square,tc_transpose,0,integer,8,1,0.0,0.0,True
square,sm80_w1,0,integer,8,32,0.0,0.0,True
square,sm80_w4,0,integer,8,32,0.0,0.0,True
square,sm80_w8,0,integer,8,32,0.0,0.0,True
square,sm80_pad_w4,0,integer,8,32,0.0,0.0,True
square,sm80_transpose_w4,0,integer,8,32,0.0,0.0,True
square,tc_direct,0,integer,8,32,0.0,0.0,True
square,tc_transpose,0,integer,8,32,0.0,0.0,True
square,sm80_w1,0,zero,8,1,0.0,0.0,True
square,sm80_w4,0,zero,8,1,0.0,0.0,True
square,sm80_w8,0,zero,8,1,0.0,0.0,True
square,sm80_pad_w4,0,zero,8,1,0.0,0.0,True
square,sm80_transpose_w4,0,zero,8,1,0.0,0.0,True
square,tc_direct,0,zero,8,1,0.0,0.0,True
square,tc_transpose,0,zero,8,1,0.0,0.0,True
square,sm80_w1,0,zero,8,32,0.0,0.0,True
square,sm80_w4,0,zero,8,32,0.0,0.0,True
square,sm80_w8,0,zero,8,32,0.0,0.0,True
square,sm80_pad_w4,0,zero,8,32,0.0,0.0,True
square,sm80_transpose_w4,0,zero,8,32,0.0,0.0,True
square,tc_direct,0,zero,8,32,0.0,0.0,True
square,tc_transpose,0,zero,8,32,0.0,0.0,True
gram,sm80_w1,1,random,8,1,1.2156211820189403e-07,7.331371307373047e-06,False
gram,sm80_w4,1,random,8,1,1.2156211820189403e-07,7.331371307373047e-06,False
gram,sm80_w8,1,random,8,1,1.2156211820189403e-07,7.331371307373047e-06,False
gram,sm80_pad_w4,1,random,8,1,1.2156211820189403e-07,7.331371307373047e-06,False
gram,sm80_transpose_w4,1,random,8,1,1.2156211820189403e-07,7.331371307373047e-06,False
gram,tc_direct,1,random,8,1,1.2156211820189403e-07,7.331371307373047e-06,False
gram,tc_transpose,1,random,8,1,1.2156211820189403e-07,7.331371307373047e-06,False
gram,sm80_w1,1,random,8,32,4.4618786379253495e-06,0.0058116912841796875,False
gram,sm80_w4,1,random,8,32,4.4618786379253495e-06,0.0058116912841796875,False
gram,sm80_w8,1,random,8,32,4.4618786379253495e-06,0.0058116912841796875,False
gram,sm80_pad_w4,1,random,8,32,4.4618786379253495e-06,0.0058116912841796875,False
gram,sm80_transpose_w4,1,random,8,32,4.4618786379253495e-06,0.0058116912841796875,False
gram,tc_direct,1,random,8,32,4.4618786379253495e-06,0.0058116912841796875,False
gram,tc_transpose,1,random,8,32,4.4618786379253495e-06,0.0058116912841796875,False
gram,sm80_w1,1,integer,8,1,0.0,0.0,True
gram,sm80_w4,1,integer,8,1,0.0,0.0,True
gram,sm80_w8,1,integer,8,1,0.0,0.0,True
gram,sm80_pad_w4,1,integer,8,1,0.0,0.0,True
gram,sm80_transpose_w4,1,integer,8,1,0.0,0.0,True
gram,tc_direct,1,integer,8,1,0.0,0.0,True
gram,tc_transpose,1,integer,8,1,0.0,0.0,True
gram,sm80_w1,1,integer,8,32,0.0,0.0,True
gram,sm80_w4,1,integer,8,32,0.0,0.0,True
gram,sm80_w8,1,integer,8,32,0.0,0.0,True
gram,sm80_pad_w4,1,integer,8,32,0.0,0.0,True
gram,sm80_transpose_w4,1,integer,8,32,0.0,0.0,True
gram,tc_direct,1,integer,8,32,0.0,0.0,True
gram,tc_transpose,1,integer,8,32,0.0,0.0,True
gram,sm80_w1,1,zero,8,1,0.0,0.0,True
gram,sm80_w4,1,zero,8,1,0.0,0.0,True
gram,sm80_w8,1,zero,8,1,0.0,0.0,True
gram,sm80_pad_w4,1,zero,8,1,0.0,0.0,True
gram,sm80_transpose_w4,1,zero,8,1,0.0,0.0,True
gram,tc_direct,1,zero,8,1,0.0,0.0,True
gram,tc_transpose,1,zero,8,1,0.0,0.0,True
gram,sm80_w1,1,zero,8,32,0.0,0.0,True
gram,sm80_w4,1,zero,8,32,0.0,0.0,True
gram,sm80_w8,1,zero,8,32,0.0,0.0,True
gram,sm80_pad_w4,1,zero,8,32,0.0,0.0,True
gram,sm80_transpose_w4,1,zero,8,32,0.0,0.0,True
gram,tc_direct,1,zero,8,32,0.0,0.0,True
gram,tc_transpose,1,zero,8,32,0.0,0.0,True
projection,sm80_w1,1,random,8,1,1.2208337270798976e-07,8.64267349243164e-06,False
projection,sm80_w4,1,random,8,1,1.2208337270798976e-07,8.64267349243164e-06,False
projection,sm80_w8,1,random,8,1,1.2208337270798976e-07,8.64267349243164e-06,False
projection,sm80_pad_w4,1,random,8,1,1.2208337270798976e-07,8.64267349243164e-06,False
projection,sm80_transpose_w4,1,random,8,1,1.2208337270798976e-07,8.64267349243164e-06,False
projection,tc_direct,1,random,8,1,1.2208337270798976e-07,8.64267349243164e-06,False
projection,tc_transpose,1,random,8,1,1.2208337270798976e-07,8.64267349243164e-06,False
projection,sm80_w1,1,random,8,32,4.363547966080134e-06,0.009412765502929688,False
projection,sm80_w4,1,random,8,32,4.363547966080134e-06,0.009412765502929688,False
projection,sm80_w8,1,random,8,32,4.363547966080134e-06,0.009412765502929688,False
projection,sm80_pad_w4,1,random,8,32,4.363547966080134e-06,0.009412765502929688,False
projection,sm80_transpose_w4,1,random,8,32,4.363547966080134e-06,0.009412765502929688,False
projection,tc_direct,1,random,8,32,4.363547966080134e-06,0.009412765502929688,False
projection,tc_transpose,1,random,8,32,4.363547966080134e-06,0.009412765502929688,False
projection,sm80_w1,1,integer,8,1,0.0,0.0,True
projection,sm80_w4,1,integer,8,1,0.0,0.0,True
projection,sm80_w8,1,integer,8,1,0.0,0.0,True
projection,sm80_pad_w4,1,integer,8,1,0.0,0.0,True
projection,sm80_transpose_w4,1,integer,8,1,0.0,0.0,True
projection,tc_direct,1,integer,8,1,0.0,0.0,True
projection,tc_transpose,1,integer,8,1,0.0,0.0,True
projection,sm80_w1,1,integer,8,32,0.0,0.0,True
projection,sm80_w4,1,integer,8,32,0.0,0.0,True
projection,sm80_w8,1,integer,8,32,0.0,0.0,True
projection,sm80_pad_w4,1,integer,8,32,0.0,0.0,True
projection,sm80_transpose_w4,1,integer,8,32,0.0,0.0,True
projection,tc_direct,1,integer,8,32,0.0,0.0,True
projection,tc_transpose,1,integer,8,32,0.0,0.0,True
projection,sm80_w1,1,zero,8,1,0.0,0.0,True
projection,sm80_w4,1,zero,8,1,0.0,0.0,True
projection,sm80_w8,1,zero,8,1,0.0,0.0,True
projection,sm80_pad_w4,1,zero,8,1,0.0,0.0,True
projection,sm80_transpose_w4,1,zero,8,1,0.0,0.0,True
projection,tc_direct,1,zero,8,1,0.0,0.0,True
projection,tc_transpose,1,zero,8,1,0.0,0.0,True
projection,sm80_w1,1,zero,8,32,0.0,0.0,True
projection,sm80_w4,1,zero,8,32,0.0,0.0,True
projection,sm80_w8,1,zero,8,32,0.0,0.0,True
projection,sm80_pad_w4,1,zero,8,32,0.0,0.0,True
projection,sm80_transpose_w4,1,zero,8,32,0.0,0.0,True
projection,tc_direct,1,zero,8,32,0.0,0.0,True
projection,tc_transpose,1,zero,8,32,0.0,0.0,True
local_mix,sm80_w1,1,random,8,1,2.860893863069212e-08,1.430511474609375e-06,False
local_mix,sm80_w4,1,random,8,1,2.860893863069212e-08,1.430511474609375e-06,False
local_mix,sm80_w8,1,random,8,1,2.860893863069212e-08,1.430511474609375e-06,False
local_mix,sm80_pad_w4,1,random,8,1,2.860893863069212e-08,1.430511474609375e-06,False
local_mix,sm80_transpose_w4,1,random,8,1,2.860893863069212e-08,1.430511474609375e-06,False
local_mix,tc_direct,1,random,8,1,2.860893863069212e-08,1.430511474609375e-06,False
local_mix,tc_transpose,1,random,8,1,2.860893863069212e-08,1.430511474609375e-06,False
local_mix,sm80_w1,1,random,8,32,6.201060466044131e-07,0.0005340576171875,False
local_mix,sm80_w4,1,random,8,32,6.201060466044131e-07,0.0005340576171875,False
local_mix,sm80_w8,1,random,8,32,6.201060466044131e-07,0.0005340576171875,False
local_mix,sm80_pad_w4,1,random,8,32,6.201060466044131e-07,0.0005340576171875,False
local_mix,sm80_transpose_w4,1,random,8,32,6.201060466044131e-07,0.0005340576171875,False
local_mix,tc_direct,1,random,8,32,6.201060466044131e-07,0.0005340576171875,False
local_mix,tc_transpose,1,random,8,32,6.201060466044131e-07,0.0005340576171875,False
local_mix,sm80_w1,1,integer,8,1,0.0,0.0,True
local_mix,sm80_w4,1,integer,8,1,0.0,0.0,True
local_mix,sm80_w8,1,integer,8,1,0.0,0.0,True
local_mix,sm80_pad_w4,1,integer,8,1,0.0,0.0,True
local_mix,sm80_transpose_w4,1,integer,8,1,0.0,0.0,True
local_mix,tc_direct,1,integer,8,1,0.0,0.0,True
local_mix,tc_transpose,1,integer,8,1,0.0,0.0,True
local_mix,sm80_w1,1,integer,8,32,0.0,0.0,True
local_mix,sm80_w4,1,integer,8,32,0.0,0.0,True
local_mix,sm80_w8,1,integer,8,32,0.0,0.0,True
local_mix,sm80_pad_w4,1,integer,8,32,0.0,0.0,True
local_mix,sm80_transpose_w4,1,integer,8,32,0.0,0.0,True
local_mix,tc_direct,1,integer,8,32,0.0,0.0,True
local_mix,tc_transpose,1,integer,8,32,0.0,0.0,True
local_mix,sm80_w1,1,zero,8,1,0.0,0.0,True
local_mix,sm80_w4,1,zero,8,1,0.0,0.0,True
local_mix,sm80_w8,1,zero,8,1,0.0,0.0,True
local_mix,sm80_pad_w4,1,zero,8,1,0.0,0.0,True
local_mix,sm80_transpose_w4,1,zero,8,1,0.0,0.0,True
local_mix,tc_direct,1,zero,8,1,0.0,0.0,True
local_mix,tc_transpose,1,zero,8,1,0.0,0.0,True
local_mix,sm80_w1,1,zero,8,32,0.0,0.0,True
local_mix,sm80_w4,1,zero,8,32,0.0,0.0,True
local_mix,sm80_w8,1,zero,8,32,0.0,0.0,True
local_mix,sm80_pad_w4,1,zero,8,32,0.0,0.0,True
local_mix,sm80_transpose_w4,1,zero,8,32,0.0,0.0,True
local_mix,tc_direct,1,zero,8,32,0.0,0.0,True
local_mix,tc_transpose,1,zero,8,32,0.0,0.0,True
state_update,sm80_w1,1,random,8,1,2.6204407223352902e-08,1.6689300537109375e-06,False
state_update,sm80_w4,1,random,8,1,2.6204407223352902e-08,1.6689300537109375e-06,False
state_update,sm80_w8,1,random,8,1,2.6204407223352902e-08,1.6689300537109375e-06,False
state_update,sm80_pad_w4,1,random,8,1,2.6204407223352902e-08,1.6689300537109375e-06,False
state_update,sm80_transpose_w4,1,random,8,1,2.6204407223352902e-08,1.6689300537109375e-06,False
state_update,tc_direct,1,random,8,1,2.6204407223352902e-08,1.6689300537109375e-06,False
state_update,tc_transpose,1,random,8,1,2.6204407223352902e-08,1.6689300537109375e-06,False
state_update,sm80_w1,1,random,8,32,6.1390022670178e-07,0.000762939453125,False
state_update,sm80_w4,1,random,8,32,6.1390022670178e-07,0.000762939453125,False
state_update,sm80_w8,1,random,8,32,6.1390022670178e-07,0.000762939453125,False
state_update,sm80_pad_w4,1,random,8,32,6.1390022670178e-07,0.000762939453125,False
state_update,sm80_transpose_w4,1,random,8,32,6.1390022670178e-07,0.000762939453125,False
state_update,tc_direct,1,random,8,32,6.1390022670178e-07,0.000762939453125,False
state_update,tc_transpose,1,random,8,32,6.1390022670178e-07,0.000762939453125,False
state_update,sm80_w1,1,integer,8,1,0.0,0.0,True
state_update,sm80_w4,1,integer,8,1,0.0,0.0,True
state_update,sm80_w8,1,integer,8,1,0.0,0.0,True
state_update,sm80_pad_w4,1,integer,8,1,0.0,0.0,True
state_update,sm80_transpose_w4,1,integer,8,1,0.0,0.0,True
state_update,tc_direct,1,integer,8,1,0.0,0.0,True
state_update,tc_transpose,1,integer,8,1,0.0,0.0,True
state_update,sm80_w1,1,integer,8,32,0.0,0.0,True
state_update,sm80_w4,1,integer,8,32,0.0,0.0,True
state_update,sm80_w8,1,integer,8,32,0.0,0.0,True
state_update,sm80_pad_w4,1,integer,8,32,0.0,0.0,True
state_update,sm80_transpose_w4,1,integer,8,32,0.0,0.0,True
state_update,tc_direct,1,integer,8,32,0.0,0.0,True
state_update,tc_transpose,1,integer,8,32,0.0,0.0,True
state_update,sm80_w1,1,zero,8,1,0.0,0.0,True
state_update,sm80_w4,1,zero,8,1,0.0,0.0,True
state_update,sm80_w8,1,zero,8,1,0.0,0.0,True
state_update,sm80_pad_w4,1,zero,8,1,0.0,0.0,True
state_update,sm80_transpose_w4,1,zero,8,1,0.0,0.0,True
state_update,tc_direct,1,zero,8,1,0.0,0.0,True
state_update,tc_transpose,1,zero,8,1,0.0,0.0,True
state_update,sm80_w1,1,zero,8,32,0.0,0.0,True
state_update,sm80_w4,1,zero,8,32,0.0,0.0,True
state_update,sm80_w8,1,zero,8,32,0.0,0.0,True
state_update,sm80_pad_w4,1,zero,8,32,0.0,0.0,True
state_update,sm80_transpose_w4,1,zero,8,32,0.0,0.0,True
state_update,tc_direct,1,zero,8,32,0.0,0.0,True
state_update,tc_transpose,1,zero,8,32,0.0,0.0,True
square,sm80_w1,1,random,8,1,3.022902207690056e-08,8.642673492431641e-07,False
square,sm80_w4,1,random,8,1,3.022902207690056e-08,8.642673492431641e-07,False
square,sm80_w8,1,random,8,1,3.022902207690056e-08,8.642673492431641e-07,False
square,sm80_pad_w4,1,random,8,1,3.022902207690056e-08,8.642673492431641e-07,False
square,sm80_transpose_w4,1,random,8,1,3.022902207690056e-08,8.642673492431641e-07,False
square,tc_direct,1,random,8,1,3.022902207690056e-08,8.642673492431641e-07,False
square,tc_transpose,1,random,8,1,3.022902207690056e-08,8.642673492431641e-07,False
square,sm80_w1,1,random,8,32,6.552464498538327e-07,0.0005340576171875,False
square,sm80_w4,1,random,8,32,6.552464498538327e-07,0.0005340576171875,False
square,sm80_w8,1,random,8,32,6.552464498538327e-07,0.0005340576171875,False
square,sm80_pad_w4,1,random,8,32,6.552464498538327e-07,0.0005340576171875,False
square,sm80_transpose_w4,1,random,8,32,6.552464498538327e-07,0.0005340576171875,False
square,tc_direct,1,random,8,32,6.552464498538327e-07,0.0005340576171875,False
square,tc_transpose,1,random,8,32,6.552464498538327e-07,0.0005340576171875,False
square,sm80_w1,1,integer,8,1,0.0,0.0,True
square,sm80_w4,1,integer,8,1,0.0,0.0,True
square,sm80_w8,1,integer,8,1,0.0,0.0,True
square,sm80_pad_w4,1,integer,8,1,0.0,0.0,True
square,sm80_transpose_w4,1,integer,8,1,0.0,0.0,True
square,tc_direct,1,integer,8,1,0.0,0.0,True
square,tc_transpose,1,integer,8,1,0.0,0.0,True
square,sm80_w1,1,integer,8,32,0.0,0.0,True
square,sm80_w4,1,integer,8,32,0.0,0.0,True
square,sm80_w8,1,integer,8,32,0.0,0.0,True
square,sm80_pad_w4,1,integer,8,32,0.0,0.0,True
square,sm80_transpose_w4,1,integer,8,32,0.0,0.0,True
square,tc_direct,1,integer,8,32,0.0,0.0,True
square,tc_transpose,1,integer,8,32,0.0,0.0,True
square,sm80_w1,1,zero,8,1,0.0,0.0,True
square,sm80_w4,1,zero,8,1,0.0,0.0,True
square,sm80_w8,1,zero,8,1,0.0,0.0,True
square,sm80_pad_w4,1,zero,8,1,0.0,0.0,True
square,sm80_transpose_w4,1,zero,8,1,0.0,0.0,True
square,tc_direct,1,zero,8,1,0.0,0.0,True
square,tc_transpose,1,zero,8,1,0.0,0.0,True
square,sm80_w1,1,zero,8,32,0.0,0.0,True
square,sm80_w4,1,zero,8,32,0.0,0.0,True
square,sm80_w8,1,zero,8,32,0.0,0.0,True
square,sm80_pad_w4,1,zero,8,32,0.0,0.0,True
square,sm80_transpose_w4,1,zero,8,32,0.0,0.0,True
square,tc_direct,1,zero,8,32,0.0,0.0,True
square,tc_transpose,1,zero,8,32,0.0,0.0,True
gram,sm80_w1,2,random,8,1,1.396127751458065e-07,8.106231689453125e-06,False
gram,sm80_w4,2,random,8,1,1.396127751458065e-07,8.106231689453125e-06,False
gram,sm80_w8,2,random,8,1,1.396127751458065e-07,8.106231689453125e-06,False
gram,sm80_pad_w4,2,random,8,1,1.396127751458065e-07,8.106231689453125e-06,False
gram,sm80_transpose_w4,2,random,8,1,1.396127751458065e-07,8.106231689453125e-06,False
gram,tc_direct,2,random,8,1,1.396127751458065e-07,8.106231689453125e-06,False
gram,tc_transpose,2,random,8,1,1.396127751458065e-07,8.106231689453125e-06,False
gram,sm80_w1,2,random,8,32,4.536795061271603e-06,0.007537841796875,False
gram,sm80_w4,2,random,8,32,4.536795061271603e-06,0.007537841796875,False
gram,sm80_w8,2,random,8,32,4.536795061271603e-06,0.007537841796875,False
gram,sm80_pad_w4,2,random,8,32,4.536795061271603e-06,0.007537841796875,False
gram,sm80_transpose_w4,2,random,8,32,4.536795061271603e-06,0.007537841796875,False
gram,tc_direct,2,random,8,32,4.536795061271603e-06,0.007537841796875,False
gram,tc_transpose,2,random,8,32,4.536795061271603e-06,0.007537841796875,False
gram,sm80_w1,2,integer,8,1,0.0,0.0,True
gram,sm80_w4,2,integer,8,1,0.0,0.0,True
gram,sm80_w8,2,integer,8,1,0.0,0.0,True
gram,sm80_pad_w4,2,integer,8,1,0.0,0.0,True
gram,sm80_transpose_w4,2,integer,8,1,0.0,0.0,True
gram,tc_direct,2,integer,8,1,0.0,0.0,True
gram,tc_transpose,2,integer,8,1,0.0,0.0,True
gram,sm80_w1,2,integer,8,32,0.0,0.0,True
gram,sm80_w4,2,integer,8,32,0.0,0.0,True
gram,sm80_w8,2,integer,8,32,0.0,0.0,True
gram,sm80_pad_w4,2,integer,8,32,0.0,0.0,True
gram,sm80_transpose_w4,2,integer,8,32,0.0,0.0,True
gram,tc_direct,2,integer,8,32,0.0,0.0,True
gram,tc_transpose,2,integer,8,32,0.0,0.0,True
gram,sm80_w1,2,zero,8,1,0.0,0.0,True
gram,sm80_w4,2,zero,8,1,0.0,0.0,True
gram,sm80_w8,2,zero,8,1,0.0,0.0,True
gram,sm80_pad_w4,2,zero,8,1,0.0,0.0,True
gram,sm80_transpose_w4,2,zero,8,1,0.0,0.0,True
gram,tc_direct,2,zero,8,1,0.0,0.0,True
gram,tc_transpose,2,zero,8,1,0.0,0.0,True
gram,sm80_w1,2,zero,8,32,0.0,0.0,True
gram,sm80_w4,2,zero,8,32,0.0,0.0,True
gram,sm80_w8,2,zero,8,32,0.0,0.0,True
gram,sm80_pad_w4,2,zero,8,32,0.0,0.0,True
gram,sm80_transpose_w4,2,zero,8,32,0.0,0.0,True
gram,tc_direct,2,zero,8,32,0.0,0.0,True
gram,tc_transpose,2,zero,8,32,0.0,0.0,True
projection,sm80_w1,2,random,8,1,1.1924132713147706e-07,7.748603820800781e-06,False
projection,sm80_w4,2,random,8,1,1.1924132713147706e-07,7.748603820800781e-06,False
projection,sm80_w8,2,random,8,1,1.1924132713147706e-07,7.748603820800781e-06,False
projection,sm80_pad_w4,2,random,8,1,1.1924132713147706e-07,7.748603820800781e-06,False
projection,sm80_transpose_w4,2,random,8,1,1.1924132713147706e-07,7.748603820800781e-06,False
projection,tc_direct,2,random,8,1,1.1924132713147706e-07,7.748603820800781e-06,False
projection,tc_transpose,2,random,8,1,1.1924132713147706e-07,7.748603820800781e-06,False
projection,sm80_w1,2,random,8,32,4.362096655251905e-06,0.009159088134765625,False
projection,sm80_w4,2,random,8,32,4.362096655251905e-06,0.009159088134765625,False
projection,sm80_w8,2,random,8,32,4.362096655251905e-06,0.009159088134765625,False
projection,sm80_pad_w4,2,random,8,32,4.362096655251905e-06,0.009159088134765625,False
projection,sm80_transpose_w4,2,random,8,32,4.362096655251905e-06,0.009159088134765625,False
projection,tc_direct,2,random,8,32,4.362096655251905e-06,0.009159088134765625,False
projection,tc_transpose,2,random,8,32,4.362096655251905e-06,0.009159088134765625,False
projection,sm80_w1,2,integer,8,1,0.0,0.0,True
projection,sm80_w4,2,integer,8,1,0.0,0.0,True
projection,sm80_w8,2,integer,8,1,0.0,0.0,True
projection,sm80_pad_w4,2,integer,8,1,0.0,0.0,True
projection,sm80_transpose_w4,2,integer,8,1,0.0,0.0,True
projection,tc_direct,2,integer,8,1,0.0,0.0,True
projection,tc_transpose,2,integer,8,1,0.0,0.0,True
projection,sm80_w1,2,integer,8,32,0.0,0.0,True
projection,sm80_w4,2,integer,8,32,0.0,0.0,True
projection,sm80_w8,2,integer,8,32,0.0,0.0,True
projection,sm80_pad_w4,2,integer,8,32,0.0,0.0,True
projection,sm80_transpose_w4,2,integer,8,32,0.0,0.0,True
projection,tc_direct,2,integer,8,32,0.0,0.0,True
projection,tc_transpose,2,integer,8,32,0.0,0.0,True
projection,sm80_w1,2,zero,8,1,0.0,0.0,True
projection,sm80_w4,2,zero,8,1,0.0,0.0,True
projection,sm80_w8,2,zero,8,1,0.0,0.0,True
projection,sm80_pad_w4,2,zero,8,1,0.0,0.0,True
projection,sm80_transpose_w4,2,zero,8,1,0.0,0.0,True
projection,tc_direct,2,zero,8,1,0.0,0.0,True
projection,tc_transpose,2,zero,8,1,0.0,0.0,True
projection,sm80_w1,2,zero,8,32,0.0,0.0,True
projection,sm80_w4,2,zero,8,32,0.0,0.0,True
projection,sm80_w8,2,zero,8,32,0.0,0.0,True
projection,sm80_pad_w4,2,zero,8,32,0.0,0.0,True
projection,sm80_transpose_w4,2,zero,8,32,0.0,0.0,True
projection,tc_direct,2,zero,8,32,0.0,0.0,True
projection,tc_transpose,2,zero,8,32,0.0,0.0,True
local_mix,sm80_w1,2,random,8,1,2.987268988825539e-08,1.430511474609375e-06,False
local_mix,sm80_w4,2,random,8,1,2.987268988825539e-08,1.430511474609375e-06,False
local_mix,sm80_w8,2,random,8,1,2.987268988825539e-08,1.430511474609375e-06,False
local_mix,sm80_pad_w4,2,random,8,1,2.987268988825539e-08,1.430511474609375e-06,False
local_mix,sm80_transpose_w4,2,random,8,1,2.987268988825539e-08,1.430511474609375e-06,False
local_mix,tc_direct,2,random,8,1,2.987268988825539e-08,1.430511474609375e-06,False
local_mix,tc_transpose,2,random,8,1,2.987268988825539e-08,1.430511474609375e-06,False
local_mix,sm80_w1,2,random,8,32,6.433130966596983e-07,0.0006771087646484375,False
local_mix,sm80_w4,2,random,8,32,6.433130966596983e-07,0.0006771087646484375,False
local_mix,sm80_w8,2,random,8,32,6.433130966596983e-07,0.0006771087646484375,False
local_mix,sm80_pad_w4,2,random,8,32,6.433130966596983e-07,0.0006771087646484375,False
local_mix,sm80_transpose_w4,2,random,8,32,6.433130966596983e-07,0.0006771087646484375,False
local_mix,tc_direct,2,random,8,32,6.433130966596983e-07,0.0006771087646484375,False
local_mix,tc_transpose,2,random,8,32,6.433130966596983e-07,0.0006771087646484375,False
local_mix,sm80_w1,2,integer,8,1,0.0,0.0,True
local_mix,sm80_w4,2,integer,8,1,0.0,0.0,True
local_mix,sm80_w8,2,integer,8,1,0.0,0.0,True
local_mix,sm80_pad_w4,2,integer,8,1,0.0,0.0,True
local_mix,sm80_transpose_w4,2,integer,8,1,0.0,0.0,True
local_mix,tc_direct,2,integer,8,1,0.0,0.0,True
local_mix,tc_transpose,2,integer,8,1,0.0,0.0,True
local_mix,sm80_w1,2,integer,8,32,0.0,0.0,True
local_mix,sm80_w4,2,integer,8,32,0.0,0.0,True
local_mix,sm80_w8,2,integer,8,32,0.0,0.0,True
local_mix,sm80_pad_w4,2,integer,8,32,0.0,0.0,True
local_mix,sm80_transpose_w4,2,integer,8,32,0.0,0.0,True
local_mix,tc_direct,2,integer,8,32,0.0,0.0,True
local_mix,tc_transpose,2,integer,8,32,0.0,0.0,True
local_mix,sm80_w1,2,zero,8,1,0.0,0.0,True
local_mix,sm80_w4,2,zero,8,1,0.0,0.0,True
local_mix,sm80_w8,2,zero,8,1,0.0,0.0,True
local_mix,sm80_pad_w4,2,zero,8,1,0.0,0.0,True
local_mix,sm80_transpose_w4,2,zero,8,1,0.0,0.0,True
local_mix,tc_direct,2,zero,8,1,0.0,0.0,True
local_mix,tc_transpose,2,zero,8,1,0.0,0.0,True
local_mix,sm80_w1,2,zero,8,32,0.0,0.0,True
local_mix,sm80_w4,2,zero,8,32,0.0,0.0,True
local_mix,sm80_w8,2,zero,8,32,0.0,0.0,True
local_mix,sm80_pad_w4,2,zero,8,32,0.0,0.0,True
local_mix,sm80_transpose_w4,2,zero,8,32,0.0,0.0,True
local_mix,tc_direct,2,zero,8,32,0.0,0.0,True
local_mix,tc_transpose,2,zero,8,32,0.0,0.0,True
state_update,sm80_w1,2,random,8,1,2.5637728196726837e-08,1.6689300537109375e-06,False
state_update,sm80_w4,2,random,8,1,2.5637728196726837e-08,1.6689300537109375e-06,False
state_update,sm80_w8,2,random,8,1,2.5637728196726837e-08,1.6689300537109375e-06,False
state_update,sm80_pad_w4,2,random,8,1,2.5637728196726837e-08,1.6689300537109375e-06,False
state_update,sm80_transpose_w4,2,random,8,1,2.5637728196726837e-08,1.6689300537109375e-06,False
state_update,tc_direct,2,random,8,1,2.5637728196726837e-08,1.6689300537109375e-06,False
state_update,tc_transpose,2,random,8,1,2.5637728196726837e-08,1.6689300537109375e-06,False
state_update,sm80_w1,2,random,8,32,6.228463064796483e-07,0.00091552734375,False
state_update,sm80_w4,2,random,8,32,6.228463064796483e-07,0.00091552734375,False
state_update,sm80_w8,2,random,8,32,6.228463064796483e-07,0.00091552734375,False
state_update,sm80_pad_w4,2,random,8,32,6.228463064796483e-07,0.00091552734375,False
state_update,sm80_transpose_w4,2,random,8,32,6.228463064796483e-07,0.00091552734375,False
state_update,tc_direct,2,random,8,32,6.228463064796483e-07,0.00091552734375,False
state_update,tc_transpose,2,random,8,32,6.228463064796483e-07,0.00091552734375,False
state_update,sm80_w1,2,integer,8,1,0.0,0.0,True
state_update,sm80_w4,2,integer,8,1,0.0,0.0,True
state_update,sm80_w8,2,integer,8,1,0.0,0.0,True
state_update,sm80_pad_w4,2,integer,8,1,0.0,0.0,True
state_update,sm80_transpose_w4,2,integer,8,1,0.0,0.0,True
state_update,tc_direct,2,integer,8,1,0.0,0.0,True
state_update,tc_transpose,2,integer,8,1,0.0,0.0,True
state_update,sm80_w1,2,integer,8,32,0.0,0.0,True
state_update,sm80_w4,2,integer,8,32,0.0,0.0,True
state_update,sm80_w8,2,integer,8,32,0.0,0.0,True
state_update,sm80_pad_w4,2,integer,8,32,0.0,0.0,True
state_update,sm80_transpose_w4,2,integer,8,32,0.0,0.0,True
state_update,tc_direct,2,integer,8,32,0.0,0.0,True
state_update,tc_transpose,2,integer,8,32,0.0,0.0,True
state_update,sm80_w1,2,zero,8,1,0.0,0.0,True
state_update,sm80_w4,2,zero,8,1,0.0,0.0,True
state_update,sm80_w8,2,zero,8,1,0.0,0.0,True
state_update,sm80_pad_w4,2,zero,8,1,0.0,0.0,True
state_update,sm80_transpose_w4,2,zero,8,1,0.0,0.0,True
state_update,tc_direct,2,zero,8,1,0.0,0.0,True
state_update,tc_transpose,2,zero,8,1,0.0,0.0,True
state_update,sm80_w1,2,zero,8,32,0.0,0.0,True
state_update,sm80_w4,2,zero,8,32,0.0,0.0,True
state_update,sm80_w8,2,zero,8,32,0.0,0.0,True
state_update,sm80_pad_w4,2,zero,8,32,0.0,0.0,True
state_update,sm80_transpose_w4,2,zero,8,32,0.0,0.0,True
state_update,tc_direct,2,zero,8,32,0.0,0.0,True
state_update,tc_transpose,2,zero,8,32,0.0,0.0,True
square,sm80_w1,2,random,8,1,3.030759617262663e-08,9.5367431640625e-07,False
square,sm80_w4,2,random,8,1,3.030759617262663e-08,9.5367431640625e-07,False
square,sm80_w8,2,random,8,1,3.030759617262663e-08,9.5367431640625e-07,False
square,sm80_pad_w4,2,random,8,1,3.030759617262663e-08,9.5367431640625e-07,False
square,sm80_transpose_w4,2,random,8,1,3.030759617262663e-08,9.5367431640625e-07,False
square,tc_direct,2,random,8,1,3.030759617262663e-08,9.5367431640625e-07,False
square,tc_transpose,2,random,8,1,3.030759617262663e-08,9.5367431640625e-07,False
square,sm80_w1,2,random,8,32,6.513979754105561e-07,0.000640869140625,False
square,sm80_w4,2,random,8,32,6.513979754105561e-07,0.000640869140625,False
square,sm80_w8,2,random,8,32,6.513979754105561e-07,0.000640869140625,False
square,sm80_pad_w4,2,random,8,32,6.513979754105561e-07,0.000640869140625,False
square,sm80_transpose_w4,2,random,8,32,6.513979754105561e-07,0.000640869140625,False
square,tc_direct,2,random,8,32,6.513979754105561e-07,0.000640869140625,False
square,tc_transpose,2,random,8,32,6.513979754105561e-07,0.000640869140625,False
square,sm80_w1,2,integer,8,1,0.0,0.0,True
square,sm80_w4,2,integer,8,1,0.0,0.0,True
square,sm80_w8,2,integer,8,1,0.0,0.0,True
square,sm80_pad_w4,2,integer,8,1,0.0,0.0,True
square,sm80_transpose_w4,2,integer,8,1,0.0,0.0,True
square,tc_direct,2,integer,8,1,0.0,0.0,True
square,tc_transpose,2,integer,8,1,0.0,0.0,True
square,sm80_w1,2,integer,8,32,0.0,0.0,True
square,sm80_w4,2,integer,8,32,0.0,0.0,True
square,sm80_w8,2,integer,8,32,0.0,0.0,True
square,sm80_pad_w4,2,integer,8,32,0.0,0.0,True
square,sm80_transpose_w4,2,integer,8,32,0.0,0.0,True
square,tc_direct,2,integer,8,32,0.0,0.0,True
square,tc_transpose,2,integer,8,32,0.0,0.0,True
square,sm80_w1,2,zero,8,1,0.0,0.0,True
square,sm80_w4,2,zero,8,1,0.0,0.0,True
square,sm80_w8,2,zero,8,1,0.0,0.0,True
square,sm80_pad_w4,2,zero,8,1,0.0,0.0,True
square,sm80_transpose_w4,2,zero,8,1,0.0,0.0,True
square,tc_direct,2,zero,8,1,0.0,0.0,True
square,tc_transpose,2,zero,8,1,0.0,0.0,True
square,sm80_w1,2,zero,8,32,0.0,0.0,True
square,sm80_w4,2,zero,8,32,0.0,0.0,True
square,sm80_w8,2,zero,8,32,0.0,0.0,True
square,sm80_pad_w4,2,zero,8,32,0.0,0.0,True
square,sm80_transpose_w4,2,zero,8,32,0.0,0.0,True
square,tc_direct,2,zero,8,32,0.0,0.0,True
square,tc_transpose,2,zero,8,32,0.0,0.0,True
